Datum,Dag,Aantal
1/01/1992,woensdag,219
2/01/1992,donderdag,331
3/01/1992,vrijdag,420
4/01/1992,zaterdag,282
5/01/1992,zondag,252
6/01/1992,maandag,400
7/01/1992,dinsdag,418
8/01/1992,woensdag,426
9/01/1992,donderdag,414
10/01/1992,vrijdag,413
11/01/1992,zaterdag,253
12/01/1992,zondag,225
13/01/1992,maandag,335
14/01/1992,dinsdag,404
15/01/1992,woensdag,390
16/01/1992,donderdag,373
17/01/1992,vrijdag,406
18/01/1992,zaterdag,238
19/01/1992,zondag,239
20/01/1992,maandag,405
21/01/1992,dinsdag,369
22/01/1992,woensdag,391
23/01/1992,donderdag,393
24/01/1992,vrijdag,376
25/01/1992,zaterdag,287
26/01/1992,zondag,255
27/01/1992,maandag,369
28/01/1992,dinsdag,412
29/01/1992,woensdag,365
30/01/1992,donderdag,352
31/01/1992,vrijdag,405
1/02/1992,zaterdag,289
2/02/1992,zondag,251
3/02/1992,maandag,357
4/02/1992,dinsdag,416
5/02/1992,woensdag,408
6/02/1992,donderdag,400
7/02/1992,vrijdag,390
8/02/1992,zaterdag,272
9/02/1992,zondag,261
10/02/1992,maandag,398
11/02/1992,dinsdag,427
12/02/1992,woensdag,394
13/02/1992,donderdag,399
14/02/1992,vrijdag,420
15/02/1992,zaterdag,271
16/02/1992,zondag,192
17/02/1992,maandag,370
18/02/1992,dinsdag,399
19/02/1992,woensdag,395
20/02/1992,donderdag,458
21/02/1992,vrijdag,432
22/02/1992,zaterdag,254
23/02/1992,zondag,210
24/02/1992,maandag,426
25/02/1992,dinsdag,461
26/02/1992,woensdag,405
27/02/1992,donderdag,439
28/02/1992,vrijdag,413
29/02/1992,zaterdag,227
1/03/1992,zondag,222
2/03/1992,maandag,367
3/03/1992,dinsdag,398
4/03/1992,woensdag,372
5/03/1992,donderdag,353
6/03/1992,vrijdag,372
7/03/1992,zaterdag,242
8/03/1992,zondag,241
9/03/1992,maandag,348
10/03/1992,dinsdag,392
11/03/1992,woensdag,390
12/03/1992,donderdag,379
13/03/1992,vrijdag,416
14/03/1992,zaterdag,268
15/03/1992,zondag,246
16/03/1992,maandag,360
17/03/1992,dinsdag,380
18/03/1992,woensdag,413
19/03/1992,donderdag,364
20/03/1992,vrijdag,385
21/03/1992,zaterdag,267
22/03/1992,zondag,250
23/03/1992,maandag,431
24/03/1992,dinsdag,412
25/03/1992,woensdag,439
26/03/1992,donderdag,400
27/03/1992,vrijdag,447
28/03/1992,zaterdag,242
29/03/1992,zondag,198
30/03/1992,maandag,411
31/03/1992,dinsdag,409
1/04/1992,woensdag,357
2/04/1992,donderdag,376
3/04/1992,vrijdag,426
4/04/1992,zaterdag,244
5/04/1992,zondag,239
6/04/1992,maandag,354
7/04/1992,dinsdag,402
8/04/1992,woensdag,374
9/04/1992,donderdag,411
10/04/1992,vrijdag,407
11/04/1992,zaterdag,256
12/04/1992,zondag,219
13/04/1992,maandag,387
14/04/1992,dinsdag,368
15/04/1992,woensdag,380
16/04/1992,donderdag,399
17/04/1992,vrijdag,393
18/04/1992,zaterdag,244
19/04/1992,zondag,236
20/04/1992,maandag,240
21/04/1992,dinsdag,390
22/04/1992,woensdag,435
23/04/1992,donderdag,397
24/04/1992,vrijdag,417
25/04/1992,zaterdag,260
26/04/1992,zondag,234
27/04/1992,maandag,389
28/04/1992,dinsdag,410
29/04/1992,woensdag,381
30/04/1992,donderdag,406
1/05/1992,vrijdag,285
2/05/1992,zaterdag,235
3/05/1992,zondag,245
4/05/1992,maandag,328
5/05/1992,dinsdag,462
6/05/1992,woensdag,414
7/05/1992,donderdag,388
8/05/1992,vrijdag,404
9/05/1992,zaterdag,252
10/05/1992,zondag,236
11/05/1992,maandag,404
12/05/1992,dinsdag,388
13/05/1992,woensdag,419
14/05/1992,donderdag,408
15/05/1992,vrijdag,401
16/05/1992,zaterdag,249
17/05/1992,zondag,228
18/05/1992,maandag,372
19/05/1992,dinsdag,389
20/05/1992,woensdag,386
21/05/1992,donderdag,365
22/05/1992,vrijdag,405
23/05/1992,zaterdag,282
24/05/1992,zondag,209
25/05/1992,maandag,442
26/05/1992,dinsdag,435
27/05/1992,woensdag,435
28/05/1992,donderdag,240
29/05/1992,vrijdag,306
30/05/1992,zaterdag,220
31/05/1992,zondag,236
1/06/1992,maandag,355
2/06/1992,dinsdag,411
3/06/1992,woensdag,365
4/06/1992,donderdag,387
5/06/1992,vrijdag,422
6/06/1992,zaterdag,260
7/06/1992,zondag,221
8/06/1992,maandag,254
9/06/1992,dinsdag,381
10/06/1992,woensdag,448
11/06/1992,donderdag,390
12/06/1992,vrijdag,400
13/06/1992,zaterdag,281
14/06/1992,zondag,261
15/06/1992,maandag,293
16/06/1992,dinsdag,357
17/06/1992,woensdag,463
18/06/1992,donderdag,420
19/06/1992,vrijdag,374
20/06/1992,zaterdag,262
21/06/1992,zondag,225
22/06/1992,maandag,394
23/06/1992,dinsdag,414
24/06/1992,woensdag,398
25/06/1992,donderdag,382
26/06/1992,vrijdag,389
27/06/1992,zaterdag,251
28/06/1992,zondag,252
29/06/1992,maandag,402
30/06/1992,dinsdag,414
1/07/1992,woensdag,493
2/07/1992,donderdag,429
3/07/1992,vrijdag,327
4/07/1992,zaterdag,244
5/07/1992,zondag,202
6/07/1992,maandag,368
7/07/1992,dinsdag,411
8/07/1992,woensdag,361
9/07/1992,donderdag,412
10/07/1992,vrijdag,393
11/07/1992,zaterdag,281
12/07/1992,zondag,244
13/07/1992,maandag,368
14/07/1992,dinsdag,408
15/07/1992,woensdag,373
16/07/1992,donderdag,419
17/07/1992,vrijdag,410
18/07/1992,zaterdag,268
19/07/1992,zondag,236
20/07/1992,maandag,393
21/07/1992,dinsdag,303
22/07/1992,woensdag,372
23/07/1992,donderdag,416
24/07/1992,vrijdag,456
25/07/1992,zaterdag,291
26/07/1992,zondag,243
27/07/1992,maandag,398
28/07/1992,dinsdag,384
29/07/1992,woensdag,402
30/07/1992,donderdag,428
31/07/1992,vrijdag,463
1/08/1992,zaterdag,284
2/08/1992,zondag,259
3/08/1992,maandag,323
4/08/1992,dinsdag,314
5/08/1992,woensdag,423
6/08/1992,donderdag,394
7/08/1992,vrijdag,431
8/08/1992,zaterdag,270
9/08/1992,zondag,224
10/08/1992,maandag,389
11/08/1992,dinsdag,367
12/08/1992,woensdag,400
13/08/1992,donderdag,386
14/08/1992,vrijdag,388
15/08/1992,zaterdag,228
16/08/1992,zondag,217
17/08/1992,maandag,362
18/08/1992,dinsdag,405
19/08/1992,woensdag,385
20/08/1992,donderdag,405
21/08/1992,vrijdag,408
22/08/1992,zaterdag,267
23/08/1992,zondag,246
24/08/1992,maandag,372
25/08/1992,dinsdag,388
26/08/1992,woensdag,406
27/08/1992,donderdag,404
28/08/1992,vrijdag,405
29/08/1992,zaterdag,252
30/08/1992,zondag,228
31/08/1992,maandag,368
1/09/1992,dinsdag,382
2/09/1992,woensdag,352
3/09/1992,donderdag,370
4/09/1992,vrijdag,370
5/09/1992,zaterdag,239
6/09/1992,zondag,215
7/09/1992,maandag,370
8/09/1992,dinsdag,399
9/09/1992,woensdag,375
10/09/1992,donderdag,384
11/09/1992,vrijdag,414
12/09/1992,zaterdag,281
13/09/1992,zondag,235
14/09/1992,maandag,408
15/09/1992,dinsdag,459
16/09/1992,woensdag,427
17/09/1992,donderdag,408
18/09/1992,vrijdag,448
19/09/1992,zaterdag,217
20/09/1992,zondag,257
21/09/1992,maandag,419
22/09/1992,dinsdag,422
23/09/1992,woensdag,383
24/09/1992,donderdag,406
25/09/1992,vrijdag,390
26/09/1992,zaterdag,243
27/09/1992,zondag,263
28/09/1992,maandag,386
29/09/1992,dinsdag,383
30/09/1992,woensdag,375
1/10/1992,donderdag,403
2/10/1992,vrijdag,411
3/10/1992,zaterdag,270
4/10/1992,zondag,230
5/10/1992,maandag,383
6/10/1992,dinsdag,360
7/10/1992,woensdag,345
8/10/1992,donderdag,355
9/10/1992,vrijdag,371
10/10/1992,zaterdag,220
11/10/1992,zondag,224
12/10/1992,maandag,353
13/10/1992,dinsdag,374
14/10/1992,woensdag,357
15/10/1992,donderdag,359
16/10/1992,vrijdag,393
17/10/1992,zaterdag,229
18/10/1992,zondag,221
19/10/1992,maandag,365
20/10/1992,dinsdag,366
21/10/1992,woensdag,341
22/10/1992,donderdag,371
23/10/1992,vrijdag,378
24/10/1992,zaterdag,233
25/10/1992,zondag,219
26/10/1992,maandag,364
27/10/1992,dinsdag,433
28/10/1992,woensdag,370
29/10/1992,donderdag,317
30/10/1992,vrijdag,390
31/10/1992,zaterdag,206
1/11/1992,zondag,184
2/11/1992,maandag,271
3/11/1992,dinsdag,362
4/11/1992,woensdag,380
5/11/1992,donderdag,382
6/11/1992,vrijdag,323
7/11/1992,zaterdag,250
8/11/1992,zondag,227
9/11/1992,maandag,356
10/11/1992,dinsdag,401
11/11/1992,woensdag,230
12/11/1992,donderdag,382
13/11/1992,vrijdag,354
14/11/1992,zaterdag,226
15/11/1992,zondag,230
16/11/1992,maandag,355
17/11/1992,dinsdag,363
18/11/1992,woensdag,364
19/11/1992,donderdag,334
20/11/1992,vrijdag,374
21/11/1992,zaterdag,204
22/11/1992,zondag,195
23/11/1992,maandag,359
24/11/1992,dinsdag,364
25/11/1992,woensdag,338
26/11/1992,donderdag,362
27/11/1992,vrijdag,383
28/11/1992,zaterdag,220
29/11/1992,zondag,212
30/11/1992,maandag,372
1/12/1992,dinsdag,347
2/12/1992,woensdag,367
3/12/1992,donderdag,342
4/12/1992,vrijdag,364
5/12/1992,zaterdag,216
6/12/1992,zondag,198
7/12/1992,maandag,345
8/12/1992,dinsdag,370
9/12/1992,woensdag,356
10/12/1992,donderdag,359
11/12/1992,vrijdag,359
12/12/1992,zaterdag,213
13/12/1992,zondag,249
14/12/1992,maandag,377
15/12/1992,dinsdag,417
16/12/1992,woensdag,385
17/12/1992,donderdag,398
18/12/1992,vrijdag,385
19/12/1992,zaterdag,200
20/12/1992,zondag,195
21/12/1992,maandag,319
22/12/1992,dinsdag,378
23/12/1992,woensdag,354
24/12/1992,donderdag,281
25/12/1992,vrijdag,190
26/12/1992,zaterdag,250
27/12/1992,zondag,203
28/12/1992,maandag,331
29/12/1992,dinsdag,375
30/12/1992,woensdag,361
31/12/1992,donderdag,306
1/01/1993,vrijdag,176
2/01/1993,zaterdag,189
3/01/1993,zondag,239
4/01/1993,maandag,386
5/01/1993,dinsdag,396
6/01/1993,woensdag,354
7/01/1993,donderdag,354
8/01/1993,vrijdag,382
9/01/1993,zaterdag,248
10/01/1993,zondag,232
11/01/1993,maandag,401
12/01/1993,dinsdag,437
13/01/1993,woensdag,350
14/01/1993,donderdag,373
15/01/1993,vrijdag,405
16/01/1993,zaterdag,277
17/01/1993,zondag,194
18/01/1993,maandag,386
19/01/1993,dinsdag,378
20/01/1993,woensdag,337
21/01/1993,donderdag,363
22/01/1993,vrijdag,396
23/01/1993,zaterdag,237
24/01/1993,zondag,216
25/01/1993,maandag,331
26/01/1993,dinsdag,365
27/01/1993,woensdag,357
28/01/1993,donderdag,400
29/01/1993,vrijdag,365
30/01/1993,zaterdag,237
31/01/1993,zondag,212
1/02/1993,maandag,357
2/02/1993,dinsdag,408
3/02/1993,woensdag,382
4/02/1993,donderdag,426
5/02/1993,vrijdag,386
6/02/1993,zaterdag,250
7/02/1993,zondag,241
8/02/1993,maandag,355
9/02/1993,dinsdag,383
10/02/1993,woensdag,375
11/02/1993,donderdag,397
12/02/1993,vrijdag,363
13/02/1993,zaterdag,227
14/02/1993,zondag,244
15/02/1993,maandag,409
16/02/1993,dinsdag,445
17/02/1993,woensdag,417
18/02/1993,donderdag,380
19/02/1993,vrijdag,378
20/02/1993,zaterdag,209
21/02/1993,zondag,229
22/02/1993,maandag,337
23/02/1993,dinsdag,343
24/02/1993,woensdag,355
25/02/1993,donderdag,362
26/02/1993,vrijdag,356
27/02/1993,zaterdag,242
28/02/1993,zondag,217
1/03/1993,maandag,365
2/03/1993,dinsdag,362
3/03/1993,woensdag,371
4/03/1993,donderdag,393
5/03/1993,vrijdag,351
6/03/1993,zaterdag,232
7/03/1993,zondag,223
8/03/1993,maandag,388
9/03/1993,dinsdag,401
10/03/1993,woensdag,361
11/03/1993,donderdag,394
12/03/1993,vrijdag,381
13/03/1993,zaterdag,218
14/03/1993,zondag,186
15/03/1993,maandag,386
16/03/1993,dinsdag,416
17/03/1993,woensdag,402
18/03/1993,donderdag,397
19/03/1993,vrijdag,400
20/03/1993,zaterdag,217
21/03/1993,zondag,239
22/03/1993,maandag,388
23/03/1993,dinsdag,393
24/03/1993,woensdag,400
25/03/1993,donderdag,361
26/03/1993,vrijdag,370
27/03/1993,zaterdag,231
28/03/1993,zondag,250
29/03/1993,maandag,388
30/03/1993,dinsdag,423
31/03/1993,woensdag,430
1/04/1993,donderdag,395
2/04/1993,vrijdag,438
3/04/1993,zaterdag,218
4/04/1993,zondag,243
5/04/1993,maandag,370
6/04/1993,dinsdag,389
7/04/1993,woensdag,406
8/04/1993,donderdag,397
9/04/1993,vrijdag,418
10/04/1993,zaterdag,238
11/04/1993,zondag,211
12/04/1993,maandag,221
13/04/1993,dinsdag,319
14/04/1993,woensdag,402
15/04/1993,donderdag,363
16/04/1993,vrijdag,401
17/04/1993,zaterdag,233
18/04/1993,zondag,228
19/04/1993,maandag,365
20/04/1993,dinsdag,395
21/04/1993,woensdag,383
22/04/1993,donderdag,349
23/04/1993,vrijdag,393
24/04/1993,zaterdag,244
25/04/1993,zondag,223
26/04/1993,maandag,400
27/04/1993,dinsdag,402
28/04/1993,woensdag,414
29/04/1993,donderdag,378
30/04/1993,vrijdag,375
1/05/1993,zaterdag,234
2/05/1993,zondag,218
3/05/1993,maandag,332
4/05/1993,dinsdag,405
5/05/1993,woensdag,378
6/05/1993,donderdag,366
7/05/1993,vrijdag,416
8/05/1993,zaterdag,214
9/05/1993,zondag,232
10/05/1993,maandag,386
11/05/1993,dinsdag,419
12/05/1993,woensdag,416
13/05/1993,donderdag,353
14/05/1993,vrijdag,421
15/05/1993,zaterdag,244
16/05/1993,zondag,212
17/05/1993,maandag,413
18/05/1993,dinsdag,423
19/05/1993,woensdag,407
20/05/1993,donderdag,221
21/05/1993,vrijdag,349
22/05/1993,zaterdag,228
23/05/1993,zondag,231
24/05/1993,maandag,391
25/05/1993,dinsdag,428
26/05/1993,woensdag,380
27/05/1993,donderdag,373
28/05/1993,vrijdag,393
29/05/1993,zaterdag,251
30/05/1993,zondag,230
31/05/1993,maandag,252
1/06/1993,dinsdag,397
2/06/1993,woensdag,424
3/06/1993,donderdag,371
4/06/1993,vrijdag,397
5/06/1993,zaterdag,243
6/06/1993,zondag,194
7/06/1993,maandag,378
8/06/1993,dinsdag,407
9/06/1993,woensdag,414
10/06/1993,donderdag,403
11/06/1993,vrijdag,408
12/06/1993,zaterdag,222
13/06/1993,zondag,213
14/06/1993,maandag,357
15/06/1993,dinsdag,372
16/06/1993,woensdag,394
17/06/1993,donderdag,337
18/06/1993,vrijdag,404
19/06/1993,zaterdag,265
20/06/1993,zondag,240
21/06/1993,maandag,356
22/06/1993,dinsdag,376
23/06/1993,woensdag,386
24/06/1993,donderdag,404
25/06/1993,vrijdag,385
26/06/1993,zaterdag,233
27/06/1993,zondag,195
28/06/1993,maandag,416
29/06/1993,dinsdag,395
30/06/1993,woensdag,435
1/07/1993,donderdag,371
2/07/1993,vrijdag,432
3/07/1993,zaterdag,248
4/07/1993,zondag,223
5/07/1993,maandag,371
6/07/1993,dinsdag,374
7/07/1993,woensdag,401
8/07/1993,donderdag,401
9/07/1993,vrijdag,407
10/07/1993,zaterdag,234
11/07/1993,zondag,207
12/07/1993,maandag,385
13/07/1993,dinsdag,398
14/07/1993,woensdag,430
15/07/1993,donderdag,399
16/07/1993,vrijdag,465
17/07/1993,zaterdag,237
18/07/1993,zondag,217
19/07/1993,maandag,375
20/07/1993,dinsdag,408
21/07/1993,woensdag,282
22/07/1993,donderdag,407
23/07/1993,vrijdag,433
24/07/1993,zaterdag,241
25/07/1993,zondag,223
26/07/1993,maandag,377
27/07/1993,dinsdag,449
28/07/1993,woensdag,409
29/07/1993,donderdag,423
30/07/1993,vrijdag,435
31/07/1993,zaterdag,231
1/08/1993,zondag,217
2/08/1993,maandag,364
3/08/1993,dinsdag,427
4/08/1993,woensdag,362
5/08/1993,donderdag,407
6/08/1993,vrijdag,368
7/08/1993,zaterdag,246
8/08/1993,zondag,212
9/08/1993,maandag,382
10/08/1993,dinsdag,385
11/08/1993,woensdag,388
12/08/1993,donderdag,391
13/08/1993,vrijdag,402
14/08/1993,zaterdag,222
15/08/1993,zondag,213
16/08/1993,maandag,362
17/08/1993,dinsdag,398
18/08/1993,woensdag,310
19/08/1993,donderdag,375
20/08/1993,vrijdag,383
21/08/1993,zaterdag,245
22/08/1993,zondag,212
23/08/1993,maandag,374
24/08/1993,dinsdag,381
25/08/1993,woensdag,369
26/08/1993,donderdag,328
27/08/1993,vrijdag,341
28/08/1993,zaterdag,196
29/08/1993,zondag,200
30/08/1993,maandag,352
31/08/1993,dinsdag,370
1/09/1993,woensdag,326
2/09/1993,donderdag,384
3/09/1993,vrijdag,391
4/09/1993,zaterdag,233
5/09/1993,zondag,219
6/09/1993,maandag,367
7/09/1993,dinsdag,390
8/09/1993,woensdag,397
9/09/1993,donderdag,386
10/09/1993,vrijdag,371
11/09/1993,zaterdag,235
12/09/1993,zondag,209
13/09/1993,maandag,388
14/09/1993,dinsdag,393
15/09/1993,woensdag,399
16/09/1993,donderdag,395
17/09/1993,vrijdag,397
18/09/1993,zaterdag,230
19/09/1993,zondag,208
20/09/1993,maandag,400
21/09/1993,dinsdag,430
22/09/1993,woensdag,382
23/09/1993,donderdag,388
24/09/1993,vrijdag,411
25/09/1993,zaterdag,231
26/09/1993,zondag,228
27/09/1993,maandag,339
28/09/1993,dinsdag,371
29/09/1993,woensdag,377
30/09/1993,donderdag,396
1/10/1993,vrijdag,430
2/10/1993,zaterdag,217
3/10/1993,zondag,232
4/10/1993,maandag,377
5/10/1993,dinsdag,361
6/10/1993,woensdag,354
7/10/1993,donderdag,384
8/10/1993,vrijdag,383
9/10/1993,zaterdag,215
10/10/1993,zondag,203
11/10/1993,maandag,366
12/10/1993,dinsdag,380
13/10/1993,woensdag,355
14/10/1993,donderdag,356
15/10/1993,vrijdag,353
16/10/1993,zaterdag,227
17/10/1993,zondag,210
18/10/1993,maandag,338
19/10/1993,dinsdag,350
20/10/1993,woensdag,352
21/10/1993,donderdag,385
22/10/1993,vrijdag,392
23/10/1993,zaterdag,236
24/10/1993,zondag,206
25/10/1993,maandag,359
26/10/1993,dinsdag,363
27/10/1993,woensdag,359
28/10/1993,donderdag,405
29/10/1993,vrijdag,404
30/10/1993,zaterdag,212
31/10/1993,zondag,201
1/11/1993,maandag,205
2/11/1993,dinsdag,288
3/11/1993,woensdag,339
4/11/1993,donderdag,343
5/11/1993,vrijdag,332
6/11/1993,zaterdag,207
7/11/1993,zondag,218
8/11/1993,maandag,371
9/11/1993,dinsdag,381
10/11/1993,woensdag,360
11/11/1993,donderdag,222
12/11/1993,vrijdag,340
13/11/1993,zaterdag,227
14/11/1993,zondag,222
15/11/1993,maandag,343
16/11/1993,dinsdag,341
17/11/1993,woensdag,349
18/11/1993,donderdag,316
19/11/1993,vrijdag,356
20/11/1993,zaterdag,203
21/11/1993,zondag,209
22/11/1993,maandag,344
23/11/1993,dinsdag,342
24/11/1993,woensdag,354
25/11/1993,donderdag,354
26/11/1993,vrijdag,332
27/11/1993,zaterdag,224
28/11/1993,zondag,218
29/11/1993,maandag,354
30/11/1993,dinsdag,336
1/12/1993,woensdag,327
2/12/1993,donderdag,336
3/12/1993,vrijdag,341
4/12/1993,zaterdag,210
5/12/1993,zondag,172
6/12/1993,maandag,334
7/12/1993,dinsdag,339
8/12/1993,woensdag,304
9/12/1993,donderdag,395
10/12/1993,vrijdag,380
11/12/1993,zaterdag,195
12/12/1993,zondag,155
13/12/1993,maandag,338
14/12/1993,dinsdag,395
15/12/1993,woensdag,371
16/12/1993,donderdag,332
17/12/1993,vrijdag,385
18/12/1993,zaterdag,205
19/12/1993,zondag,206
20/12/1993,maandag,398
21/12/1993,dinsdag,326
22/12/1993,woensdag,356
23/12/1993,donderdag,372
24/12/1993,vrijdag,265
25/12/1993,zaterdag,203
26/12/1993,zondag,187
27/12/1993,maandag,344
28/12/1993,dinsdag,333
29/12/1993,woensdag,367
30/12/1993,donderdag,353
31/12/1993,vrijdag,259
1/01/1994,zaterdag,172
2/01/1994,zondag,184
3/01/1994,maandag,306
4/01/1994,dinsdag,379
5/01/1994,woensdag,357
6/01/1994,donderdag,354
7/01/1994,vrijdag,372
8/01/1994,zaterdag,184
9/01/1994,zondag,213
10/01/1994,maandag,343
11/01/1994,dinsdag,348
12/01/1994,woensdag,377
13/01/1994,donderdag,338
14/01/1994,vrijdag,384
15/01/1994,zaterdag,212
16/01/1994,zondag,207
17/01/1994,maandag,332
18/01/1994,dinsdag,401
19/01/1994,woensdag,369
20/01/1994,donderdag,340
21/01/1994,vrijdag,319
22/01/1994,zaterdag,224
23/01/1994,zondag,219
24/01/1994,maandag,367
25/01/1994,dinsdag,345
26/01/1994,woensdag,359
27/01/1994,donderdag,371
28/01/1994,vrijdag,399
29/01/1994,zaterdag,219
30/01/1994,zondag,214
31/01/1994,maandag,313
1/02/1994,dinsdag,395
2/02/1994,woensdag,376
3/02/1994,donderdag,345
4/02/1994,vrijdag,406
5/02/1994,zaterdag,232
6/02/1994,zondag,226
7/02/1994,maandag,346
8/02/1994,dinsdag,379
9/02/1994,woensdag,370
10/02/1994,donderdag,376
11/02/1994,vrijdag,417
12/02/1994,zaterdag,226
13/02/1994,zondag,182
14/02/1994,maandag,336
15/02/1994,dinsdag,352
16/02/1994,woensdag,339
17/02/1994,donderdag,333
18/02/1994,vrijdag,353
19/02/1994,zaterdag,214
20/02/1994,zondag,209
21/02/1994,maandag,343
22/02/1994,dinsdag,395
23/02/1994,woensdag,401
24/02/1994,donderdag,357
25/02/1994,vrijdag,356
26/02/1994,zaterdag,216
27/02/1994,zondag,202
28/02/1994,maandag,342
1/03/1994,dinsdag,400
2/03/1994,woensdag,371
3/03/1994,donderdag,373
4/03/1994,vrijdag,392
5/03/1994,zaterdag,210
6/03/1994,zondag,201
7/03/1994,maandag,364
8/03/1994,dinsdag,377
9/03/1994,woensdag,345
10/03/1994,donderdag,348
11/03/1994,vrijdag,369
12/03/1994,zaterdag,211
13/03/1994,zondag,219
14/03/1994,maandag,322
15/03/1994,dinsdag,393
16/03/1994,woensdag,395
17/03/1994,donderdag,323
18/03/1994,vrijdag,351
19/03/1994,zaterdag,222
20/03/1994,zondag,228
21/03/1994,maandag,317
22/03/1994,dinsdag,382
23/03/1994,woensdag,329
24/03/1994,donderdag,355
25/03/1994,vrijdag,389
26/03/1994,zaterdag,228
27/03/1994,zondag,181
28/03/1994,maandag,379
29/03/1994,dinsdag,416
30/03/1994,woensdag,443
31/03/1994,donderdag,447
1/04/1994,vrijdag,375
2/04/1994,zaterdag,222
3/04/1994,zondag,215
4/04/1994,maandag,221
5/04/1994,dinsdag,358
6/04/1994,woensdag,407
7/04/1994,donderdag,392
8/04/1994,vrijdag,388
9/04/1994,zaterdag,226
10/04/1994,zondag,199
11/04/1994,maandag,361
12/04/1994,dinsdag,373
13/04/1994,woensdag,355
14/04/1994,donderdag,366
15/04/1994,vrijdag,370
16/04/1994,zaterdag,239
17/04/1994,zondag,204
18/04/1994,maandag,368
19/04/1994,dinsdag,366
20/04/1994,woensdag,395
21/04/1994,donderdag,397
22/04/1994,vrijdag,378
23/04/1994,zaterdag,221
24/04/1994,zondag,193
25/04/1994,maandag,333
26/04/1994,dinsdag,340
27/04/1994,woensdag,340
28/04/1994,donderdag,411
29/04/1994,vrijdag,399
30/04/1994,zaterdag,225
1/05/1994,zondag,195
2/05/1994,maandag,353
3/05/1994,dinsdag,360
4/05/1994,woensdag,366
5/05/1994,donderdag,398
6/05/1994,vrijdag,384
7/05/1994,zaterdag,223
8/05/1994,zondag,224
9/05/1994,maandag,416
10/05/1994,dinsdag,449
11/05/1994,woensdag,432
12/05/1994,donderdag,221
13/05/1994,vrijdag,361
14/05/1994,zaterdag,240
15/05/1994,zondag,223
16/05/1994,maandag,412
17/05/1994,dinsdag,434
18/05/1994,woensdag,385
19/05/1994,donderdag,392
20/05/1994,vrijdag,415
21/05/1994,zaterdag,237
22/05/1994,zondag,202
23/05/1994,maandag,235
24/05/1994,dinsdag,374
25/05/1994,woensdag,380
26/05/1994,donderdag,353
27/05/1994,vrijdag,364
28/05/1994,zaterdag,236
29/05/1994,zondag,204
30/05/1994,maandag,355
31/05/1994,dinsdag,374
1/06/1994,woensdag,373
2/06/1994,donderdag,379
3/06/1994,vrijdag,368
4/06/1994,zaterdag,241
5/06/1994,zondag,209
6/06/1994,maandag,402
7/06/1994,dinsdag,390
8/06/1994,woensdag,391
9/06/1994,donderdag,393
10/06/1994,vrijdag,359
11/06/1994,zaterdag,233
12/06/1994,zondag,222
13/06/1994,maandag,368
14/06/1994,dinsdag,404
15/06/1994,woensdag,390
16/06/1994,donderdag,396
17/06/1994,vrijdag,408
18/06/1994,zaterdag,206
19/06/1994,zondag,209
20/06/1994,maandag,399
21/06/1994,dinsdag,403
22/06/1994,woensdag,389
23/06/1994,donderdag,357
24/06/1994,vrijdag,377
25/06/1994,zaterdag,257
26/06/1994,zondag,199
27/06/1994,maandag,376
28/06/1994,dinsdag,374
29/06/1994,woensdag,397
30/06/1994,donderdag,405
1/07/1994,vrijdag,396
2/07/1994,zaterdag,283
3/07/1994,zondag,222
4/07/1994,maandag,363
5/07/1994,dinsdag,384
6/07/1994,woensdag,395
7/07/1994,donderdag,397
8/07/1994,vrijdag,383
9/07/1994,zaterdag,229
10/07/1994,zondag,190
11/07/1994,maandag,304
12/07/1994,dinsdag,415
13/07/1994,woensdag,388
14/07/1994,donderdag,371
15/07/1994,vrijdag,414
16/07/1994,zaterdag,214
17/07/1994,zondag,243
18/07/1994,maandag,364
19/07/1994,dinsdag,422
20/07/1994,woensdag,411
21/07/1994,donderdag,250
22/07/1994,vrijdag,347
23/07/1994,zaterdag,221
24/07/1994,zondag,225
25/07/1994,maandag,398
26/07/1994,dinsdag,431
27/07/1994,woensdag,388
28/07/1994,donderdag,403
29/07/1994,vrijdag,438
30/07/1994,zaterdag,240
31/07/1994,zondag,224
1/08/1994,maandag,316
2/08/1994,dinsdag,346
3/08/1994,woensdag,340
4/08/1994,donderdag,361
5/08/1994,vrijdag,373
6/08/1994,zaterdag,228
7/08/1994,zondag,216
8/08/1994,maandag,345
9/08/1994,dinsdag,367
10/08/1994,woensdag,382
11/08/1994,donderdag,370
12/08/1994,vrijdag,351
13/08/1994,zaterdag,241
14/08/1994,zondag,178
15/08/1994,maandag,201
16/08/1994,dinsdag,338
17/08/1994,woensdag,355
18/08/1994,donderdag,349
19/08/1994,vrijdag,345
20/08/1994,zaterdag,249
21/08/1994,zondag,195
22/08/1994,maandag,318
23/08/1994,dinsdag,390
24/08/1994,woensdag,324
25/08/1994,donderdag,323
26/08/1994,vrijdag,373
27/08/1994,zaterdag,209
28/08/1994,zondag,190
29/08/1994,maandag,356
30/08/1994,dinsdag,384
31/08/1994,woensdag,337
1/09/1994,donderdag,334
2/09/1994,vrijdag,372
3/09/1994,zaterdag,220
4/09/1994,zondag,220
5/09/1994,maandag,377
6/09/1994,dinsdag,341
7/09/1994,woensdag,343
8/09/1994,donderdag,373
9/09/1994,vrijdag,390
10/09/1994,zaterdag,208
11/09/1994,zondag,181
12/09/1994,maandag,360
13/09/1994,dinsdag,340
14/09/1994,woensdag,344
15/09/1994,donderdag,394
16/09/1994,vrijdag,408
17/09/1994,zaterdag,216
18/09/1994,zondag,208
19/09/1994,maandag,355
20/09/1994,dinsdag,389
21/09/1994,woensdag,360
22/09/1994,donderdag,421
23/09/1994,vrijdag,381
24/09/1994,zaterdag,225
25/09/1994,zondag,196
26/09/1994,maandag,325
27/09/1994,dinsdag,353
28/09/1994,woensdag,336
29/09/1994,donderdag,334
30/09/1994,vrijdag,379
1/10/1994,zaterdag,207
2/10/1994,zondag,198
3/10/1994,maandag,373
4/10/1994,dinsdag,372
5/10/1994,woensdag,362
6/10/1994,donderdag,351
7/10/1994,vrijdag,374
8/10/1994,zaterdag,220
9/10/1994,zondag,212
10/10/1994,maandag,325
11/10/1994,dinsdag,382
12/10/1994,woensdag,325
13/10/1994,donderdag,321
14/10/1994,vrijdag,372
15/10/1994,zaterdag,198
16/10/1994,zondag,223
17/10/1994,maandag,338
18/10/1994,dinsdag,324
19/10/1994,woensdag,352
20/10/1994,donderdag,415
21/10/1994,vrijdag,371
22/10/1994,zaterdag,223
23/10/1994,zondag,188
24/10/1994,maandag,355
25/10/1994,dinsdag,402
26/10/1994,woensdag,331
27/10/1994,donderdag,394
28/10/1994,vrijdag,401
29/10/1994,zaterdag,216
30/10/1994,zondag,178
31/10/1994,maandag,351
1/11/1994,dinsdag,189
2/11/1994,woensdag,295
3/11/1994,donderdag,353
4/11/1994,vrijdag,366
5/11/1994,zaterdag,196
6/11/1994,zondag,202
7/11/1994,maandag,319
8/11/1994,dinsdag,354
9/11/1994,woensdag,355
10/11/1994,donderdag,341
11/11/1994,vrijdag,210
12/11/1994,zaterdag,220
13/11/1994,zondag,189
14/11/1994,maandag,339
15/11/1994,dinsdag,376
16/11/1994,woensdag,311
17/11/1994,donderdag,372
18/11/1994,vrijdag,392
19/11/1994,zaterdag,206
20/11/1994,zondag,204
21/11/1994,maandag,335
22/11/1994,dinsdag,368
23/11/1994,woensdag,325
24/11/1994,donderdag,337
25/11/1994,vrijdag,297
26/11/1994,zaterdag,204
27/11/1994,zondag,178
28/11/1994,maandag,319
29/11/1994,dinsdag,325
30/11/1994,woensdag,322
1/12/1994,donderdag,333
2/12/1994,vrijdag,335
3/12/1994,zaterdag,190
4/12/1994,zondag,202
5/12/1994,maandag,324
6/12/1994,dinsdag,340
7/12/1994,woensdag,319
8/12/1994,donderdag,292
9/12/1994,vrijdag,386
10/12/1994,zaterdag,209
11/12/1994,zondag,202
12/12/1994,maandag,346
13/12/1994,dinsdag,350
14/12/1994,woensdag,356
15/12/1994,donderdag,398
16/12/1994,vrijdag,420
17/12/1994,zaterdag,181
18/12/1994,zondag,170
19/12/1994,maandag,368
20/12/1994,dinsdag,383
21/12/1994,woensdag,359
22/12/1994,donderdag,342
23/12/1994,vrijdag,323
24/12/1994,zaterdag,204
25/12/1994,zondag,175
26/12/1994,maandag,257
27/12/1994,dinsdag,382
28/12/1994,woensdag,323
29/12/1994,donderdag,357
30/12/1994,vrijdag,331
31/12/1994,zaterdag,179
1/01/1995,zondag,200
2/01/1995,maandag,277
3/01/1995,dinsdag,329
4/01/1995,woensdag,340
5/01/1995,donderdag,325
6/01/1995,vrijdag,360
7/01/1995,zaterdag,179
8/01/1995,zondag,179
9/01/1995,maandag,364
10/01/1995,dinsdag,377
11/01/1995,woensdag,369
12/01/1995,donderdag,357
13/01/1995,vrijdag,316
14/01/1995,zaterdag,194
15/01/1995,zondag,196
16/01/1995,maandag,354
17/01/1995,dinsdag,355
18/01/1995,woensdag,368
19/01/1995,donderdag,361
20/01/1995,vrijdag,368
21/01/1995,zaterdag,219
22/01/1995,zondag,198
23/01/1995,maandag,394
24/01/1995,dinsdag,353
25/01/1995,woensdag,347
26/01/1995,donderdag,401
27/01/1995,vrijdag,333
28/01/1995,zaterdag,214
29/01/1995,zondag,202
30/01/1995,maandag,347
31/01/1995,dinsdag,383
1/02/1995,woensdag,368
2/02/1995,donderdag,373
3/02/1995,vrijdag,366
4/02/1995,zaterdag,211
5/02/1995,zondag,192
6/02/1995,maandag,371
7/02/1995,dinsdag,379
8/02/1995,woensdag,316
9/02/1995,donderdag,325
10/02/1995,vrijdag,325
11/02/1995,zaterdag,249
12/02/1995,zondag,203
13/02/1995,maandag,347
14/02/1995,dinsdag,428
15/02/1995,woensdag,346
16/02/1995,donderdag,361
17/02/1995,vrijdag,377
18/02/1995,zaterdag,210
19/02/1995,zondag,216
20/02/1995,maandag,373
21/02/1995,dinsdag,348
22/02/1995,woensdag,366
23/02/1995,donderdag,347
24/02/1995,vrijdag,321
25/02/1995,zaterdag,224
26/02/1995,zondag,179
27/02/1995,maandag,335
28/02/1995,dinsdag,299
1/03/1995,woensdag,331
2/03/1995,donderdag,351
3/03/1995,vrijdag,326
4/03/1995,zaterdag,225
5/03/1995,zondag,214
6/03/1995,maandag,339
7/03/1995,dinsdag,395
8/03/1995,woensdag,373
9/03/1995,donderdag,380
10/03/1995,vrijdag,384
11/03/1995,zaterdag,221
12/03/1995,zondag,211
13/03/1995,maandag,371
14/03/1995,dinsdag,401
15/03/1995,woensdag,369
16/03/1995,donderdag,350
17/03/1995,vrijdag,382
18/03/1995,zaterdag,195
19/03/1995,zondag,228
20/03/1995,maandag,343
21/03/1995,dinsdag,354
22/03/1995,woensdag,367
23/03/1995,donderdag,373
24/03/1995,vrijdag,374
25/03/1995,zaterdag,234
26/03/1995,zondag,186
27/03/1995,maandag,348
28/03/1995,dinsdag,395
29/03/1995,woensdag,350
30/03/1995,donderdag,384
31/03/1995,vrijdag,363
1/04/1995,zaterdag,235
2/04/1995,zondag,236
3/04/1995,maandag,332
4/04/1995,dinsdag,359
5/04/1995,woensdag,341
6/04/1995,donderdag,327
7/04/1995,vrijdag,383
8/04/1995,zaterdag,216
9/04/1995,zondag,176
10/04/1995,maandag,337
11/04/1995,dinsdag,373
12/04/1995,woensdag,339
13/04/1995,donderdag,328
14/04/1995,vrijdag,396
15/04/1995,zaterdag,193
16/04/1995,zondag,209
17/04/1995,maandag,227
18/04/1995,dinsdag,312
19/04/1995,woensdag,390
20/04/1995,donderdag,357
21/04/1995,vrijdag,358
22/04/1995,zaterdag,212
23/04/1995,zondag,189
24/04/1995,maandag,371
25/04/1995,dinsdag,374
26/04/1995,woensdag,362
27/04/1995,donderdag,325
28/04/1995,vrijdag,391
29/04/1995,zaterdag,176
30/04/1995,zondag,197
1/05/1995,maandag,224
2/05/1995,dinsdag,354
3/05/1995,woensdag,383
4/05/1995,donderdag,381
5/05/1995,vrijdag,412
6/05/1995,zaterdag,218
7/05/1995,zondag,212
8/05/1995,maandag,356
9/05/1995,dinsdag,330
10/05/1995,woensdag,350
11/05/1995,donderdag,345
12/05/1995,vrijdag,363
13/05/1995,zaterdag,211
14/05/1995,zondag,214
15/05/1995,maandag,346
16/05/1995,dinsdag,371
17/05/1995,woensdag,351
18/05/1995,donderdag,384
19/05/1995,vrijdag,375
20/05/1995,zaterdag,219
21/05/1995,zondag,202
22/05/1995,maandag,390
23/05/1995,dinsdag,418
24/05/1995,woensdag,345
25/05/1995,donderdag,238
26/05/1995,vrijdag,354
27/05/1995,zaterdag,219
28/05/1995,zondag,209
29/05/1995,maandag,402
30/05/1995,dinsdag,394
31/05/1995,woensdag,383
1/06/1995,donderdag,415
2/06/1995,vrijdag,418
3/06/1995,zaterdag,206
4/06/1995,zondag,228
5/06/1995,maandag,230
6/06/1995,dinsdag,421
7/06/1995,woensdag,408
8/06/1995,donderdag,373
9/06/1995,vrijdag,377
10/06/1995,zaterdag,232
11/06/1995,zondag,213
12/06/1995,maandag,377
13/06/1995,dinsdag,352
14/06/1995,woensdag,392
15/06/1995,donderdag,384
16/06/1995,vrijdag,382
17/06/1995,zaterdag,245
18/06/1995,zondag,212
19/06/1995,maandag,366
20/06/1995,dinsdag,364
21/06/1995,woensdag,389
22/06/1995,donderdag,357
23/06/1995,vrijdag,399
24/06/1995,zaterdag,227
25/06/1995,zondag,216
26/06/1995,maandag,409
27/06/1995,dinsdag,400
28/06/1995,woensdag,398
29/06/1995,donderdag,414
30/06/1995,vrijdag,405
1/07/1995,zaterdag,234
2/07/1995,zondag,224
3/07/1995,maandag,406
4/07/1995,dinsdag,355
5/07/1995,woensdag,353
6/07/1995,donderdag,378
7/07/1995,vrijdag,424
8/07/1995,zaterdag,245
9/07/1995,zondag,251
10/07/1995,maandag,386
11/07/1995,dinsdag,379
12/07/1995,woensdag,418
13/07/1995,donderdag,378
14/07/1995,vrijdag,423
15/07/1995,zaterdag,205
16/07/1995,zondag,202
17/07/1995,maandag,321
18/07/1995,dinsdag,425
19/07/1995,woensdag,393
20/07/1995,donderdag,392
21/07/1995,vrijdag,259
22/07/1995,zaterdag,257
23/07/1995,zondag,185
24/07/1995,maandag,347
25/07/1995,dinsdag,368
26/07/1995,woensdag,339
27/07/1995,donderdag,384
28/07/1995,vrijdag,384
29/07/1995,zaterdag,220
30/07/1995,zondag,188
31/07/1995,maandag,386
1/08/1995,dinsdag,425
2/08/1995,woensdag,392
3/08/1995,donderdag,383
4/08/1995,vrijdag,338
5/08/1995,zaterdag,188
6/08/1995,zondag,233
7/08/1995,maandag,366
8/08/1995,dinsdag,390
9/08/1995,woensdag,400
10/08/1995,donderdag,374
11/08/1995,vrijdag,429
12/08/1995,zaterdag,231
13/08/1995,zondag,210
14/08/1995,maandag,356
15/08/1995,dinsdag,212
16/08/1995,woensdag,350
17/08/1995,donderdag,369
18/08/1995,vrijdag,347
19/08/1995,zaterdag,248
20/08/1995,zondag,208
21/08/1995,maandag,356
22/08/1995,dinsdag,369
23/08/1995,woensdag,367
24/08/1995,donderdag,371
25/08/1995,vrijdag,366
26/08/1995,zaterdag,181
27/08/1995,zondag,192
28/08/1995,maandag,382
29/08/1995,dinsdag,382
30/08/1995,woensdag,353
31/08/1995,donderdag,331
1/09/1995,vrijdag,343
2/09/1995,zaterdag,199
3/09/1995,zondag,178
4/09/1995,maandag,354
5/09/1995,dinsdag,366
6/09/1995,woensdag,357
7/09/1995,donderdag,366
8/09/1995,vrijdag,391
9/09/1995,zaterdag,205
10/09/1995,zondag,199
11/09/1995,maandag,345
12/09/1995,dinsdag,394
13/09/1995,woensdag,375
14/09/1995,donderdag,342
15/09/1995,vrijdag,424
16/09/1995,zaterdag,236
17/09/1995,zondag,185
18/09/1995,maandag,364
19/09/1995,dinsdag,378
20/09/1995,woensdag,373
21/09/1995,donderdag,412
22/09/1995,vrijdag,380
23/09/1995,zaterdag,237
24/09/1995,zondag,209
25/09/1995,maandag,354
26/09/1995,dinsdag,410
27/09/1995,woensdag,377
28/09/1995,donderdag,441
29/09/1995,vrijdag,392
30/09/1995,zaterdag,240
1/10/1995,zondag,211
2/10/1995,maandag,386
3/10/1995,dinsdag,374
4/10/1995,woensdag,371
5/10/1995,donderdag,380
6/10/1995,vrijdag,366
7/10/1995,zaterdag,212
8/10/1995,zondag,188
9/10/1995,maandag,321
10/10/1995,dinsdag,354
11/10/1995,woensdag,363
12/10/1995,donderdag,345
13/10/1995,vrijdag,327
14/10/1995,zaterdag,212
15/10/1995,zondag,192
16/10/1995,maandag,327
17/10/1995,dinsdag,342
18/10/1995,woensdag,371
19/10/1995,donderdag,363
20/10/1995,vrijdag,336
21/10/1995,zaterdag,190
22/10/1995,zondag,182
23/10/1995,maandag,352
24/10/1995,dinsdag,381
25/10/1995,woensdag,370
26/10/1995,donderdag,365
27/10/1995,vrijdag,403
28/10/1995,zaterdag,242
29/10/1995,zondag,164
30/10/1995,maandag,339
31/10/1995,dinsdag,348
1/11/1995,woensdag,214
2/11/1995,donderdag,291
3/11/1995,vrijdag,345
4/11/1995,zaterdag,209
5/11/1995,zondag,196
6/11/1995,maandag,333
7/11/1995,dinsdag,371
8/11/1995,woensdag,315
9/11/1995,donderdag,375
10/11/1995,vrijdag,385
11/11/1995,zaterdag,204
12/11/1995,zondag,185
13/11/1995,maandag,345
14/11/1995,dinsdag,391
15/11/1995,woensdag,383
16/11/1995,donderdag,324
17/11/1995,vrijdag,338
18/11/1995,zaterdag,198
19/11/1995,zondag,179
20/11/1995,maandag,353
21/11/1995,dinsdag,349
22/11/1995,woensdag,356
23/11/1995,donderdag,314
24/11/1995,vrijdag,305
25/11/1995,zaterdag,204
26/11/1995,zondag,191
27/11/1995,maandag,315
28/11/1995,dinsdag,340
29/11/1995,woensdag,312
30/11/1995,donderdag,314
1/12/1995,vrijdag,354
2/12/1995,zaterdag,196
3/12/1995,zondag,161
4/12/1995,maandag,320
5/12/1995,dinsdag,338
6/12/1995,woensdag,309
7/12/1995,donderdag,337
8/12/1995,vrijdag,301
9/12/1995,zaterdag,208
10/12/1995,zondag,199
11/12/1995,maandag,336
12/12/1995,dinsdag,348
13/12/1995,woensdag,327
14/12/1995,donderdag,332
15/12/1995,vrijdag,384
16/12/1995,zaterdag,203
17/12/1995,zondag,192
18/12/1995,maandag,391
19/12/1995,dinsdag,412
20/12/1995,woensdag,328
21/12/1995,donderdag,324
22/12/1995,vrijdag,361
23/12/1995,zaterdag,212
24/12/1995,zondag,189
25/12/1995,maandag,190
26/12/1995,dinsdag,318
27/12/1995,woensdag,363
28/12/1995,donderdag,326
29/12/1995,vrijdag,386
30/12/1995,zaterdag,231
31/12/1995,zondag,192
1/01/1996,maandag,184
2/01/1996,dinsdag,309
3/01/1996,woensdag,378
4/01/1996,donderdag,341
5/01/1996,vrijdag,383
6/01/1996,zaterdag,249
7/01/1996,zondag,209
8/01/1996,maandag,343
9/01/1996,dinsdag,361
10/01/1996,woensdag,342
11/01/1996,donderdag,340
12/01/1996,vrijdag,402
13/01/1996,zaterdag,219
14/01/1996,zondag,205
15/01/1996,maandag,358
16/01/1996,dinsdag,356
17/01/1996,woensdag,333
18/01/1996,donderdag,344
19/01/1996,vrijdag,347
20/01/1996,zaterdag,183
21/01/1996,zondag,187
22/01/1996,maandag,336
23/01/1996,dinsdag,339
24/01/1996,woensdag,340
25/01/1996,donderdag,335
26/01/1996,vrijdag,362
27/01/1996,zaterdag,228
28/01/1996,zondag,223
29/01/1996,maandag,342
30/01/1996,dinsdag,376
31/01/1996,woensdag,315
1/02/1996,donderdag,366
2/02/1996,vrijdag,375
3/02/1996,zaterdag,213
4/02/1996,zondag,221
5/02/1996,maandag,327
6/02/1996,dinsdag,355
7/02/1996,woensdag,352
8/02/1996,donderdag,338
9/02/1996,vrijdag,355
10/02/1996,zaterdag,235
11/02/1996,zondag,227
12/02/1996,maandag,352
13/02/1996,dinsdag,436
14/02/1996,woensdag,397
15/02/1996,donderdag,368
16/02/1996,vrijdag,392
17/02/1996,zaterdag,199
18/02/1996,zondag,214
19/02/1996,maandag,326
20/02/1996,dinsdag,347
21/02/1996,woensdag,335
22/02/1996,donderdag,344
23/02/1996,vrijdag,389
24/02/1996,zaterdag,221
25/02/1996,zondag,173
26/02/1996,maandag,355
27/02/1996,dinsdag,403
28/02/1996,woensdag,327
29/02/1996,donderdag,315
1/03/1996,vrijdag,389
2/03/1996,zaterdag,240
3/03/1996,zondag,201
4/03/1996,maandag,389
5/03/1996,dinsdag,411
6/03/1996,woensdag,358
7/03/1996,donderdag,351
8/03/1996,vrijdag,388
9/03/1996,zaterdag,233
10/03/1996,zondag,219
11/03/1996,maandag,354
12/03/1996,dinsdag,413
13/03/1996,woensdag,362
14/03/1996,donderdag,384
15/03/1996,vrijdag,395
16/03/1996,zaterdag,217
17/03/1996,zondag,190
18/03/1996,maandag,298
19/03/1996,dinsdag,334
20/03/1996,woensdag,316
21/03/1996,donderdag,373
22/03/1996,vrijdag,370
23/03/1996,zaterdag,203
24/03/1996,zondag,217
25/03/1996,maandag,342
26/03/1996,dinsdag,404
27/03/1996,woensdag,392
28/03/1996,donderdag,366
29/03/1996,vrijdag,374
30/03/1996,zaterdag,246
31/03/1996,zondag,177
1/04/1996,maandag,309
2/04/1996,dinsdag,413
3/04/1996,woensdag,333
4/04/1996,donderdag,392
5/04/1996,vrijdag,422
6/04/1996,zaterdag,229
7/04/1996,zondag,196
8/04/1996,maandag,234
9/04/1996,dinsdag,357
10/04/1996,woensdag,353
11/04/1996,donderdag,395
12/04/1996,vrijdag,327
13/04/1996,zaterdag,220
14/04/1996,zondag,185
15/04/1996,maandag,311
16/04/1996,dinsdag,345
17/04/1996,woensdag,327
18/04/1996,donderdag,369
19/04/1996,vrijdag,374
20/04/1996,zaterdag,251
21/04/1996,zondag,201
22/04/1996,maandag,344
23/04/1996,dinsdag,401
24/04/1996,woensdag,354
25/04/1996,donderdag,370
26/04/1996,vrijdag,345
27/04/1996,zaterdag,171
28/04/1996,zondag,211
29/04/1996,maandag,378
30/04/1996,dinsdag,375
1/05/1996,woensdag,249
2/05/1996,donderdag,344
3/05/1996,vrijdag,407
4/05/1996,zaterdag,222
5/05/1996,zondag,220
6/05/1996,maandag,361
7/05/1996,dinsdag,396
8/05/1996,woensdag,387
9/05/1996,donderdag,412
10/05/1996,vrijdag,358
11/05/1996,zaterdag,210
12/05/1996,zondag,224
13/05/1996,maandag,382
14/05/1996,dinsdag,434
15/05/1996,woensdag,384
16/05/1996,donderdag,201
17/05/1996,vrijdag,349
18/05/1996,zaterdag,219
19/05/1996,zondag,204
20/05/1996,maandag,345
21/05/1996,dinsdag,374
22/05/1996,woensdag,384
23/05/1996,donderdag,407
24/05/1996,vrijdag,380
25/05/1996,zaterdag,209
26/05/1996,zondag,213
27/05/1996,maandag,223
28/05/1996,dinsdag,383
29/05/1996,woensdag,390
30/05/1996,donderdag,357
31/05/1996,vrijdag,384
1/06/1996,zaterdag,210
2/06/1996,zondag,207
3/06/1996,maandag,360
4/06/1996,dinsdag,374
5/06/1996,woensdag,355
6/06/1996,donderdag,394
7/06/1996,vrijdag,382
8/06/1996,zaterdag,225
9/06/1996,zondag,197
10/06/1996,maandag,353
11/06/1996,dinsdag,405
12/06/1996,woensdag,365
13/06/1996,donderdag,300
14/06/1996,vrijdag,347
15/06/1996,zaterdag,214
16/06/1996,zondag,213
17/06/1996,maandag,343
18/06/1996,dinsdag,351
19/06/1996,woensdag,379
20/06/1996,donderdag,369
21/06/1996,vrijdag,353
22/06/1996,zaterdag,241
23/06/1996,zondag,197
24/06/1996,maandag,372
25/06/1996,dinsdag,424
26/06/1996,woensdag,400
27/06/1996,donderdag,386
28/06/1996,vrijdag,383
29/06/1996,zaterdag,237
30/06/1996,zondag,221
1/07/1996,maandag,328
2/07/1996,dinsdag,344
3/07/1996,woensdag,364
4/07/1996,donderdag,389
5/07/1996,vrijdag,414
6/07/1996,zaterdag,229
7/07/1996,zondag,210
8/07/1996,maandag,353
9/07/1996,dinsdag,368
10/07/1996,woensdag,383
11/07/1996,donderdag,338
12/07/1996,vrijdag,375
13/07/1996,zaterdag,205
14/07/1996,zondag,221
15/07/1996,maandag,383
16/07/1996,dinsdag,410
17/07/1996,woensdag,377
18/07/1996,donderdag,371
19/07/1996,vrijdag,377
20/07/1996,zaterdag,212
21/07/1996,zondag,191
22/07/1996,maandag,351
23/07/1996,dinsdag,380
24/07/1996,woensdag,333
25/07/1996,donderdag,388
26/07/1996,vrijdag,383
27/07/1996,zaterdag,208
28/07/1996,zondag,216
29/07/1996,maandag,366
30/07/1996,dinsdag,366
31/07/1996,woensdag,378
1/08/1996,donderdag,387
2/08/1996,vrijdag,381
3/08/1996,zaterdag,235
4/08/1996,zondag,194
5/08/1996,maandag,319
6/08/1996,dinsdag,372
7/08/1996,woensdag,348
8/08/1996,donderdag,382
9/08/1996,vrijdag,395
10/08/1996,zaterdag,232
11/08/1996,zondag,220
12/08/1996,maandag,430
13/08/1996,dinsdag,398
14/08/1996,woensdag,404
15/08/1996,donderdag,224
16/08/1996,vrijdag,316
17/08/1996,zaterdag,212
18/08/1996,zondag,217
19/08/1996,maandag,372
20/08/1996,dinsdag,372
21/08/1996,woensdag,349
22/08/1996,donderdag,364
23/08/1996,vrijdag,382
24/08/1996,zaterdag,236
25/08/1996,zondag,213
26/08/1996,maandag,330
27/08/1996,dinsdag,355
28/08/1996,woensdag,345
29/08/1996,donderdag,346
30/08/1996,vrijdag,331
31/08/1996,zaterdag,222
1/09/1996,zondag,210
2/09/1996,maandag,338
3/09/1996,dinsdag,376
4/09/1996,woensdag,388
5/09/1996,donderdag,323
6/09/1996,vrijdag,413
7/09/1996,zaterdag,208
8/09/1996,zondag,218
9/09/1996,maandag,358
10/09/1996,dinsdag,356
11/09/1996,woensdag,395
12/09/1996,donderdag,362
13/09/1996,vrijdag,374
14/09/1996,zaterdag,222
15/09/1996,zondag,215
16/09/1996,maandag,352
17/09/1996,dinsdag,420
18/09/1996,woensdag,387
19/09/1996,donderdag,377
20/09/1996,vrijdag,426
21/09/1996,zaterdag,222
22/09/1996,zondag,221
23/09/1996,maandag,369
24/09/1996,dinsdag,404
25/09/1996,woensdag,379
26/09/1996,donderdag,355
27/09/1996,vrijdag,362
28/09/1996,zaterdag,210
29/09/1996,zondag,224
30/09/1996,maandag,340
1/10/1996,dinsdag,371
2/10/1996,woensdag,368
3/10/1996,donderdag,358
4/10/1996,vrijdag,381
5/10/1996,zaterdag,219
6/10/1996,zondag,189
7/10/1996,maandag,355
8/10/1996,dinsdag,380
9/10/1996,woensdag,377
10/10/1996,donderdag,330
11/10/1996,vrijdag,378
12/10/1996,zaterdag,213
13/10/1996,zondag,206
14/10/1996,maandag,353
15/10/1996,dinsdag,372
16/10/1996,woensdag,349
17/10/1996,donderdag,325
18/10/1996,vrijdag,383
19/10/1996,zaterdag,207
20/10/1996,zondag,206
21/10/1996,maandag,344
22/10/1996,dinsdag,345
23/10/1996,woensdag,395
24/10/1996,donderdag,379
25/10/1996,vrijdag,359
26/10/1996,zaterdag,176
27/10/1996,zondag,186
28/10/1996,maandag,330
29/10/1996,dinsdag,370
30/10/1996,woensdag,352
31/10/1996,donderdag,367
1/11/1996,vrijdag,206
2/11/1996,zaterdag,203
3/11/1996,zondag,190
4/11/1996,maandag,331
5/11/1996,dinsdag,353
6/11/1996,woensdag,361
7/11/1996,donderdag,373
8/11/1996,vrijdag,397
9/11/1996,zaterdag,195
10/11/1996,zondag,211
11/11/1996,maandag,196
12/11/1996,dinsdag,372
13/11/1996,woensdag,381
14/11/1996,donderdag,341
15/11/1996,vrijdag,385
16/11/1996,zaterdag,219
17/11/1996,zondag,212
18/11/1996,maandag,356
19/11/1996,dinsdag,407
20/11/1996,woensdag,346
21/11/1996,donderdag,343
22/11/1996,vrijdag,344
23/11/1996,zaterdag,189
24/11/1996,zondag,175
25/11/1996,maandag,341
26/11/1996,dinsdag,385
27/11/1996,woensdag,364
28/11/1996,donderdag,353
29/11/1996,vrijdag,364
30/11/1996,zaterdag,184
1/12/1996,zondag,192
2/12/1996,maandag,318
3/12/1996,dinsdag,393
4/12/1996,woensdag,345
5/12/1996,donderdag,356
6/12/1996,vrijdag,360
7/12/1996,zaterdag,208
8/12/1996,zondag,160
9/12/1996,maandag,342
10/12/1996,dinsdag,360
11/12/1996,woensdag,367
12/12/1996,donderdag,347
13/12/1996,vrijdag,358
14/12/1996,zaterdag,216
15/12/1996,zondag,191
16/12/1996,maandag,365
17/12/1996,dinsdag,370
18/12/1996,woensdag,427
19/12/1996,donderdag,411
20/12/1996,vrijdag,384
21/12/1996,zaterdag,184
22/12/1996,zondag,180
23/12/1996,maandag,357
24/12/1996,dinsdag,328
25/12/1996,woensdag,196
26/12/1996,donderdag,299
27/12/1996,vrijdag,431
28/12/1996,zaterdag,216
29/12/1996,zondag,207
30/12/1996,maandag,407
31/12/1996,dinsdag,296
1/01/1997,woensdag,209
2/01/1997,donderdag,305
3/01/1997,vrijdag,360
4/01/1997,zaterdag,222
5/01/1997,zondag,200
6/01/1997,maandag,322
7/01/1997,dinsdag,371
8/01/1997,woensdag,351
9/01/1997,donderdag,346
10/01/1997,vrijdag,387
11/01/1997,zaterdag,218
12/01/1997,zondag,201
13/01/1997,maandag,336
14/01/1997,dinsdag,384
15/01/1997,woensdag,360
16/01/1997,donderdag,365
17/01/1997,vrijdag,368
18/01/1997,zaterdag,203
19/01/1997,zondag,207
20/01/1997,maandag,398
21/01/1997,dinsdag,377
22/01/1997,woensdag,313
23/01/1997,donderdag,381
24/01/1997,vrijdag,398
25/01/1997,zaterdag,207
26/01/1997,zondag,209
27/01/1997,maandag,362
28/01/1997,dinsdag,359
29/01/1997,woensdag,375
30/01/1997,donderdag,369
31/01/1997,vrijdag,397
1/02/1997,zaterdag,235
2/02/1997,zondag,211
3/02/1997,maandag,395
4/02/1997,dinsdag,384
5/02/1997,woensdag,404
6/02/1997,donderdag,420
7/02/1997,vrijdag,363
8/02/1997,zaterdag,222
9/02/1997,zondag,206
10/02/1997,maandag,339
11/02/1997,dinsdag,323
12/02/1997,woensdag,321
13/02/1997,donderdag,337
14/02/1997,vrijdag,355
15/02/1997,zaterdag,218
16/02/1997,zondag,213
17/02/1997,maandag,348
18/02/1997,dinsdag,387
19/02/1997,woensdag,375
20/02/1997,donderdag,369
21/02/1997,vrijdag,367
22/02/1997,zaterdag,203
23/02/1997,zondag,221
24/02/1997,maandag,382
25/02/1997,dinsdag,417
26/02/1997,woensdag,369
27/02/1997,donderdag,364
28/02/1997,vrijdag,364
1/03/1997,zaterdag,205
2/03/1997,zondag,227
3/03/1997,maandag,368
4/03/1997,dinsdag,394
5/03/1997,woensdag,341
6/03/1997,donderdag,400
7/03/1997,vrijdag,346
8/03/1997,zaterdag,198
9/03/1997,zondag,181
10/03/1997,maandag,320
11/03/1997,dinsdag,389
12/03/1997,woensdag,368
13/03/1997,donderdag,342
14/03/1997,vrijdag,388
15/03/1997,zaterdag,204
16/03/1997,zondag,182
17/03/1997,maandag,375
18/03/1997,dinsdag,410
19/03/1997,woensdag,327
20/03/1997,donderdag,363
21/03/1997,vrijdag,357
22/03/1997,zaterdag,199
23/03/1997,zondag,184
24/03/1997,maandag,365
25/03/1997,dinsdag,406
26/03/1997,woensdag,403
27/03/1997,donderdag,437
28/03/1997,vrijdag,409
29/03/1997,zaterdag,196
30/03/1997,zondag,155
31/03/1997,maandag,232
1/04/1997,dinsdag,316
2/04/1997,woensdag,384
3/04/1997,donderdag,393
4/04/1997,vrijdag,416
5/04/1997,zaterdag,227
6/04/1997,zondag,194
7/04/1997,maandag,338
8/04/1997,dinsdag,407
9/04/1997,woensdag,351
10/04/1997,donderdag,359
11/04/1997,vrijdag,356
12/04/1997,zaterdag,197
13/04/1997,zondag,229
14/04/1997,maandag,378
15/04/1997,dinsdag,429
16/04/1997,woensdag,378
17/04/1997,donderdag,377
18/04/1997,vrijdag,372
19/04/1997,zaterdag,233
20/04/1997,zondag,181
21/04/1997,maandag,374
22/04/1997,dinsdag,406
23/04/1997,woensdag,410
24/04/1997,donderdag,431
25/04/1997,vrijdag,296
26/04/1997,zaterdag,205
27/04/1997,zondag,197
28/04/1997,maandag,378
29/04/1997,dinsdag,437
30/04/1997,woensdag,425
1/05/1997,donderdag,226
2/05/1997,vrijdag,357
3/05/1997,zaterdag,231
4/05/1997,zondag,221
5/05/1997,maandag,447
6/05/1997,dinsdag,439
7/05/1997,woensdag,418
8/05/1997,donderdag,233
9/05/1997,vrijdag,352
10/05/1997,zaterdag,232
11/05/1997,zondag,209
12/05/1997,maandag,353
13/05/1997,dinsdag,411
14/05/1997,woensdag,427
15/05/1997,donderdag,378
16/05/1997,vrijdag,428
17/05/1997,zaterdag,217
18/05/1997,zondag,215
19/05/1997,maandag,228
20/05/1997,dinsdag,408
21/05/1997,woensdag,418
22/05/1997,donderdag,419
23/05/1997,vrijdag,258
24/05/1997,zaterdag,203
25/05/1997,zondag,208
26/05/1997,maandag,267
27/05/1997,dinsdag,405
28/05/1997,woensdag,406
29/05/1997,donderdag,414
30/05/1997,vrijdag,398
31/05/1997,zaterdag,181
1/06/1997,zondag,199
2/06/1997,maandag,354
3/06/1997,dinsdag,376
4/06/1997,woensdag,395
5/06/1997,donderdag,364
6/06/1997,vrijdag,418
7/06/1997,zaterdag,217
8/06/1997,zondag,196
9/06/1997,maandag,351
10/06/1997,dinsdag,388
11/06/1997,woensdag,400
12/06/1997,donderdag,406
13/06/1997,vrijdag,373
14/06/1997,zaterdag,228
15/06/1997,zondag,173
16/06/1997,maandag,342
17/06/1997,dinsdag,419
18/06/1997,woensdag,431
19/06/1997,donderdag,339
20/06/1997,vrijdag,312
21/06/1997,zaterdag,213
22/06/1997,zondag,188
23/06/1997,maandag,348
24/06/1997,dinsdag,417
25/06/1997,woensdag,390
26/06/1997,donderdag,431
27/06/1997,vrijdag,413
28/06/1997,zaterdag,204
29/06/1997,zondag,193
30/06/1997,maandag,373
1/07/1997,dinsdag,372
2/07/1997,woensdag,394
3/07/1997,donderdag,349
4/07/1997,vrijdag,428
5/07/1997,zaterdag,216
6/07/1997,zondag,220
7/07/1997,maandag,349
8/07/1997,dinsdag,414
9/07/1997,woensdag,376
10/07/1997,donderdag,432
11/07/1997,vrijdag,340
12/07/1997,zaterdag,240
13/07/1997,zondag,193
14/07/1997,maandag,375
15/07/1997,dinsdag,414
16/07/1997,woensdag,419
17/07/1997,donderdag,417
18/07/1997,vrijdag,403
19/07/1997,zaterdag,182
20/07/1997,zondag,200
21/07/1997,maandag,206
22/07/1997,dinsdag,384
23/07/1997,woensdag,424
24/07/1997,donderdag,382
25/07/1997,vrijdag,440
26/07/1997,zaterdag,221
27/07/1997,zondag,228
28/07/1997,maandag,339
29/07/1997,dinsdag,403
30/07/1997,woensdag,377
31/07/1997,donderdag,372
1/08/1997,vrijdag,390
2/08/1997,zaterdag,229
3/08/1997,zondag,218
4/08/1997,maandag,347
5/08/1997,dinsdag,354
6/08/1997,woensdag,380
7/08/1997,donderdag,387
8/08/1997,vrijdag,391
9/08/1997,zaterdag,229
10/08/1997,zondag,213
11/08/1997,maandag,382
12/08/1997,dinsdag,450
13/08/1997,woensdag,403
14/08/1997,donderdag,423
15/08/1997,vrijdag,193
16/08/1997,zaterdag,177
17/08/1997,zondag,201
18/08/1997,maandag,339
19/08/1997,dinsdag,392
20/08/1997,woensdag,359
21/08/1997,donderdag,363
22/08/1997,vrijdag,375
23/08/1997,zaterdag,203
24/08/1997,zondag,193
25/08/1997,maandag,349
26/08/1997,dinsdag,389
27/08/1997,woensdag,345
28/08/1997,donderdag,344
29/08/1997,vrijdag,334
30/08/1997,zaterdag,185
31/08/1997,zondag,199
1/09/1997,maandag,285
2/09/1997,dinsdag,375
3/09/1997,woensdag,341
4/09/1997,donderdag,362
5/09/1997,vrijdag,367
6/09/1997,zaterdag,191
7/09/1997,zondag,185
8/09/1997,maandag,358
9/09/1997,dinsdag,439
10/09/1997,woensdag,313
11/09/1997,donderdag,343
12/09/1997,vrijdag,358
13/09/1997,zaterdag,211
14/09/1997,zondag,194
15/09/1997,maandag,398
16/09/1997,dinsdag,414
17/09/1997,woensdag,338
18/09/1997,donderdag,370
19/09/1997,vrijdag,378
20/09/1997,zaterdag,180
21/09/1997,zondag,189
22/09/1997,maandag,373
23/09/1997,dinsdag,381
24/09/1997,woensdag,366
25/09/1997,donderdag,368
26/09/1997,vrijdag,343
27/09/1997,zaterdag,205
28/09/1997,zondag,188
29/09/1997,maandag,315
30/09/1997,dinsdag,364
1/10/1997,woensdag,373
2/10/1997,donderdag,338
3/10/1997,vrijdag,339
4/10/1997,zaterdag,206
5/10/1997,zondag,201
6/10/1997,maandag,345
7/10/1997,dinsdag,383
8/10/1997,woensdag,351
9/10/1997,donderdag,368
10/10/1997,vrijdag,346
11/10/1997,zaterdag,190
12/10/1997,zondag,199
13/10/1997,maandag,310
14/10/1997,dinsdag,402
15/10/1997,woensdag,352
16/10/1997,donderdag,361
17/10/1997,vrijdag,367
18/10/1997,zaterdag,188
19/10/1997,zondag,198
20/10/1997,maandag,369
21/10/1997,dinsdag,392
22/10/1997,woensdag,373
23/10/1997,donderdag,355
24/10/1997,vrijdag,371
25/10/1997,zaterdag,178
26/10/1997,zondag,191
27/10/1997,maandag,318
28/10/1997,dinsdag,367
29/10/1997,woensdag,336
30/10/1997,donderdag,357
31/10/1997,vrijdag,324
1/11/1997,zaterdag,181
2/11/1997,zondag,203
3/11/1997,maandag,320
4/11/1997,dinsdag,380
5/11/1997,woensdag,369
6/11/1997,donderdag,376
7/11/1997,vrijdag,379
8/11/1997,zaterdag,202
9/11/1997,zondag,192
10/11/1997,maandag,324
11/11/1997,dinsdag,208
12/11/1997,woensdag,324
13/11/1997,donderdag,365
14/11/1997,vrijdag,352
15/11/1997,zaterdag,184
16/11/1997,zondag,184
17/11/1997,maandag,343
18/11/1997,dinsdag,361
19/11/1997,woensdag,311
20/11/1997,donderdag,347
21/11/1997,vrijdag,287
22/11/1997,zaterdag,166
23/11/1997,zondag,167
24/11/1997,maandag,328
25/11/1997,dinsdag,375
26/11/1997,woensdag,317
27/11/1997,donderdag,324
28/11/1997,vrijdag,315
29/11/1997,zaterdag,202
30/11/1997,zondag,150
1/12/1997,maandag,336
2/12/1997,dinsdag,360
3/12/1997,woensdag,320
4/12/1997,donderdag,332
5/12/1997,vrijdag,354
6/12/1997,zaterdag,193
7/12/1997,zondag,207
8/12/1997,maandag,335
9/12/1997,dinsdag,352
10/12/1997,woensdag,341
11/12/1997,donderdag,352
12/12/1997,vrijdag,358
13/12/1997,zaterdag,187
14/12/1997,zondag,200
15/12/1997,maandag,368
16/12/1997,dinsdag,385
17/12/1997,woensdag,379
18/12/1997,donderdag,424
19/12/1997,vrijdag,416
20/12/1997,zaterdag,184
21/12/1997,zondag,157
22/12/1997,maandag,341
23/12/1997,dinsdag,419
24/12/1997,woensdag,277
25/12/1997,donderdag,172
26/12/1997,vrijdag,337
27/12/1997,zaterdag,251
28/12/1997,zondag,189
29/12/1997,maandag,359
30/12/1997,dinsdag,373
31/12/1997,woensdag,271
1/01/1998,donderdag,175
2/01/1998,vrijdag,286
3/01/1998,zaterdag,200
4/01/1998,zondag,212
5/01/1998,maandag,370
6/01/1998,dinsdag,409
7/01/1998,woensdag,341
8/01/1998,donderdag,378
9/01/1998,vrijdag,359
10/01/1998,zaterdag,213
11/01/1998,zondag,187
12/01/1998,maandag,340
13/01/1998,dinsdag,360
14/01/1998,woensdag,364
15/01/1998,donderdag,377
16/01/1998,vrijdag,354
17/01/1998,zaterdag,207
18/01/1998,zondag,192
19/01/1998,maandag,330
20/01/1998,dinsdag,420
21/01/1998,woensdag,373
22/01/1998,donderdag,325
23/01/1998,vrijdag,353
24/01/1998,zaterdag,222
25/01/1998,zondag,189
26/01/1998,maandag,347
27/01/1998,dinsdag,397
28/01/1998,woensdag,349
29/01/1998,donderdag,370
30/01/1998,vrijdag,397
31/01/1998,zaterdag,208
1/02/1998,zondag,185
2/02/1998,maandag,356
3/02/1998,dinsdag,368
4/02/1998,woensdag,364
5/02/1998,donderdag,379
6/02/1998,vrijdag,385
7/02/1998,zaterdag,185
8/02/1998,zondag,194
9/02/1998,maandag,324
10/02/1998,dinsdag,395
11/02/1998,woensdag,322
12/02/1998,donderdag,354
13/02/1998,vrijdag,345
14/02/1998,zaterdag,219
15/02/1998,zondag,205
16/02/1998,maandag,389
17/02/1998,dinsdag,421
18/02/1998,woensdag,358
19/02/1998,donderdag,376
20/02/1998,vrijdag,429
21/02/1998,zaterdag,201
22/02/1998,zondag,203
23/02/1998,maandag,286
24/02/1998,dinsdag,334
25/02/1998,woensdag,322
26/02/1998,donderdag,302
27/02/1998,vrijdag,307
28/02/1998,zaterdag,195
1/03/1998,zondag,192
2/03/1998,maandag,380
3/03/1998,dinsdag,352
4/03/1998,woensdag,333
5/03/1998,donderdag,391
6/03/1998,vrijdag,369
7/03/1998,zaterdag,223
8/03/1998,zondag,197
9/03/1998,maandag,340
10/03/1998,dinsdag,381
11/03/1998,woensdag,357
12/03/1998,donderdag,372
13/03/1998,vrijdag,335
14/03/1998,zaterdag,201
15/03/1998,zondag,194
16/03/1998,maandag,359
17/03/1998,dinsdag,380
18/03/1998,woensdag,360
19/03/1998,donderdag,343
20/03/1998,vrijdag,342
21/03/1998,zaterdag,197
22/03/1998,zondag,219
23/03/1998,maandag,342
24/03/1998,dinsdag,409
25/03/1998,woensdag,355
26/03/1998,donderdag,360
27/03/1998,vrijdag,342
28/03/1998,zaterdag,238
29/03/1998,zondag,215
30/03/1998,maandag,372
31/03/1998,dinsdag,419
1/04/1998,woensdag,314
2/04/1998,donderdag,403
3/04/1998,vrijdag,392
4/04/1998,zaterdag,216
5/04/1998,zondag,177
6/04/1998,maandag,354
7/04/1998,dinsdag,366
8/04/1998,woensdag,348
9/04/1998,donderdag,384
10/04/1998,vrijdag,374
11/04/1998,zaterdag,207
12/04/1998,zondag,212
13/04/1998,maandag,225
14/04/1998,dinsdag,365
15/04/1998,woensdag,355
16/04/1998,donderdag,367
17/04/1998,vrijdag,379
18/04/1998,zaterdag,221
19/04/1998,zondag,196
20/04/1998,maandag,374
21/04/1998,dinsdag,367
22/04/1998,woensdag,389
23/04/1998,donderdag,384
24/04/1998,vrijdag,336
25/04/1998,zaterdag,259
26/04/1998,zondag,178
27/04/1998,maandag,351
28/04/1998,dinsdag,405
29/04/1998,woensdag,410
30/04/1998,donderdag,359
1/05/1998,vrijdag,234
2/05/1998,zaterdag,207
3/05/1998,zondag,202
4/05/1998,maandag,330
5/05/1998,dinsdag,401
6/05/1998,woensdag,378
7/05/1998,donderdag,364
8/05/1998,vrijdag,354
9/05/1998,zaterdag,214
10/05/1998,zondag,202
11/05/1998,maandag,362
12/05/1998,dinsdag,396
13/05/1998,woensdag,369
14/05/1998,donderdag,375
15/05/1998,vrijdag,356
16/05/1998,zaterdag,164
17/05/1998,zondag,182
18/05/1998,maandag,361
19/05/1998,dinsdag,419
20/05/1998,woensdag,387
21/05/1998,donderdag,185
22/05/1998,vrijdag,304
23/05/1998,zaterdag,214
24/05/1998,zondag,190
25/05/1998,maandag,366
26/05/1998,dinsdag,397
27/05/1998,woensdag,346
28/05/1998,donderdag,338
29/05/1998,vrijdag,342
30/05/1998,zaterdag,178
31/05/1998,zondag,189
1/06/1998,maandag,203
2/06/1998,dinsdag,358
3/06/1998,woensdag,395
4/06/1998,donderdag,373
5/06/1998,vrijdag,338
6/06/1998,zaterdag,201
7/06/1998,zondag,199
8/06/1998,maandag,348
9/06/1998,dinsdag,388
10/06/1998,woensdag,352
11/06/1998,donderdag,336
12/06/1998,vrijdag,349
13/06/1998,zaterdag,200
14/06/1998,zondag,195
15/06/1998,maandag,357
16/06/1998,dinsdag,377
17/06/1998,woensdag,356
18/06/1998,donderdag,374
19/06/1998,vrijdag,395
20/06/1998,zaterdag,243
21/06/1998,zondag,207
22/06/1998,maandag,335
23/06/1998,dinsdag,388
24/06/1998,woensdag,367
25/06/1998,donderdag,382
26/06/1998,vrijdag,420
27/06/1998,zaterdag,195
28/06/1998,zondag,217
29/06/1998,maandag,362
30/06/1998,dinsdag,368
1/07/1998,woensdag,381
2/07/1998,donderdag,381
3/07/1998,vrijdag,360
4/07/1998,zaterdag,225
5/07/1998,zondag,218
6/07/1998,maandag,335
7/07/1998,dinsdag,379
8/07/1998,woensdag,387
9/07/1998,donderdag,359
10/07/1998,vrijdag,395
11/07/1998,zaterdag,220
12/07/1998,zondag,216
13/07/1998,maandag,347
14/07/1998,dinsdag,403
15/07/1998,woensdag,391
16/07/1998,donderdag,378
17/07/1998,vrijdag,414
18/07/1998,zaterdag,203
19/07/1998,zondag,212
20/07/1998,maandag,367
21/07/1998,dinsdag,266
22/07/1998,woensdag,353
23/07/1998,donderdag,410
24/07/1998,vrijdag,417
25/07/1998,zaterdag,192
26/07/1998,zondag,206
27/07/1998,maandag,389
28/07/1998,dinsdag,399
29/07/1998,woensdag,361
30/07/1998,donderdag,384
31/07/1998,vrijdag,392
1/08/1998,zaterdag,221
2/08/1998,zondag,214
3/08/1998,maandag,318
4/08/1998,dinsdag,432
5/08/1998,woensdag,357
6/08/1998,donderdag,381
7/08/1998,vrijdag,409
8/08/1998,zaterdag,241
9/08/1998,zondag,218
10/08/1998,maandag,351
11/08/1998,dinsdag,463
12/08/1998,woensdag,367
13/08/1998,donderdag,389
14/08/1998,vrijdag,370
15/08/1998,zaterdag,226
16/08/1998,zondag,207
17/08/1998,maandag,305
18/08/1998,dinsdag,385
19/08/1998,woensdag,382
20/08/1998,donderdag,346
21/08/1998,vrijdag,378
22/08/1998,zaterdag,241
23/08/1998,zondag,200
24/08/1998,maandag,357
25/08/1998,dinsdag,378
26/08/1998,woensdag,398
27/08/1998,donderdag,346
28/08/1998,vrijdag,372
29/08/1998,zaterdag,199
30/08/1998,zondag,190
31/08/1998,maandag,334
1/09/1998,dinsdag,378
2/09/1998,woensdag,374
3/09/1998,donderdag,369
4/09/1998,vrijdag,348
5/09/1998,zaterdag,210
6/09/1998,zondag,201
7/09/1998,maandag,327
8/09/1998,dinsdag,414
9/09/1998,woensdag,401
10/09/1998,donderdag,440
11/09/1998,vrijdag,360
12/09/1998,zaterdag,221
13/09/1998,zondag,211
14/09/1998,maandag,377
15/09/1998,dinsdag,442
16/09/1998,woensdag,391
17/09/1998,donderdag,350
18/09/1998,vrijdag,362
19/09/1998,zaterdag,224
20/09/1998,zondag,195
21/09/1998,maandag,355
22/09/1998,dinsdag,408
23/09/1998,woensdag,385
24/09/1998,donderdag,359
25/09/1998,vrijdag,349
26/09/1998,zaterdag,184
27/09/1998,zondag,200
28/09/1998,maandag,364
29/09/1998,dinsdag,417
30/09/1998,woensdag,333
1/10/1998,donderdag,343
2/10/1998,vrijdag,357
3/10/1998,zaterdag,193
4/10/1998,zondag,201
5/10/1998,maandag,343
6/10/1998,dinsdag,367
7/10/1998,woensdag,341
8/10/1998,donderdag,332
9/10/1998,vrijdag,309
10/10/1998,zaterdag,182
11/10/1998,zondag,217
12/10/1998,maandag,376
13/10/1998,dinsdag,380
14/10/1998,woensdag,362
15/10/1998,donderdag,382
16/10/1998,vrijdag,346
17/10/1998,zaterdag,189
18/10/1998,zondag,179
19/10/1998,maandag,353
20/10/1998,dinsdag,365
21/10/1998,woensdag,343
22/10/1998,donderdag,322
23/10/1998,vrijdag,374
24/10/1998,zaterdag,164
25/10/1998,zondag,163
26/10/1998,maandag,362
27/10/1998,dinsdag,382
28/10/1998,woensdag,377
29/10/1998,donderdag,355
30/10/1998,vrijdag,352
31/10/1998,zaterdag,202
1/11/1998,zondag,181
2/11/1998,maandag,297
3/11/1998,dinsdag,340
4/11/1998,woensdag,325
5/11/1998,donderdag,339
6/11/1998,vrijdag,331
7/11/1998,zaterdag,190
8/11/1998,zondag,178
9/11/1998,maandag,365
10/11/1998,dinsdag,404
11/11/1998,woensdag,241
12/11/1998,donderdag,361
13/11/1998,vrijdag,361
14/11/1998,zaterdag,171
15/11/1998,zondag,189
16/11/1998,maandag,348
17/11/1998,dinsdag,359
18/11/1998,woensdag,368
19/11/1998,donderdag,361
20/11/1998,vrijdag,353
21/11/1998,zaterdag,206
22/11/1998,zondag,177
23/11/1998,maandag,349
24/11/1998,dinsdag,341
25/11/1998,woensdag,320
26/11/1998,donderdag,343
27/11/1998,vrijdag,329
28/11/1998,zaterdag,183
29/11/1998,zondag,161
30/11/1998,maandag,358
1/12/1998,dinsdag,330
2/12/1998,woensdag,349
3/12/1998,donderdag,372
4/12/1998,vrijdag,334
5/12/1998,zaterdag,184
6/12/1998,zondag,175
7/12/1998,maandag,327
8/12/1998,dinsdag,338
9/12/1998,woensdag,333
10/12/1998,donderdag,308
11/12/1998,vrijdag,340
12/12/1998,zaterdag,214
13/12/1998,zondag,171
14/12/1998,maandag,355
15/12/1998,dinsdag,403
16/12/1998,woensdag,371
17/12/1998,donderdag,328
18/12/1998,vrijdag,370
19/12/1998,zaterdag,217
20/12/1998,zondag,166
21/12/1998,maandag,341
22/12/1998,dinsdag,403
23/12/1998,woensdag,332
24/12/1998,donderdag,261
25/12/1998,vrijdag,158
26/12/1998,zaterdag,210
27/12/1998,zondag,201
28/12/1998,maandag,315
29/12/1998,dinsdag,391
30/12/1998,woensdag,365
31/12/1998,donderdag,266
1/01/1999,vrijdag,221
2/01/1999,zaterdag,207
3/01/1999,zondag,220
4/01/1999,maandag,366
5/01/1999,dinsdag,391
6/01/1999,woensdag,392
7/01/1999,donderdag,358
8/01/1999,vrijdag,359
9/01/1999,zaterdag,178
10/01/1999,zondag,185
11/01/1999,maandag,354
12/01/1999,dinsdag,342
13/01/1999,woensdag,321
14/01/1999,donderdag,349
15/01/1999,vrijdag,339
16/01/1999,zaterdag,224
17/01/1999,zondag,219
18/01/1999,maandag,340
19/01/1999,dinsdag,360
20/01/1999,woensdag,322
21/01/1999,donderdag,355
22/01/1999,vrijdag,370
23/01/1999,zaterdag,183
24/01/1999,zondag,197
25/01/1999,maandag,311
26/01/1999,dinsdag,379
27/01/1999,woensdag,354
28/01/1999,donderdag,372
29/01/1999,vrijdag,372
30/01/1999,zaterdag,184
31/01/1999,zondag,171
1/02/1999,maandag,384
2/02/1999,dinsdag,350
3/02/1999,woensdag,345
4/02/1999,donderdag,345
5/02/1999,vrijdag,373
6/02/1999,zaterdag,203
7/02/1999,zondag,212
8/02/1999,maandag,368
9/02/1999,dinsdag,417
10/02/1999,woensdag,407
11/02/1999,donderdag,387
12/02/1999,vrijdag,379
13/02/1999,zaterdag,207
14/02/1999,zondag,181
15/02/1999,maandag,334
16/02/1999,dinsdag,361
17/02/1999,woensdag,296
18/02/1999,donderdag,337
19/02/1999,vrijdag,357
20/02/1999,zaterdag,187
21/02/1999,zondag,195
22/02/1999,maandag,342
23/02/1999,dinsdag,377
24/02/1999,woensdag,368
25/02/1999,donderdag,370
26/02/1999,vrijdag,386
27/02/1999,zaterdag,192
28/02/1999,zondag,202
1/03/1999,maandag,351
2/03/1999,dinsdag,364
3/03/1999,woensdag,361
4/03/1999,donderdag,351
5/03/1999,vrijdag,347
6/03/1999,zaterdag,208
7/03/1999,zondag,208
8/03/1999,maandag,366
9/03/1999,dinsdag,367
10/03/1999,woensdag,326
11/03/1999,donderdag,385
12/03/1999,vrijdag,362
13/03/1999,zaterdag,203
14/03/1999,zondag,175
15/03/1999,maandag,348
16/03/1999,dinsdag,353
17/03/1999,woensdag,318
18/03/1999,donderdag,336
19/03/1999,vrijdag,422
20/03/1999,zaterdag,201
21/03/1999,zondag,205
22/03/1999,maandag,355
23/03/1999,dinsdag,415
24/03/1999,woensdag,373
25/03/1999,donderdag,362
26/03/1999,vrijdag,358
27/03/1999,zaterdag,193
28/03/1999,zondag,194
29/03/1999,maandag,380
30/03/1999,dinsdag,427
31/03/1999,woensdag,414
1/04/1999,donderdag,355
2/04/1999,vrijdag,425
3/04/1999,zaterdag,205
4/04/1999,zondag,168
5/04/1999,maandag,197
6/04/1999,dinsdag,355
7/04/1999,woensdag,366
8/04/1999,donderdag,432
9/04/1999,vrijdag,353
10/04/1999,zaterdag,201
11/04/1999,zondag,210
12/04/1999,maandag,343
13/04/1999,dinsdag,328
14/04/1999,woensdag,372
15/04/1999,donderdag,370
16/04/1999,vrijdag,364
17/04/1999,zaterdag,211
18/04/1999,zondag,189
19/04/1999,maandag,351
20/04/1999,dinsdag,409
21/04/1999,woensdag,385
22/04/1999,donderdag,380
23/04/1999,vrijdag,368
24/04/1999,zaterdag,206
25/04/1999,zondag,211
26/04/1999,maandag,371
27/04/1999,dinsdag,408
28/04/1999,woensdag,378
29/04/1999,donderdag,337
30/04/1999,vrijdag,372
1/05/1999,zaterdag,208
2/05/1999,zondag,185
3/05/1999,maandag,364
4/05/1999,dinsdag,421
5/05/1999,woensdag,383
6/05/1999,donderdag,324
7/05/1999,vrijdag,347
8/05/1999,zaterdag,196
9/05/1999,zondag,198
10/05/1999,maandag,427
11/05/1999,dinsdag,408
12/05/1999,woensdag,408
13/05/1999,donderdag,211
14/05/1999,vrijdag,338
15/05/1999,zaterdag,202
16/05/1999,zondag,216
17/05/1999,maandag,367
18/05/1999,dinsdag,391
19/05/1999,woensdag,380
20/05/1999,donderdag,341
21/05/1999,vrijdag,382
22/05/1999,zaterdag,176
23/05/1999,zondag,174
24/05/1999,maandag,205
25/05/1999,dinsdag,405
26/05/1999,woensdag,389
27/05/1999,donderdag,377
28/05/1999,vrijdag,365
29/05/1999,zaterdag,194
30/05/1999,zondag,200
31/05/1999,maandag,331
1/06/1999,dinsdag,372
2/06/1999,woensdag,331
3/06/1999,donderdag,369
4/06/1999,vrijdag,363
5/06/1999,zaterdag,184
6/06/1999,zondag,205
7/06/1999,maandag,372
8/06/1999,dinsdag,384
9/06/1999,woensdag,335
10/06/1999,donderdag,371
11/06/1999,vrijdag,351
12/06/1999,zaterdag,210
13/06/1999,zondag,198
14/06/1999,maandag,352
15/06/1999,dinsdag,413
16/06/1999,woensdag,354
17/06/1999,donderdag,372
18/06/1999,vrijdag,400
19/06/1999,zaterdag,185
20/06/1999,zondag,174
21/06/1999,maandag,348
22/06/1999,dinsdag,404
23/06/1999,woensdag,349
24/06/1999,donderdag,367
25/06/1999,vrijdag,406
26/06/1999,zaterdag,192
27/06/1999,zondag,196
28/06/1999,maandag,381
29/06/1999,dinsdag,401
30/06/1999,woensdag,387
1/07/1999,donderdag,404
2/07/1999,vrijdag,389
3/07/1999,zaterdag,198
4/07/1999,zondag,197
5/07/1999,maandag,342
6/07/1999,dinsdag,397
7/07/1999,woensdag,401
8/07/1999,donderdag,397
9/07/1999,vrijdag,387
10/07/1999,zaterdag,212
11/07/1999,zondag,191
12/07/1999,maandag,365
13/07/1999,dinsdag,376
14/07/1999,woensdag,394
15/07/1999,donderdag,388
16/07/1999,vrijdag,367
17/07/1999,zaterdag,218
18/07/1999,zondag,192
19/07/1999,maandag,384
20/07/1999,dinsdag,392
21/07/1999,woensdag,243
22/07/1999,donderdag,336
23/07/1999,vrijdag,379
24/07/1999,zaterdag,216
25/07/1999,zondag,195
26/07/1999,maandag,367
27/07/1999,dinsdag,380
28/07/1999,woensdag,392
29/07/1999,donderdag,384
30/07/1999,vrijdag,369
31/07/1999,zaterdag,210
1/08/1999,zondag,170
2/08/1999,maandag,340
3/08/1999,dinsdag,363
4/08/1999,woensdag,374
5/08/1999,donderdag,373
6/08/1999,vrijdag,348
7/08/1999,zaterdag,199
8/08/1999,zondag,187
9/08/1999,maandag,313
10/08/1999,dinsdag,386
11/08/1999,woensdag,352
12/08/1999,donderdag,324
13/08/1999,vrijdag,317
14/08/1999,zaterdag,178
15/08/1999,zondag,195
16/08/1999,maandag,309
17/08/1999,dinsdag,376
18/08/1999,woensdag,337
19/08/1999,donderdag,386
20/08/1999,vrijdag,347
21/08/1999,zaterdag,204
22/08/1999,zondag,175
23/08/1999,maandag,343
24/08/1999,dinsdag,380
25/08/1999,woensdag,378
26/08/1999,donderdag,372
27/08/1999,vrijdag,385
28/08/1999,zaterdag,219
29/08/1999,zondag,217
30/08/1999,maandag,321
31/08/1999,dinsdag,365
1/09/1999,woensdag,357
2/09/1999,donderdag,348
3/09/1999,vrijdag,386
4/09/1999,zaterdag,202
5/09/1999,zondag,214
6/09/1999,maandag,371
7/09/1999,dinsdag,372
8/09/1999,woensdag,356
9/09/1999,donderdag,423
10/09/1999,vrijdag,386
11/09/1999,zaterdag,215
12/09/1999,zondag,212
13/09/1999,maandag,362
14/09/1999,dinsdag,430
15/09/1999,woensdag,393
16/09/1999,donderdag,328
17/09/1999,vrijdag,390
18/09/1999,zaterdag,197
19/09/1999,zondag,204
20/09/1999,maandag,400
21/09/1999,dinsdag,387
22/09/1999,woensdag,360
23/09/1999,donderdag,371
24/09/1999,vrijdag,366
25/09/1999,zaterdag,204
26/09/1999,zondag,203
27/09/1999,maandag,336
28/09/1999,dinsdag,375
29/09/1999,woensdag,333
30/09/1999,donderdag,327
1/10/1999,vrijdag,404
2/10/1999,zaterdag,169
3/10/1999,zondag,170
4/10/1999,maandag,335
5/10/1999,dinsdag,348
6/10/1999,woensdag,386
7/10/1999,donderdag,334
8/10/1999,vrijdag,350
9/10/1999,zaterdag,190
10/10/1999,zondag,177
11/10/1999,maandag,348
12/10/1999,dinsdag,390
13/10/1999,woensdag,327
14/10/1999,donderdag,317
15/10/1999,vrijdag,335
16/10/1999,zaterdag,185
17/10/1999,zondag,167
18/10/1999,maandag,332
19/10/1999,dinsdag,379
20/10/1999,woensdag,363
21/10/1999,donderdag,367
22/10/1999,vrijdag,351
23/10/1999,zaterdag,201
24/10/1999,zondag,204
25/10/1999,maandag,360
26/10/1999,dinsdag,378
27/10/1999,woensdag,380
28/10/1999,donderdag,331
29/10/1999,vrijdag,384
30/10/1999,zaterdag,167
31/10/1999,zondag,177
1/11/1999,maandag,180
2/11/1999,dinsdag,299
3/11/1999,woensdag,357
4/11/1999,donderdag,335
5/11/1999,vrijdag,325
6/11/1999,zaterdag,212
7/11/1999,zondag,182
8/11/1999,maandag,345
9/11/1999,dinsdag,370
10/11/1999,woensdag,357
11/11/1999,donderdag,205
12/11/1999,vrijdag,309
13/11/1999,zaterdag,203
14/11/1999,zondag,173
15/11/1999,maandag,381
16/11/1999,dinsdag,374
17/11/1999,woensdag,320
18/11/1999,donderdag,302
19/11/1999,vrijdag,365
20/11/1999,zaterdag,181
21/11/1999,zondag,185
22/11/1999,maandag,306
23/11/1999,dinsdag,373
24/11/1999,woensdag,348
25/11/1999,donderdag,342
26/11/1999,vrijdag,376
27/11/1999,zaterdag,185
28/11/1999,zondag,161
29/11/1999,maandag,343
30/11/1999,dinsdag,360
1/12/1999,woensdag,331
2/12/1999,donderdag,342
3/12/1999,vrijdag,328
4/12/1999,zaterdag,194
5/12/1999,zondag,179
6/12/1999,maandag,321
7/12/1999,dinsdag,344
8/12/1999,woensdag,333
9/12/1999,donderdag,331
10/12/1999,vrijdag,370
11/12/1999,zaterdag,181
12/12/1999,zondag,201
13/12/1999,maandag,324
14/12/1999,dinsdag,349
15/12/1999,woensdag,350
16/12/1999,donderdag,346
17/12/1999,vrijdag,400
18/12/1999,zaterdag,176
19/12/1999,zondag,193
20/12/1999,maandag,346
21/12/1999,dinsdag,370
22/12/1999,woensdag,362
23/12/1999,donderdag,352
24/12/1999,vrijdag,260
25/12/1999,zaterdag,191
26/12/1999,zondag,216
27/12/1999,maandag,350
28/12/1999,dinsdag,345
29/12/1999,woensdag,312
30/12/1999,donderdag,298
31/12/1999,vrijdag,208
1/01/2000,zaterdag,225
2/01/2000,zondag,221
3/01/2000,maandag,338
4/01/2000,dinsdag,393
5/01/2000,woensdag,383
6/01/2000,donderdag,394
7/01/2000,vrijdag,375
8/01/2000,zaterdag,214
9/01/2000,zondag,216
10/01/2000,maandag,380
11/01/2000,dinsdag,400
12/01/2000,woensdag,351
13/01/2000,donderdag,351
14/01/2000,vrijdag,343
15/01/2000,zaterdag,231
16/01/2000,zondag,189
17/01/2000,maandag,356
18/01/2000,dinsdag,379
19/01/2000,woensdag,341
20/01/2000,donderdag,357
21/01/2000,vrijdag,402
22/01/2000,zaterdag,203
23/01/2000,zondag,183
24/01/2000,maandag,342
25/01/2000,dinsdag,371
26/01/2000,woensdag,373
27/01/2000,donderdag,337
28/01/2000,vrijdag,335
29/01/2000,zaterdag,219
30/01/2000,zondag,211
31/01/2000,maandag,355
1/02/2000,dinsdag,391
2/02/2000,woensdag,354
3/02/2000,donderdag,349
4/02/2000,vrijdag,366
5/02/2000,zaterdag,190
6/02/2000,zondag,190
7/02/2000,maandag,380
8/02/2000,dinsdag,386
9/02/2000,woensdag,389
10/02/2000,donderdag,383
11/02/2000,vrijdag,326
12/02/2000,zaterdag,215
13/02/2000,zondag,221
14/02/2000,maandag,376
15/02/2000,dinsdag,389
16/02/2000,woensdag,356
17/02/2000,donderdag,337
18/02/2000,vrijdag,390
19/02/2000,zaterdag,174
20/02/2000,zondag,197
21/02/2000,maandag,354
22/02/2000,dinsdag,393
23/02/2000,woensdag,323
24/02/2000,donderdag,372
25/02/2000,vrijdag,372
26/02/2000,zaterdag,199
27/02/2000,zondag,166
28/02/2000,maandag,401
29/02/2000,dinsdag,340
1/03/2000,woensdag,435
2/03/2000,donderdag,388
3/03/2000,vrijdag,373
4/03/2000,zaterdag,206
5/03/2000,zondag,184
6/03/2000,maandag,331
7/03/2000,dinsdag,355
8/03/2000,woensdag,313
9/03/2000,donderdag,317
10/03/2000,vrijdag,318
11/03/2000,zaterdag,195
12/03/2000,zondag,196
13/03/2000,maandag,335
14/03/2000,dinsdag,408
15/03/2000,woensdag,350
16/03/2000,donderdag,343
17/03/2000,vrijdag,381
18/03/2000,zaterdag,190
19/03/2000,zondag,198
20/03/2000,maandag,342
21/03/2000,dinsdag,358
22/03/2000,woensdag,385
23/03/2000,donderdag,395
24/03/2000,vrijdag,334
25/03/2000,zaterdag,186
26/03/2000,zondag,166
27/03/2000,maandag,382
28/03/2000,dinsdag,380
29/03/2000,woensdag,378
30/03/2000,donderdag,399
31/03/2000,vrijdag,371
1/04/2000,zaterdag,192
2/04/2000,zondag,169
3/04/2000,maandag,369
4/04/2000,dinsdag,411
5/04/2000,woensdag,348
6/04/2000,donderdag,376
7/04/2000,vrijdag,362
8/04/2000,zaterdag,211
9/04/2000,zondag,195
10/04/2000,maandag,369
11/04/2000,dinsdag,397
12/04/2000,woensdag,348
13/04/2000,donderdag,336
14/04/2000,vrijdag,399
15/04/2000,zaterdag,200
16/04/2000,zondag,165
17/04/2000,maandag,334
18/04/2000,dinsdag,382
19/04/2000,woensdag,336
20/04/2000,donderdag,371
21/04/2000,vrijdag,385
22/04/2000,zaterdag,224
23/04/2000,zondag,188
24/04/2000,maandag,214
25/04/2000,dinsdag,402
26/04/2000,woensdag,354
27/04/2000,donderdag,404
28/04/2000,vrijdag,368
29/04/2000,zaterdag,229
30/04/2000,zondag,197
1/05/2000,maandag,236
2/05/2000,dinsdag,388
3/05/2000,woensdag,392
4/05/2000,donderdag,400
5/05/2000,vrijdag,390
6/05/2000,zaterdag,218
7/05/2000,zondag,185
8/05/2000,maandag,354
9/05/2000,dinsdag,410
10/05/2000,woensdag,379
11/05/2000,donderdag,352
12/05/2000,vrijdag,387
13/05/2000,zaterdag,229
14/05/2000,zondag,226
15/05/2000,maandag,369
16/05/2000,dinsdag,403
17/05/2000,woensdag,332
18/05/2000,donderdag,361
19/05/2000,vrijdag,363
20/05/2000,zaterdag,210
21/05/2000,zondag,186
22/05/2000,maandag,368
23/05/2000,dinsdag,391
24/05/2000,woensdag,353
25/05/2000,donderdag,337
26/05/2000,vrijdag,342
27/05/2000,zaterdag,220
28/05/2000,zondag,203
29/05/2000,maandag,343
30/05/2000,dinsdag,443
31/05/2000,woensdag,361
1/06/2000,donderdag,225
2/06/2000,vrijdag,346
3/06/2000,zaterdag,229
4/06/2000,zondag,197
5/06/2000,maandag,345
6/06/2000,dinsdag,397
7/06/2000,woensdag,387
8/06/2000,donderdag,370
9/06/2000,vrijdag,373
10/06/2000,zaterdag,190
11/06/2000,zondag,194
12/06/2000,maandag,228
13/06/2000,dinsdag,372
14/06/2000,woensdag,353
15/06/2000,donderdag,405
16/06/2000,vrijdag,382
17/06/2000,zaterdag,198
18/06/2000,zondag,184
19/06/2000,maandag,387
20/06/2000,dinsdag,391
21/06/2000,woensdag,334
22/06/2000,donderdag,350
23/06/2000,vrijdag,359
24/06/2000,zaterdag,190
25/06/2000,zondag,192
26/06/2000,maandag,353
27/06/2000,dinsdag,392
28/06/2000,woensdag,354
29/06/2000,donderdag,359
30/06/2000,vrijdag,366
1/07/2000,zaterdag,196
2/07/2000,zondag,229
3/07/2000,maandag,345
4/07/2000,dinsdag,360
5/07/2000,woensdag,367
6/07/2000,donderdag,389
7/07/2000,vrijdag,412
8/07/2000,zaterdag,233
9/07/2000,zondag,222
10/07/2000,maandag,336
11/07/2000,dinsdag,397
12/07/2000,woensdag,347
13/07/2000,donderdag,374
14/07/2000,vrijdag,386
15/07/2000,zaterdag,195
16/07/2000,zondag,223
17/07/2000,maandag,379
18/07/2000,dinsdag,380
19/07/2000,woensdag,381
20/07/2000,donderdag,370
21/07/2000,vrijdag,238
22/07/2000,zaterdag,208
23/07/2000,zondag,210
24/07/2000,maandag,391
25/07/2000,dinsdag,421
26/07/2000,woensdag,371
27/07/2000,donderdag,367
28/07/2000,vrijdag,387
29/07/2000,zaterdag,232
30/07/2000,zondag,222
31/07/2000,maandag,344
1/08/2000,dinsdag,367
2/08/2000,woensdag,348
3/08/2000,donderdag,393
4/08/2000,vrijdag,406
5/08/2000,zaterdag,198
6/08/2000,zondag,203
7/08/2000,maandag,380
8/08/2000,dinsdag,425
9/08/2000,woensdag,367
10/08/2000,donderdag,405
11/08/2000,vrijdag,416
12/08/2000,zaterdag,215
13/08/2000,zondag,197
14/08/2000,maandag,329
15/08/2000,dinsdag,222
16/08/2000,woensdag,366
17/08/2000,donderdag,399
18/08/2000,vrijdag,426
19/08/2000,zaterdag,208
20/08/2000,zondag,178
21/08/2000,maandag,380
22/08/2000,dinsdag,363
23/08/2000,woensdag,364
24/08/2000,donderdag,341
25/08/2000,vrijdag,380
26/08/2000,zaterdag,204
27/08/2000,zondag,211
28/08/2000,maandag,375
29/08/2000,dinsdag,338
30/08/2000,woensdag,360
31/08/2000,donderdag,373
1/09/2000,vrijdag,357
2/09/2000,zaterdag,190
3/09/2000,zondag,198
4/09/2000,maandag,313
5/09/2000,dinsdag,396
6/09/2000,woensdag,339
7/09/2000,donderdag,304
8/09/2000,vrijdag,349
9/09/2000,zaterdag,181
10/09/2000,zondag,211
11/09/2000,maandag,365
12/09/2000,dinsdag,373
13/09/2000,woensdag,404
14/09/2000,donderdag,377
15/09/2000,vrijdag,379
16/09/2000,zaterdag,202
17/09/2000,zondag,193
18/09/2000,maandag,368
19/09/2000,dinsdag,393
20/09/2000,woensdag,356
21/09/2000,donderdag,360
22/09/2000,vrijdag,362
23/09/2000,zaterdag,222
24/09/2000,zondag,193
25/09/2000,maandag,385
26/09/2000,dinsdag,411
27/09/2000,woensdag,390
28/09/2000,donderdag,331
29/09/2000,vrijdag,373
30/09/2000,zaterdag,200
1/10/2000,zondag,213
2/10/2000,maandag,353
3/10/2000,dinsdag,378
4/10/2000,woensdag,351
5/10/2000,donderdag,313
6/10/2000,vrijdag,373
7/10/2000,zaterdag,204
8/10/2000,zondag,198
9/10/2000,maandag,367
10/10/2000,dinsdag,392
11/10/2000,woensdag,391
12/10/2000,donderdag,372
13/10/2000,vrijdag,341
14/10/2000,zaterdag,195
15/10/2000,zondag,179
16/10/2000,maandag,369
17/10/2000,dinsdag,343
18/10/2000,woensdag,358
19/10/2000,donderdag,332
20/10/2000,vrijdag,382
21/10/2000,zaterdag,189
22/10/2000,zondag,157
23/10/2000,maandag,354
24/10/2000,dinsdag,395
25/10/2000,woensdag,352
26/10/2000,donderdag,354
27/10/2000,vrijdag,361
28/10/2000,zaterdag,204
29/10/2000,zondag,204
30/10/2000,maandag,386
31/10/2000,dinsdag,360
1/11/2000,woensdag,186
2/11/2000,donderdag,280
3/11/2000,vrijdag,362
4/11/2000,zaterdag,194
5/11/2000,zondag,218
6/11/2000,maandag,338
7/11/2000,dinsdag,385
8/11/2000,woensdag,338
9/11/2000,donderdag,327
10/11/2000,vrijdag,374
11/11/2000,zaterdag,191
12/11/2000,zondag,187
13/11/2000,maandag,346
14/11/2000,dinsdag,403
15/11/2000,woensdag,338
16/11/2000,donderdag,361
17/11/2000,vrijdag,364
18/11/2000,zaterdag,215
19/11/2000,zondag,194
20/11/2000,maandag,347
21/11/2000,dinsdag,353
22/11/2000,woensdag,341
23/11/2000,donderdag,364
24/11/2000,vrijdag,339
25/11/2000,zaterdag,195
26/11/2000,zondag,176
27/11/2000,maandag,360
28/11/2000,dinsdag,374
29/11/2000,woensdag,312
30/11/2000,donderdag,339
1/12/2000,vrijdag,344
2/12/2000,zaterdag,183
3/12/2000,zondag,183
4/12/2000,maandag,350
5/12/2000,dinsdag,337
6/12/2000,woensdag,343
7/12/2000,donderdag,341
8/12/2000,vrijdag,328
9/12/2000,zaterdag,163
10/12/2000,zondag,214
11/12/2000,maandag,332
12/12/2000,dinsdag,408
13/12/2000,woensdag,337
14/12/2000,donderdag,362
15/12/2000,vrijdag,368
16/12/2000,zaterdag,212
17/12/2000,zondag,211
18/12/2000,maandag,361
19/12/2000,dinsdag,393
20/12/2000,woensdag,383
21/12/2000,donderdag,352
22/12/2000,vrijdag,349
23/12/2000,zaterdag,173
24/12/2000,zondag,159
25/12/2000,maandag,182
26/12/2000,dinsdag,318
27/12/2000,woensdag,367
28/12/2000,donderdag,338
29/12/2000,vrijdag,358
30/12/2000,zaterdag,198
31/12/2000,zondag,158
1/01/2001,maandag,211
2/01/2001,dinsdag,311
3/01/2001,woensdag,356
4/01/2001,donderdag,385
5/01/2001,vrijdag,384
6/01/2001,zaterdag,219
7/01/2001,zondag,209
8/01/2001,maandag,337
9/01/2001,dinsdag,388
10/01/2001,woensdag,366
11/01/2001,donderdag,349
12/01/2001,vrijdag,346
13/01/2001,zaterdag,223
14/01/2001,zondag,190
15/01/2001,maandag,349
16/01/2001,dinsdag,400
17/01/2001,woensdag,364
18/01/2001,donderdag,339
19/01/2001,vrijdag,356
20/01/2001,zaterdag,210
21/01/2001,zondag,224
22/01/2001,maandag,338
23/01/2001,dinsdag,416
24/01/2001,woensdag,376
25/01/2001,donderdag,380
26/01/2001,vrijdag,347
27/01/2001,zaterdag,197
28/01/2001,zondag,207
29/01/2001,maandag,322
30/01/2001,dinsdag,353
31/01/2001,woensdag,314
1/02/2001,donderdag,343
2/02/2001,vrijdag,340
3/02/2001,zaterdag,191
4/02/2001,zondag,188
5/02/2001,maandag,365
6/02/2001,dinsdag,368
7/02/2001,woensdag,348
8/02/2001,donderdag,369
9/02/2001,vrijdag,362
10/02/2001,zaterdag,190
11/02/2001,zondag,189
12/02/2001,maandag,355
13/02/2001,dinsdag,366
14/02/2001,woensdag,368
15/02/2001,donderdag,367
16/02/2001,vrijdag,377
17/02/2001,zaterdag,174
18/02/2001,zondag,188
19/02/2001,maandag,350
20/02/2001,dinsdag,420
21/02/2001,woensdag,343
22/02/2001,donderdag,393
23/02/2001,vrijdag,355
24/02/2001,zaterdag,163
25/02/2001,zondag,165
26/02/2001,maandag,321
27/02/2001,dinsdag,345
28/02/2001,woensdag,299
1/03/2001,donderdag,348
2/03/2001,vrijdag,322
3/03/2001,zaterdag,200
4/03/2001,zondag,208
5/03/2001,maandag,348
6/03/2001,dinsdag,379
7/03/2001,woensdag,359
8/03/2001,donderdag,395
9/03/2001,vrijdag,380
10/03/2001,zaterdag,194
11/03/2001,zondag,216
12/03/2001,maandag,351
13/03/2001,dinsdag,368
14/03/2001,woensdag,348
15/03/2001,donderdag,348
16/03/2001,vrijdag,390
17/03/2001,zaterdag,213
18/03/2001,zondag,212
19/03/2001,maandag,380
20/03/2001,dinsdag,372
21/03/2001,woensdag,353
22/03/2001,donderdag,370
23/03/2001,vrijdag,344
24/03/2001,zaterdag,180
25/03/2001,zondag,169
26/03/2001,maandag,359
27/03/2001,dinsdag,369
28/03/2001,woensdag,349
29/03/2001,donderdag,350
30/03/2001,vrijdag,390
31/03/2001,zaterdag,193
1/04/2001,zondag,179
2/04/2001,maandag,352
3/04/2001,dinsdag,350
4/04/2001,woensdag,318
5/04/2001,donderdag,371
6/04/2001,vrijdag,381
7/04/2001,zaterdag,223
8/04/2001,zondag,221
9/04/2001,maandag,315
10/04/2001,dinsdag,375
11/04/2001,woensdag,376
12/04/2001,donderdag,367
13/04/2001,vrijdag,349
14/04/2001,zaterdag,194
15/04/2001,zondag,178
16/04/2001,maandag,225
17/04/2001,dinsdag,385
18/04/2001,woensdag,416
19/04/2001,donderdag,438
20/04/2001,vrijdag,422
21/04/2001,zaterdag,240
22/04/2001,zondag,205
23/04/2001,maandag,398
24/04/2001,dinsdag,353
25/04/2001,woensdag,391
26/04/2001,donderdag,434
27/04/2001,vrijdag,382
28/04/2001,zaterdag,203
29/04/2001,zondag,201
30/04/2001,maandag,346
1/05/2001,dinsdag,237
2/05/2001,woensdag,388
3/05/2001,donderdag,422
4/05/2001,vrijdag,399
5/05/2001,zaterdag,196
6/05/2001,zondag,181
7/05/2001,maandag,356
8/05/2001,dinsdag,362
9/05/2001,woensdag,332
10/05/2001,donderdag,394
11/05/2001,vrijdag,381
12/05/2001,zaterdag,210
13/05/2001,zondag,206
14/05/2001,maandag,376
15/05/2001,dinsdag,401
16/05/2001,woensdag,369
17/05/2001,donderdag,333
18/05/2001,vrijdag,383
19/05/2001,zaterdag,211
20/05/2001,zondag,194
21/05/2001,maandag,387
22/05/2001,dinsdag,422
23/05/2001,woensdag,392
24/05/2001,donderdag,211
25/05/2001,vrijdag,344
26/05/2001,zaterdag,229
27/05/2001,zondag,212
28/05/2001,maandag,344
29/05/2001,dinsdag,375
30/05/2001,woensdag,375
31/05/2001,donderdag,398
1/06/2001,vrijdag,383
2/06/2001,zaterdag,213
3/06/2001,zondag,193
4/06/2001,maandag,205
5/06/2001,dinsdag,398
6/06/2001,woensdag,391
7/06/2001,donderdag,366
8/06/2001,vrijdag,374
9/06/2001,zaterdag,196
10/06/2001,zondag,182
11/06/2001,maandag,325
12/06/2001,dinsdag,403
13/06/2001,woensdag,359
14/06/2001,donderdag,359
15/06/2001,vrijdag,360
16/06/2001,zaterdag,195
17/06/2001,zondag,185
18/06/2001,maandag,386
19/06/2001,dinsdag,357
20/06/2001,woensdag,353
21/06/2001,donderdag,376
22/06/2001,vrijdag,379
23/06/2001,zaterdag,185
24/06/2001,zondag,181
25/06/2001,maandag,394
26/06/2001,dinsdag,417
27/06/2001,woensdag,387
28/06/2001,donderdag,387
29/06/2001,vrijdag,364
30/06/2001,zaterdag,208
1/07/2001,zondag,203
2/07/2001,maandag,349
3/07/2001,dinsdag,396
4/07/2001,woensdag,351
5/07/2001,donderdag,380
6/07/2001,vrijdag,399
7/07/2001,zaterdag,212
8/07/2001,zondag,179
9/07/2001,maandag,325
10/07/2001,dinsdag,404
11/07/2001,woensdag,338
12/07/2001,donderdag,417
13/07/2001,vrijdag,354
14/07/2001,zaterdag,186
15/07/2001,zondag,213
16/07/2001,maandag,362
17/07/2001,dinsdag,395
18/07/2001,woensdag,346
19/07/2001,donderdag,365
20/07/2001,vrijdag,412
21/07/2001,zaterdag,215
22/07/2001,zondag,217
23/07/2001,maandag,365
24/07/2001,dinsdag,398
25/07/2001,woensdag,385
26/07/2001,donderdag,356
27/07/2001,vrijdag,374
28/07/2001,zaterdag,223
29/07/2001,zondag,207
30/07/2001,maandag,356
31/07/2001,dinsdag,387
1/08/2001,woensdag,313
2/08/2001,donderdag,375
3/08/2001,vrijdag,398
4/08/2001,zaterdag,207
5/08/2001,zondag,190
6/08/2001,maandag,344
7/08/2001,dinsdag,398
8/08/2001,woensdag,338
9/08/2001,donderdag,370
10/08/2001,vrijdag,353
11/08/2001,zaterdag,207
12/08/2001,zondag,181
13/08/2001,maandag,335
14/08/2001,dinsdag,446
15/08/2001,woensdag,220
16/08/2001,donderdag,376
17/08/2001,vrijdag,383
18/08/2001,zaterdag,217
19/08/2001,zondag,218
20/08/2001,maandag,378
21/08/2001,dinsdag,390
22/08/2001,woensdag,381
23/08/2001,donderdag,312
24/08/2001,vrijdag,405
25/08/2001,zaterdag,213
26/08/2001,zondag,196
27/08/2001,maandag,359
28/08/2001,dinsdag,368
29/08/2001,woensdag,363
30/08/2001,donderdag,316
31/08/2001,vrijdag,377
1/09/2001,zaterdag,191
2/09/2001,zondag,176
3/09/2001,maandag,319
4/09/2001,dinsdag,385
5/09/2001,woensdag,331
6/09/2001,donderdag,374
7/09/2001,vrijdag,389
8/09/2001,zaterdag,202
9/09/2001,zondag,207
10/09/2001,maandag,381
11/09/2001,dinsdag,389
12/09/2001,woensdag,379
13/09/2001,donderdag,354
14/09/2001,vrijdag,345
15/09/2001,zaterdag,215
16/09/2001,zondag,177
17/09/2001,maandag,324
18/09/2001,dinsdag,359
19/09/2001,woensdag,367
20/09/2001,donderdag,385
21/09/2001,vrijdag,371
22/09/2001,zaterdag,230
23/09/2001,zondag,197
24/09/2001,maandag,358
25/09/2001,dinsdag,403
26/09/2001,woensdag,368
27/09/2001,donderdag,344
28/09/2001,vrijdag,355
29/09/2001,zaterdag,200
30/09/2001,zondag,201
1/10/2001,maandag,400
2/10/2001,dinsdag,409
3/10/2001,woensdag,337
4/10/2001,donderdag,368
5/10/2001,vrijdag,405
6/10/2001,zaterdag,193
7/10/2001,zondag,202
8/10/2001,maandag,342
9/10/2001,dinsdag,368
10/10/2001,woensdag,350
11/10/2001,donderdag,348
12/10/2001,vrijdag,312
13/10/2001,zaterdag,181
14/10/2001,zondag,198
15/10/2001,maandag,358
16/10/2001,dinsdag,395
17/10/2001,woensdag,311
18/10/2001,donderdag,352
19/10/2001,vrijdag,332
20/10/2001,zaterdag,189
21/10/2001,zondag,196
22/10/2001,maandag,371
23/10/2001,dinsdag,324
24/10/2001,woensdag,330
25/10/2001,donderdag,367
26/10/2001,vrijdag,377
27/10/2001,zaterdag,208
28/10/2001,zondag,183
29/10/2001,maandag,333
30/10/2001,dinsdag,381
31/10/2001,woensdag,342
1/11/2001,donderdag,191
2/11/2001,vrijdag,269
3/11/2001,zaterdag,199
4/11/2001,zondag,205
5/11/2001,maandag,382
6/11/2001,dinsdag,409
7/11/2001,woensdag,327
8/11/2001,donderdag,409
9/11/2001,vrijdag,365
10/11/2001,zaterdag,205
11/11/2001,zondag,174
12/11/2001,maandag,305
13/11/2001,dinsdag,354
14/11/2001,woensdag,360
15/11/2001,donderdag,328
16/11/2001,vrijdag,379
17/11/2001,zaterdag,193
18/11/2001,zondag,166
19/11/2001,maandag,320
20/11/2001,dinsdag,362
21/11/2001,woensdag,366
22/11/2001,donderdag,330
23/11/2001,vrijdag,372
24/11/2001,zaterdag,198
25/11/2001,zondag,193
26/11/2001,maandag,323
27/11/2001,dinsdag,352
28/11/2001,woensdag,332
29/11/2001,donderdag,353
30/11/2001,vrijdag,334
1/12/2001,zaterdag,199
2/12/2001,zondag,181
3/12/2001,maandag,342
4/12/2001,dinsdag,379
5/12/2001,woensdag,331
6/12/2001,donderdag,330
7/12/2001,vrijdag,317
8/12/2001,zaterdag,185
9/12/2001,zondag,189
10/12/2001,maandag,356
11/12/2001,dinsdag,368
12/12/2001,woensdag,344
13/12/2001,donderdag,340
14/12/2001,vrijdag,338
15/12/2001,zaterdag,192
16/12/2001,zondag,168
17/12/2001,maandag,383
18/12/2001,dinsdag,407
19/12/2001,woensdag,387
20/12/2001,donderdag,410
21/12/2001,vrijdag,368
22/12/2001,zaterdag,182
23/12/2001,zondag,168
24/12/2001,maandag,262
25/12/2001,dinsdag,209
26/12/2001,woensdag,338
27/12/2001,donderdag,419
28/12/2001,vrijdag,386
29/12/2001,zaterdag,214
30/12/2001,zondag,177
31/12/2001,maandag,276
1/01/2002,dinsdag,166
2/01/2002,woensdag,310
3/01/2002,donderdag,363
4/01/2002,vrijdag,380
5/01/2002,zaterdag,192
6/01/2002,zondag,186
7/01/2002,maandag,332
8/01/2002,dinsdag,378
9/01/2002,woensdag,341
10/01/2002,donderdag,404
11/01/2002,vrijdag,359
12/01/2002,zaterdag,219
13/01/2002,zondag,194
14/01/2002,maandag,333
15/01/2002,dinsdag,380
16/01/2002,woensdag,339
17/01/2002,donderdag,365
18/01/2002,vrijdag,340
19/01/2002,zaterdag,192
20/01/2002,zondag,179
21/01/2002,maandag,383
22/01/2002,dinsdag,408
23/01/2002,woensdag,341
24/01/2002,donderdag,388
25/01/2002,vrijdag,297
26/01/2002,zaterdag,186
27/01/2002,zondag,195
28/01/2002,maandag,332
29/01/2002,dinsdag,332
30/01/2002,woensdag,352
31/01/2002,donderdag,342
1/02/2002,vrijdag,373
2/02/2002,zaterdag,203
3/02/2002,zondag,205
4/02/2002,maandag,373
5/02/2002,dinsdag,400
6/02/2002,woensdag,369
7/02/2002,donderdag,396
8/02/2002,vrijdag,375
9/02/2002,zaterdag,184
10/02/2002,zondag,217
11/02/2002,maandag,344
12/02/2002,dinsdag,351
13/02/2002,woensdag,315
14/02/2002,donderdag,352
15/02/2002,vrijdag,360
16/02/2002,zaterdag,171
17/02/2002,zondag,193
18/02/2002,maandag,344
19/02/2002,dinsdag,345
20/02/2002,woensdag,384
21/02/2002,donderdag,350
22/02/2002,vrijdag,329
23/02/2002,zaterdag,188
24/02/2002,zondag,190
25/02/2002,maandag,329
26/02/2002,dinsdag,355
27/02/2002,woensdag,344
28/02/2002,donderdag,374
1/03/2002,vrijdag,345
2/03/2002,zaterdag,180
3/03/2002,zondag,205
4/03/2002,maandag,350
5/03/2002,dinsdag,378
6/03/2002,woensdag,327
7/03/2002,donderdag,330
8/03/2002,vrijdag,362
9/03/2002,zaterdag,194
10/03/2002,zondag,195
11/03/2002,maandag,341
12/03/2002,dinsdag,401
13/03/2002,woensdag,344
14/03/2002,donderdag,391
15/03/2002,vrijdag,343
16/03/2002,zaterdag,194
17/03/2002,zondag,176
18/03/2002,maandag,356
19/03/2002,dinsdag,397
20/03/2002,woensdag,352
21/03/2002,donderdag,403
22/03/2002,vrijdag,357
23/03/2002,zaterdag,165
24/03/2002,zondag,181
25/03/2002,maandag,350
26/03/2002,dinsdag,424
27/03/2002,woensdag,408
28/03/2002,donderdag,428
29/03/2002,vrijdag,421
30/03/2002,zaterdag,191
31/03/2002,zondag,162
1/04/2002,maandag,210
2/04/2002,dinsdag,343
3/04/2002,woensdag,368
4/04/2002,donderdag,360
5/04/2002,vrijdag,368
6/04/2002,zaterdag,174
7/04/2002,zondag,191
8/04/2002,maandag,318
9/04/2002,dinsdag,359
10/04/2002,woensdag,299
11/04/2002,donderdag,320
12/04/2002,vrijdag,327
13/04/2002,zaterdag,184
14/04/2002,zondag,216
15/04/2002,maandag,320
16/04/2002,dinsdag,347
17/04/2002,woensdag,378
18/04/2002,donderdag,378
19/04/2002,vrijdag,332
20/04/2002,zaterdag,201
21/04/2002,zondag,170
22/04/2002,maandag,340
23/04/2002,dinsdag,371
24/04/2002,woensdag,326
25/04/2002,donderdag,344
26/04/2002,vrijdag,361
27/04/2002,zaterdag,197
28/04/2002,zondag,153
29/04/2002,maandag,338
30/04/2002,dinsdag,375
1/05/2002,woensdag,238
2/05/2002,donderdag,358
3/05/2002,vrijdag,393
4/05/2002,zaterdag,173
5/05/2002,zondag,194
6/05/2002,maandag,350
7/05/2002,dinsdag,422
8/05/2002,woensdag,397
9/05/2002,donderdag,208
10/05/2002,vrijdag,304
11/05/2002,zaterdag,211
12/05/2002,zondag,184
13/05/2002,maandag,338
14/05/2002,dinsdag,411
15/05/2002,woensdag,364
16/05/2002,donderdag,361
17/05/2002,vrijdag,358
18/05/2002,zaterdag,204
19/05/2002,zondag,181
20/05/2002,maandag,192
21/05/2002,dinsdag,400
22/05/2002,woensdag,395
23/05/2002,donderdag,364
24/05/2002,vrijdag,317
25/05/2002,zaterdag,182
26/05/2002,zondag,177
27/05/2002,maandag,336
28/05/2002,dinsdag,359
29/05/2002,woensdag,331
30/05/2002,donderdag,313
31/05/2002,vrijdag,292
1/06/2002,zaterdag,174
2/06/2002,zondag,172
3/06/2002,maandag,358
4/06/2002,dinsdag,362
5/06/2002,woensdag,346
6/06/2002,donderdag,348
7/06/2002,vrijdag,305
8/06/2002,zaterdag,180
9/06/2002,zondag,176
10/06/2002,maandag,318
11/06/2002,dinsdag,366
12/06/2002,woensdag,369
13/06/2002,donderdag,303
14/06/2002,vrijdag,327
15/06/2002,zaterdag,235
16/06/2002,zondag,179
17/06/2002,maandag,350
18/06/2002,dinsdag,373
19/06/2002,woensdag,321
20/06/2002,donderdag,394
21/06/2002,vrijdag,367
22/06/2002,zaterdag,187
23/06/2002,zondag,183
24/06/2002,maandag,358
25/06/2002,dinsdag,389
26/06/2002,woensdag,356
27/06/2002,donderdag,354
28/06/2002,vrijdag,320
29/06/2002,zaterdag,196
30/06/2002,zondag,180
1/07/2002,maandag,388
2/07/2002,dinsdag,361
3/07/2002,woensdag,379
4/07/2002,donderdag,342
5/07/2002,vrijdag,358
6/07/2002,zaterdag,190
7/07/2002,zondag,198
8/07/2002,maandag,379
9/07/2002,dinsdag,385
10/07/2002,woensdag,342
11/07/2002,donderdag,360
12/07/2002,vrijdag,375
13/07/2002,zaterdag,206
14/07/2002,zondag,186
15/07/2002,maandag,347
16/07/2002,dinsdag,430
17/07/2002,woensdag,332
18/07/2002,donderdag,340
19/07/2002,vrijdag,321
20/07/2002,zaterdag,208
21/07/2002,zondag,193
22/07/2002,maandag,321
23/07/2002,dinsdag,416
24/07/2002,woensdag,370
25/07/2002,donderdag,359
26/07/2002,vrijdag,387
27/07/2002,zaterdag,189
28/07/2002,zondag,198
29/07/2002,maandag,368
30/07/2002,dinsdag,401
31/07/2002,woensdag,338
1/08/2002,donderdag,375
2/08/2002,vrijdag,378
3/08/2002,zaterdag,222
4/08/2002,zondag,213
5/08/2002,maandag,332
6/08/2002,dinsdag,356
7/08/2002,woensdag,333
8/08/2002,donderdag,367
9/08/2002,vrijdag,349
10/08/2002,zaterdag,205
11/08/2002,zondag,170
12/08/2002,maandag,359
13/08/2002,dinsdag,417
14/08/2002,woensdag,395
15/08/2002,donderdag,218
16/08/2002,vrijdag,342
17/08/2002,zaterdag,187
18/08/2002,zondag,197
19/08/2002,maandag,351
20/08/2002,dinsdag,386
21/08/2002,woensdag,361
22/08/2002,donderdag,354
23/08/2002,vrijdag,348
24/08/2002,zaterdag,201
25/08/2002,zondag,206
26/08/2002,maandag,351
27/08/2002,dinsdag,389
28/08/2002,woensdag,390
29/08/2002,donderdag,359
30/08/2002,vrijdag,347
31/08/2002,zaterdag,195
1/09/2002,zondag,150
2/09/2002,maandag,288
3/09/2002,dinsdag,405
4/09/2002,woensdag,351
5/09/2002,donderdag,358
6/09/2002,vrijdag,376
7/09/2002,zaterdag,197
8/09/2002,zondag,174
9/09/2002,maandag,355
10/09/2002,dinsdag,396
11/09/2002,woensdag,352
12/09/2002,donderdag,360
13/09/2002,vrijdag,367
14/09/2002,zaterdag,191
15/09/2002,zondag,217
16/09/2002,maandag,380
17/09/2002,dinsdag,386
18/09/2002,woensdag,356
19/09/2002,donderdag,359
20/09/2002,vrijdag,373
21/09/2002,zaterdag,184
22/09/2002,zondag,197
23/09/2002,maandag,371
24/09/2002,dinsdag,418
25/09/2002,woensdag,316
26/09/2002,donderdag,334
27/09/2002,vrijdag,354
28/09/2002,zaterdag,218
29/09/2002,zondag,188
30/09/2002,maandag,366
1/10/2002,dinsdag,384
2/10/2002,woensdag,360
3/10/2002,donderdag,368
4/10/2002,vrijdag,351
5/10/2002,zaterdag,195
6/10/2002,zondag,173
7/10/2002,maandag,357
8/10/2002,dinsdag,414
9/10/2002,woensdag,344
10/10/2002,donderdag,310
11/10/2002,vrijdag,333
12/10/2002,zaterdag,185
13/10/2002,zondag,201
14/10/2002,maandag,353
15/10/2002,dinsdag,391
16/10/2002,woensdag,334
17/10/2002,donderdag,347
18/10/2002,vrijdag,371
19/10/2002,zaterdag,184
20/10/2002,zondag,163
21/10/2002,maandag,368
22/10/2002,dinsdag,359
23/10/2002,woensdag,360
24/10/2002,donderdag,359
25/10/2002,vrijdag,347
26/10/2002,zaterdag,181
27/10/2002,zondag,209
28/10/2002,maandag,325
29/10/2002,dinsdag,353
30/10/2002,woensdag,320
31/10/2002,donderdag,339
1/11/2002,vrijdag,182
2/11/2002,zaterdag,188
3/11/2002,zondag,182
4/11/2002,maandag,334
5/11/2002,dinsdag,371
6/11/2002,woensdag,342
7/11/2002,donderdag,359
8/11/2002,vrijdag,376
9/11/2002,zaterdag,225
10/11/2002,zondag,181
11/11/2002,maandag,208
12/11/2002,dinsdag,371
13/11/2002,woensdag,343
14/11/2002,donderdag,373
15/11/2002,vrijdag,350
16/11/2002,zaterdag,191
17/11/2002,zondag,175
18/11/2002,maandag,326
19/11/2002,dinsdag,357
20/11/2002,woensdag,306
21/11/2002,donderdag,346
22/11/2002,vrijdag,308
23/11/2002,zaterdag,203
24/11/2002,zondag,195
25/11/2002,maandag,341
26/11/2002,dinsdag,386
27/11/2002,woensdag,309
28/11/2002,donderdag,322
29/11/2002,vrijdag,332
30/11/2002,zaterdag,178
1/12/2002,zondag,201
2/12/2002,maandag,298
3/12/2002,dinsdag,365
4/12/2002,woensdag,348
5/12/2002,donderdag,317
6/12/2002,vrijdag,327
7/12/2002,zaterdag,168
8/12/2002,zondag,179
9/12/2002,maandag,309
10/12/2002,dinsdag,321
11/12/2002,woensdag,324
12/12/2002,donderdag,353
13/12/2002,vrijdag,333
14/12/2002,zaterdag,196
15/12/2002,zondag,208
16/12/2002,maandag,407
17/12/2002,dinsdag,435
18/12/2002,woensdag,377
19/12/2002,donderdag,412
20/12/2002,vrijdag,402
21/12/2002,zaterdag,190
22/12/2002,zondag,179
23/12/2002,maandag,361
24/12/2002,dinsdag,312
25/12/2002,woensdag,170
26/12/2002,donderdag,325
27/12/2002,vrijdag,397
28/12/2002,zaterdag,219
29/12/2002,zondag,174
30/12/2002,maandag,332
31/12/2002,dinsdag,297
1/01/2003,woensdag,173
2/01/2003,donderdag,315
3/01/2003,vrijdag,391
4/01/2003,zaterdag,215
5/01/2003,zondag,174
6/01/2003,maandag,336
7/01/2003,dinsdag,401
8/01/2003,woensdag,355
9/01/2003,donderdag,382
10/01/2003,vrijdag,348
11/01/2003,zaterdag,198
12/01/2003,zondag,200
13/01/2003,maandag,350
14/01/2003,dinsdag,355
15/01/2003,woensdag,365
16/01/2003,donderdag,379
17/01/2003,vrijdag,368
18/01/2003,zaterdag,192
19/01/2003,zondag,192
20/01/2003,maandag,362
21/01/2003,dinsdag,356
22/01/2003,woensdag,358
23/01/2003,donderdag,372
24/01/2003,vrijdag,376
25/01/2003,zaterdag,187
26/01/2003,zondag,179
27/01/2003,maandag,357
28/01/2003,dinsdag,350
29/01/2003,woensdag,336
30/01/2003,donderdag,337
31/01/2003,vrijdag,330
1/02/2003,zaterdag,182
2/02/2003,zondag,252
3/02/2003,maandag,345
4/02/2003,dinsdag,346
5/02/2003,woensdag,372
6/02/2003,donderdag,365
7/02/2003,vrijdag,373
8/02/2003,zaterdag,190
9/02/2003,zondag,183
10/02/2003,maandag,332
11/02/2003,dinsdag,365
12/02/2003,woensdag,330
13/02/2003,donderdag,338
14/02/2003,vrijdag,335
15/02/2003,zaterdag,165
16/02/2003,zondag,162
17/02/2003,maandag,340
18/02/2003,dinsdag,408
19/02/2003,woensdag,301
20/02/2003,donderdag,356
21/02/2003,vrijdag,313
22/02/2003,zaterdag,185
23/02/2003,zondag,160
24/02/2003,maandag,352
25/02/2003,dinsdag,406
26/02/2003,woensdag,370
27/02/2003,donderdag,397
28/02/2003,vrijdag,346
1/03/2003,zaterdag,194
2/03/2003,zondag,174
3/03/2003,maandag,316
4/03/2003,dinsdag,329
5/03/2003,woensdag,316
6/03/2003,donderdag,325
7/03/2003,vrijdag,326
8/03/2003,zaterdag,192
9/03/2003,zondag,177
10/03/2003,maandag,391
11/03/2003,dinsdag,351
12/03/2003,woensdag,357
13/03/2003,donderdag,336
14/03/2003,vrijdag,370
15/03/2003,zaterdag,179
16/03/2003,zondag,199
17/03/2003,maandag,351
18/03/2003,dinsdag,371
19/03/2003,woensdag,354
20/03/2003,donderdag,345
21/03/2003,vrijdag,356
22/03/2003,zaterdag,183
23/03/2003,zondag,203
24/03/2003,maandag,358
25/03/2003,dinsdag,373
26/03/2003,woensdag,328
27/03/2003,donderdag,334
28/03/2003,vrijdag,348
29/03/2003,zaterdag,199
30/03/2003,zondag,200
31/03/2003,maandag,370
1/04/2003,dinsdag,334
2/04/2003,woensdag,385
3/04/2003,donderdag,406
4/04/2003,vrijdag,382
5/04/2003,zaterdag,173
6/04/2003,zondag,181
7/04/2003,maandag,338
8/04/2003,dinsdag,365
9/04/2003,woensdag,387
10/04/2003,donderdag,377
11/04/2003,vrijdag,383
12/04/2003,zaterdag,184
13/04/2003,zondag,193
14/04/2003,maandag,283
15/04/2003,dinsdag,392
16/04/2003,woensdag,363
17/04/2003,donderdag,342
18/04/2003,vrijdag,347
19/04/2003,zaterdag,224
20/04/2003,zondag,208
21/04/2003,maandag,225
22/04/2003,dinsdag,390
23/04/2003,woensdag,345
24/04/2003,donderdag,400
25/04/2003,vrijdag,338
26/04/2003,zaterdag,189
27/04/2003,zondag,203
28/04/2003,maandag,359
29/04/2003,dinsdag,441
30/04/2003,woensdag,352
1/05/2003,donderdag,219
2/05/2003,vrijdag,312
3/05/2003,zaterdag,197
4/05/2003,zondag,179
5/05/2003,maandag,373
6/05/2003,dinsdag,366
7/05/2003,woensdag,340
8/05/2003,donderdag,359
9/05/2003,vrijdag,378
10/05/2003,zaterdag,202
11/05/2003,zondag,156
12/05/2003,maandag,346
13/05/2003,dinsdag,323
14/05/2003,woensdag,343
15/05/2003,donderdag,375
16/05/2003,vrijdag,344
17/05/2003,zaterdag,180
18/05/2003,zondag,166
19/05/2003,maandag,360
20/05/2003,dinsdag,361
21/05/2003,woensdag,347
22/05/2003,donderdag,356
23/05/2003,vrijdag,357
24/05/2003,zaterdag,189
25/05/2003,zondag,170
26/05/2003,maandag,340
27/05/2003,dinsdag,411
28/05/2003,woensdag,364
29/05/2003,donderdag,208
30/05/2003,vrijdag,329
31/05/2003,zaterdag,195
1/06/2003,zondag,213
2/06/2003,maandag,375
3/06/2003,dinsdag,379
4/06/2003,woensdag,348
5/06/2003,donderdag,359
6/06/2003,vrijdag,346
7/06/2003,zaterdag,199
8/06/2003,zondag,217
9/06/2003,maandag,182
10/06/2003,dinsdag,388
11/06/2003,woensdag,381
12/06/2003,donderdag,379
13/06/2003,vrijdag,333
14/06/2003,zaterdag,200
15/06/2003,zondag,174
16/06/2003,maandag,355
17/06/2003,dinsdag,386
18/06/2003,woensdag,389
19/06/2003,donderdag,342
20/06/2003,vrijdag,374
21/06/2003,zaterdag,221
22/06/2003,zondag,199
23/06/2003,maandag,372
24/06/2003,dinsdag,372
25/06/2003,woensdag,331
26/06/2003,donderdag,390
27/06/2003,vrijdag,345
28/06/2003,zaterdag,201
29/06/2003,zondag,183
30/06/2003,maandag,367
1/07/2003,dinsdag,421
2/07/2003,woensdag,335
3/07/2003,donderdag,359
4/07/2003,vrijdag,353
5/07/2003,zaterdag,193
6/07/2003,zondag,198
7/07/2003,maandag,357
8/07/2003,dinsdag,383
9/07/2003,woensdag,377
10/07/2003,donderdag,367
11/07/2003,vrijdag,360
12/07/2003,zaterdag,197
13/07/2003,zondag,183
14/07/2003,maandag,380
15/07/2003,dinsdag,387
16/07/2003,woensdag,362
17/07/2003,donderdag,417
18/07/2003,vrijdag,412
19/07/2003,zaterdag,219
20/07/2003,zondag,232
21/07/2003,maandag,192
22/07/2003,dinsdag,413
23/07/2003,woensdag,373
24/07/2003,donderdag,405
25/07/2003,vrijdag,410
26/07/2003,zaterdag,216
27/07/2003,zondag,204
28/07/2003,maandag,352
29/07/2003,dinsdag,390
30/07/2003,woensdag,379
31/07/2003,donderdag,363
1/08/2003,vrijdag,367
2/08/2003,zaterdag,197
3/08/2003,zondag,218
4/08/2003,maandag,362
5/08/2003,dinsdag,363
6/08/2003,woensdag,332
7/08/2003,donderdag,353
8/08/2003,vrijdag,398
9/08/2003,zaterdag,177
10/08/2003,zondag,195
11/08/2003,maandag,388
12/08/2003,dinsdag,451
13/08/2003,woensdag,372
14/08/2003,donderdag,422
15/08/2003,vrijdag,180
16/08/2003,zaterdag,183
17/08/2003,zondag,203
18/08/2003,maandag,322
19/08/2003,dinsdag,378
20/08/2003,woensdag,366
21/08/2003,donderdag,354
22/08/2003,vrijdag,338
23/08/2003,zaterdag,197
24/08/2003,zondag,176
25/08/2003,maandag,343
26/08/2003,dinsdag,403
27/08/2003,woensdag,321
28/08/2003,donderdag,366
29/08/2003,vrijdag,324
30/08/2003,zaterdag,208
31/08/2003,zondag,190
1/09/2003,maandag,311
2/09/2003,dinsdag,349
3/09/2003,woensdag,345
4/09/2003,donderdag,351
5/09/2003,vrijdag,368
6/09/2003,zaterdag,182
7/09/2003,zondag,204
8/09/2003,maandag,376
9/09/2003,dinsdag,385
10/09/2003,woensdag,371
11/09/2003,donderdag,372
12/09/2003,vrijdag,361
13/09/2003,zaterdag,213
14/09/2003,zondag,213
15/09/2003,maandag,364
16/09/2003,dinsdag,377
17/09/2003,woensdag,373
18/09/2003,donderdag,374
19/09/2003,vrijdag,373
20/09/2003,zaterdag,211
21/09/2003,zondag,191
22/09/2003,maandag,382
23/09/2003,dinsdag,408
24/09/2003,woensdag,360
25/09/2003,donderdag,371
26/09/2003,vrijdag,364
27/09/2003,zaterdag,196
28/09/2003,zondag,181
29/09/2003,maandag,352
30/09/2003,dinsdag,404
1/10/2003,woensdag,354
2/10/2003,donderdag,335
3/10/2003,vrijdag,320
4/10/2003,zaterdag,213
5/10/2003,zondag,187
6/10/2003,maandag,339
7/10/2003,dinsdag,390
8/10/2003,woensdag,344
9/10/2003,donderdag,337
10/10/2003,vrijdag,344
11/10/2003,zaterdag,197
12/10/2003,zondag,210
13/10/2003,maandag,331
14/10/2003,dinsdag,345
15/10/2003,woensdag,298
16/10/2003,donderdag,345
17/10/2003,vrijdag,352
18/10/2003,zaterdag,168
19/10/2003,zondag,182
20/10/2003,maandag,380
21/10/2003,dinsdag,390
22/10/2003,woensdag,353
23/10/2003,donderdag,372
24/10/2003,vrijdag,354
25/10/2003,zaterdag,176
26/10/2003,zondag,184
27/10/2003,maandag,333
28/10/2003,dinsdag,365
29/10/2003,woensdag,303
30/10/2003,donderdag,332
31/10/2003,vrijdag,314
1/11/2003,zaterdag,205
2/11/2003,zondag,183
3/11/2003,maandag,349
4/11/2003,dinsdag,378
5/11/2003,woensdag,321
6/11/2003,donderdag,358
7/11/2003,vrijdag,375
8/11/2003,zaterdag,189
9/11/2003,zondag,180
10/11/2003,maandag,337
11/11/2003,dinsdag,216
12/11/2003,woensdag,353
13/11/2003,donderdag,349
14/11/2003,vrijdag,391
15/11/2003,zaterdag,218
16/11/2003,zondag,213
17/11/2003,maandag,338
18/11/2003,dinsdag,342
19/11/2003,woensdag,324
20/11/2003,donderdag,343
21/11/2003,vrijdag,348
22/11/2003,zaterdag,195
23/11/2003,zondag,187
24/11/2003,maandag,357
25/11/2003,dinsdag,382
26/11/2003,woensdag,329
27/11/2003,donderdag,314
28/11/2003,vrijdag,326
29/11/2003,zaterdag,177
30/11/2003,zondag,180
1/12/2003,maandag,342
2/12/2003,dinsdag,369
3/12/2003,woensdag,376
4/12/2003,donderdag,346
5/12/2003,vrijdag,317
6/12/2003,zaterdag,186
7/12/2003,zondag,177
8/12/2003,maandag,341
9/12/2003,dinsdag,369
10/12/2003,woensdag,352
11/12/2003,donderdag,341
12/12/2003,vrijdag,371
13/12/2003,zaterdag,200
14/12/2003,zondag,183
15/12/2003,maandag,353
16/12/2003,dinsdag,434
17/12/2003,woensdag,367
18/12/2003,donderdag,420
19/12/2003,vrijdag,379
20/12/2003,zaterdag,200
21/12/2003,zondag,173
22/12/2003,maandag,342
23/12/2003,dinsdag,401
24/12/2003,woensdag,280
25/12/2003,donderdag,169
26/12/2003,vrijdag,301
27/12/2003,zaterdag,267
28/12/2003,zondag,203
29/12/2003,maandag,344
30/12/2003,dinsdag,383
31/12/2003,woensdag,283
1/01/2004,donderdag,168
2/01/2004,vrijdag,314
3/01/2004,zaterdag,194
4/01/2004,zondag,197
5/01/2004,maandag,389
6/01/2004,dinsdag,441
7/01/2004,woensdag,341
8/01/2004,donderdag,400
9/01/2004,vrijdag,399
10/01/2004,zaterdag,218
11/01/2004,zondag,202
12/01/2004,maandag,350
13/01/2004,dinsdag,395
14/01/2004,woensdag,350
15/01/2004,donderdag,377
16/01/2004,vrijdag,328
17/01/2004,zaterdag,207
18/01/2004,zondag,183
19/01/2004,maandag,326
20/01/2004,dinsdag,400
21/01/2004,woensdag,343
22/01/2004,donderdag,382
23/01/2004,vrijdag,369
24/01/2004,zaterdag,192
25/01/2004,zondag,197
26/01/2004,maandag,367
27/01/2004,dinsdag,392
28/01/2004,woensdag,384
29/01/2004,donderdag,340
30/01/2004,vrijdag,361
31/01/2004,zaterdag,211
1/02/2004,zondag,175
2/02/2004,maandag,319
3/02/2004,dinsdag,397
4/02/2004,woensdag,324
5/02/2004,donderdag,359
6/02/2004,vrijdag,387
7/02/2004,zaterdag,207
8/02/2004,zondag,209
9/02/2004,maandag,334
10/02/2004,dinsdag,418
11/02/2004,woensdag,372
12/02/2004,donderdag,374
13/02/2004,vrijdag,316
14/02/2004,zaterdag,212
15/02/2004,zondag,205
16/02/2004,maandag,372
17/02/2004,dinsdag,351
18/02/2004,woensdag,376
19/02/2004,donderdag,439
20/02/2004,vrijdag,350
21/02/2004,zaterdag,204
22/02/2004,zondag,190
23/02/2004,maandag,360
24/02/2004,dinsdag,356
25/02/2004,woensdag,340
26/02/2004,donderdag,316
27/02/2004,vrijdag,349
28/02/2004,zaterdag,193
29/02/2004,zondag,231
1/03/2004,maandag,340
2/03/2004,dinsdag,386
3/03/2004,woensdag,339
4/03/2004,donderdag,369
5/03/2004,vrijdag,331
6/03/2004,zaterdag,208
7/03/2004,zondag,197
8/03/2004,maandag,331
9/03/2004,dinsdag,349
10/03/2004,woensdag,344
11/03/2004,donderdag,353
12/03/2004,vrijdag,337
13/03/2004,zaterdag,181
14/03/2004,zondag,172
15/03/2004,maandag,323
16/03/2004,dinsdag,407
17/03/2004,woensdag,347
18/03/2004,donderdag,369
19/03/2004,vrijdag,350
20/03/2004,zaterdag,206
21/03/2004,zondag,187
22/03/2004,maandag,343
23/03/2004,dinsdag,404
24/03/2004,woensdag,340
25/03/2004,donderdag,307
26/03/2004,vrijdag,316
27/03/2004,zaterdag,178
28/03/2004,zondag,170
29/03/2004,maandag,385
30/03/2004,dinsdag,413
31/03/2004,woensdag,408
1/04/2004,donderdag,344
2/04/2004,vrijdag,406
3/04/2004,zaterdag,207
4/04/2004,zondag,219
5/04/2004,maandag,296
6/04/2004,dinsdag,352
7/04/2004,woensdag,365
8/04/2004,donderdag,398
9/04/2004,vrijdag,366
10/04/2004,zaterdag,190
11/04/2004,zondag,201
12/04/2004,maandag,225
13/04/2004,dinsdag,309
14/04/2004,woensdag,340
15/04/2004,donderdag,351
16/04/2004,vrijdag,375
17/04/2004,zaterdag,219
18/04/2004,zondag,177
19/04/2004,maandag,315
20/04/2004,dinsdag,394
21/04/2004,woensdag,372
22/04/2004,donderdag,350
23/04/2004,vrijdag,334
24/04/2004,zaterdag,210
25/04/2004,zondag,186
26/04/2004,maandag,363
27/04/2004,dinsdag,370
28/04/2004,woensdag,313
29/04/2004,donderdag,368
30/04/2004,vrijdag,319
1/05/2004,zaterdag,222
2/05/2004,zondag,191
3/05/2004,maandag,341
4/05/2004,dinsdag,369
5/05/2004,woensdag,363
6/05/2004,donderdag,351
7/05/2004,vrijdag,300
8/05/2004,zaterdag,218
9/05/2004,zondag,223
10/05/2004,maandag,327
11/05/2004,dinsdag,360
12/05/2004,woensdag,344
13/05/2004,donderdag,341
14/05/2004,vrijdag,367
15/05/2004,zaterdag,193
16/05/2004,zondag,191
17/05/2004,maandag,358
18/05/2004,dinsdag,389
19/05/2004,woensdag,374
20/05/2004,donderdag,210
21/05/2004,vrijdag,277
22/05/2004,zaterdag,177
23/05/2004,zondag,204
24/05/2004,maandag,357
25/05/2004,dinsdag,389
26/05/2004,woensdag,350
27/05/2004,donderdag,358
28/05/2004,vrijdag,348
29/05/2004,zaterdag,216
30/05/2004,zondag,177
31/05/2004,maandag,203
1/06/2004,dinsdag,359
2/06/2004,woensdag,381
3/06/2004,donderdag,344
4/06/2004,vrijdag,352
5/06/2004,zaterdag,184
6/06/2004,zondag,205
7/06/2004,maandag,344
8/06/2004,dinsdag,388
9/06/2004,woensdag,345
10/06/2004,donderdag,399
11/06/2004,vrijdag,364
12/06/2004,zaterdag,194
13/06/2004,zondag,213
14/06/2004,maandag,338
15/06/2004,dinsdag,415
16/06/2004,woensdag,350
17/06/2004,donderdag,384
18/06/2004,vrijdag,356
19/06/2004,zaterdag,198
20/06/2004,zondag,213
21/06/2004,maandag,365
22/06/2004,dinsdag,394
23/06/2004,woensdag,368
24/06/2004,donderdag,400
25/06/2004,vrijdag,396
26/06/2004,zaterdag,232
27/06/2004,zondag,209
28/06/2004,maandag,397
29/06/2004,dinsdag,374
30/06/2004,woensdag,356
1/07/2004,donderdag,405
2/07/2004,vrijdag,368
3/07/2004,zaterdag,198
4/07/2004,zondag,186
5/07/2004,maandag,371
6/07/2004,dinsdag,390
7/07/2004,woensdag,329
8/07/2004,donderdag,381
9/07/2004,vrijdag,386
10/07/2004,zaterdag,202
11/07/2004,zondag,223
12/07/2004,maandag,351
13/07/2004,dinsdag,374
14/07/2004,woensdag,396
15/07/2004,donderdag,400
16/07/2004,vrijdag,392
17/07/2004,zaterdag,236
18/07/2004,zondag,201
19/07/2004,maandag,367
20/07/2004,dinsdag,407
21/07/2004,woensdag,248
22/07/2004,donderdag,408
23/07/2004,vrijdag,413
24/07/2004,zaterdag,214
25/07/2004,zondag,219
26/07/2004,maandag,400
27/07/2004,dinsdag,418
28/07/2004,woensdag,399
29/07/2004,donderdag,414
30/07/2004,vrijdag,413
31/07/2004,zaterdag,226
1/08/2004,zondag,200
2/08/2004,maandag,366
3/08/2004,dinsdag,383
4/08/2004,woensdag,372
5/08/2004,donderdag,393
6/08/2004,vrijdag,417
7/08/2004,zaterdag,222
8/08/2004,zondag,218
9/08/2004,maandag,394
10/08/2004,dinsdag,396
11/08/2004,woensdag,382
12/08/2004,donderdag,442
13/08/2004,vrijdag,328
14/08/2004,zaterdag,202
15/08/2004,zondag,183
16/08/2004,maandag,369
17/08/2004,dinsdag,371
18/08/2004,woensdag,349
19/08/2004,donderdag,368
20/08/2004,vrijdag,386
21/08/2004,zaterdag,218
22/08/2004,zondag,209
23/08/2004,maandag,342
24/08/2004,dinsdag,395
25/08/2004,woensdag,354
26/08/2004,donderdag,396
27/08/2004,vrijdag,366
28/08/2004,zaterdag,231
29/08/2004,zondag,177
30/08/2004,maandag,338
31/08/2004,dinsdag,357
1/09/2004,woensdag,310
2/09/2004,donderdag,336
3/09/2004,vrijdag,336
4/09/2004,zaterdag,201
5/09/2004,zondag,201
6/09/2004,maandag,345
7/09/2004,dinsdag,399
8/09/2004,woensdag,347
9/09/2004,donderdag,405
10/09/2004,vrijdag,389
11/09/2004,zaterdag,203
12/09/2004,zondag,229
13/09/2004,maandag,362
14/09/2004,dinsdag,412
15/09/2004,woensdag,357
16/09/2004,donderdag,385
17/09/2004,vrijdag,423
18/09/2004,zaterdag,203
19/09/2004,zondag,217
20/09/2004,maandag,401
21/09/2004,dinsdag,412
22/09/2004,woensdag,370
23/09/2004,donderdag,349
24/09/2004,vrijdag,379
25/09/2004,zaterdag,222
26/09/2004,zondag,209
27/09/2004,maandag,327
28/09/2004,dinsdag,398
29/09/2004,woensdag,356
30/09/2004,donderdag,405
1/10/2004,vrijdag,366
2/10/2004,zaterdag,226
3/10/2004,zondag,199
4/10/2004,maandag,340
5/10/2004,dinsdag,348
6/10/2004,woensdag,327
7/10/2004,donderdag,348
8/10/2004,vrijdag,327
9/10/2004,zaterdag,181
10/10/2004,zondag,206
11/10/2004,maandag,348
12/10/2004,dinsdag,408
13/10/2004,woensdag,330
14/10/2004,donderdag,334
15/10/2004,vrijdag,387
16/10/2004,zaterdag,223
17/10/2004,zondag,201
18/10/2004,maandag,384
19/10/2004,dinsdag,413
20/10/2004,woensdag,327
21/10/2004,donderdag,346
22/10/2004,vrijdag,352
23/10/2004,zaterdag,212
24/10/2004,zondag,191
25/10/2004,maandag,351
26/10/2004,dinsdag,403
27/10/2004,woensdag,413
28/10/2004,donderdag,409
29/10/2004,vrijdag,398
30/10/2004,zaterdag,192
31/10/2004,zondag,194
1/11/2004,maandag,199
2/11/2004,dinsdag,290
3/11/2004,woensdag,360
4/11/2004,donderdag,389
5/11/2004,vrijdag,310
6/11/2004,zaterdag,205
7/11/2004,zondag,169
8/11/2004,maandag,410
9/11/2004,dinsdag,381
10/11/2004,woensdag,406
11/11/2004,donderdag,206
12/11/2004,vrijdag,341
13/11/2004,zaterdag,212
14/11/2004,zondag,202
15/11/2004,maandag,359
16/11/2004,dinsdag,376
17/11/2004,woensdag,375
18/11/2004,donderdag,403
19/11/2004,vrijdag,341
20/11/2004,zaterdag,197
21/11/2004,zondag,198
22/11/2004,maandag,380
23/11/2004,dinsdag,426
24/11/2004,woensdag,338
25/11/2004,donderdag,380
26/11/2004,vrijdag,339
27/11/2004,zaterdag,188
28/11/2004,zondag,200
29/11/2004,maandag,363
30/11/2004,dinsdag,382
1/12/2004,woensdag,330
2/12/2004,donderdag,335
3/12/2004,vrijdag,344
4/12/2004,zaterdag,183
5/12/2004,zondag,187
6/12/2004,maandag,354
7/12/2004,dinsdag,382
8/12/2004,woensdag,339
9/12/2004,donderdag,401
10/12/2004,vrijdag,350
11/12/2004,zaterdag,202
12/12/2004,zondag,200
13/12/2004,maandag,363
14/12/2004,dinsdag,412
15/12/2004,woensdag,394
16/12/2004,donderdag,442
17/12/2004,vrijdag,416
18/12/2004,zaterdag,213
19/12/2004,zondag,172
20/12/2004,maandag,407
21/12/2004,dinsdag,377
22/12/2004,woensdag,358
23/12/2004,donderdag,383
24/12/2004,vrijdag,311
25/12/2004,zaterdag,195
26/12/2004,zondag,196
27/12/2004,maandag,364
28/12/2004,dinsdag,375
29/12/2004,woensdag,342
30/12/2004,donderdag,386
31/12/2004,vrijdag,258
1/01/2005,zaterdag,185
2/01/2005,zondag,190
3/01/2005,maandag,358
4/01/2005,dinsdag,407
5/01/2005,woensdag,332
6/01/2005,donderdag,359
7/01/2005,vrijdag,333
8/01/2005,zaterdag,227
9/01/2005,zondag,186
10/01/2005,maandag,384
11/01/2005,dinsdag,407
12/01/2005,woensdag,350
13/01/2005,donderdag,354
14/01/2005,vrijdag,350
15/01/2005,zaterdag,194
16/01/2005,zondag,183
17/01/2005,maandag,404
18/01/2005,dinsdag,406
19/01/2005,woensdag,344
20/01/2005,donderdag,368
21/01/2005,vrijdag,372
22/01/2005,zaterdag,191
23/01/2005,zondag,191
24/01/2005,maandag,356
25/01/2005,dinsdag,427
26/01/2005,woensdag,348
27/01/2005,donderdag,331
28/01/2005,vrijdag,403
29/01/2005,zaterdag,203
30/01/2005,zondag,221
31/01/2005,maandag,363
1/02/2005,dinsdag,402
2/02/2005,woensdag,383
3/02/2005,donderdag,380
4/02/2005,vrijdag,396
5/02/2005,zaterdag,195
6/02/2005,zondag,196
7/02/2005,maandag,341
8/02/2005,dinsdag,366
9/02/2005,woensdag,313
10/02/2005,donderdag,378
11/02/2005,vrijdag,345
12/02/2005,zaterdag,230
13/02/2005,zondag,240
14/02/2005,maandag,364
15/02/2005,dinsdag,377
16/02/2005,woensdag,377
17/02/2005,donderdag,395
18/02/2005,vrijdag,367
19/02/2005,zaterdag,231
20/02/2005,zondag,190
21/02/2005,maandag,372
22/02/2005,dinsdag,356
23/02/2005,woensdag,362
24/02/2005,donderdag,365
25/02/2005,vrijdag,382
26/02/2005,zaterdag,192
27/02/2005,zondag,205
28/02/2005,maandag,373
1/03/2005,dinsdag,387
2/03/2005,woensdag,363
3/03/2005,donderdag,369
4/03/2005,vrijdag,377
5/03/2005,zaterdag,227
6/03/2005,zondag,221
7/03/2005,maandag,349
8/03/2005,dinsdag,398
9/03/2005,woensdag,371
10/03/2005,donderdag,378
11/03/2005,vrijdag,363
12/03/2005,zaterdag,217
13/03/2005,zondag,201
14/03/2005,maandag,357
15/03/2005,dinsdag,376
16/03/2005,woensdag,378
17/03/2005,donderdag,393
18/03/2005,vrijdag,366
19/03/2005,zaterdag,193
20/03/2005,zondag,197
21/03/2005,maandag,369
22/03/2005,dinsdag,393
23/03/2005,woensdag,393
24/03/2005,donderdag,383
25/03/2005,vrijdag,375
26/03/2005,zaterdag,191
27/03/2005,zondag,196
28/03/2005,maandag,248
29/03/2005,dinsdag,367
30/03/2005,woensdag,401
31/03/2005,donderdag,415
1/04/2005,vrijdag,343
2/04/2005,zaterdag,225
3/04/2005,zondag,211
4/04/2005,maandag,349
5/04/2005,dinsdag,387
6/04/2005,woensdag,349
7/04/2005,donderdag,334
8/04/2005,vrijdag,366
9/04/2005,zaterdag,227
10/04/2005,zondag,195
11/04/2005,maandag,366
12/04/2005,dinsdag,439
13/04/2005,woensdag,344
14/04/2005,donderdag,370
15/04/2005,vrijdag,382
16/04/2005,zaterdag,226
17/04/2005,zondag,217
18/04/2005,maandag,379
19/04/2005,dinsdag,378
20/04/2005,woensdag,343
21/04/2005,donderdag,375
22/04/2005,vrijdag,410
23/04/2005,zaterdag,216
24/04/2005,zondag,214
25/04/2005,maandag,389
26/04/2005,dinsdag,375
27/04/2005,woensdag,383
28/04/2005,donderdag,363
29/04/2005,vrijdag,380
30/04/2005,zaterdag,187
1/05/2005,zondag,225
2/05/2005,maandag,406
3/05/2005,dinsdag,400
4/05/2005,woensdag,418
5/05/2005,donderdag,221
6/05/2005,vrijdag,319
7/05/2005,zaterdag,168
8/05/2005,zondag,221
9/05/2005,maandag,373
10/05/2005,dinsdag,394
11/05/2005,woensdag,373
12/05/2005,donderdag,373
13/05/2005,vrijdag,374
14/05/2005,zaterdag,213
15/05/2005,zondag,183
16/05/2005,maandag,177
17/05/2005,dinsdag,364
18/05/2005,woensdag,374
19/05/2005,donderdag,422
20/05/2005,vrijdag,395
21/05/2005,zaterdag,185
22/05/2005,zondag,189
23/05/2005,maandag,373
24/05/2005,dinsdag,399
25/05/2005,woensdag,332
26/05/2005,donderdag,362
27/05/2005,vrijdag,384
28/05/2005,zaterdag,249
29/05/2005,zondag,198
30/05/2005,maandag,347
31/05/2005,dinsdag,384
1/06/2005,woensdag,351
2/06/2005,donderdag,367
3/06/2005,vrijdag,365
4/06/2005,zaterdag,189
5/06/2005,zondag,203
6/06/2005,maandag,360
7/06/2005,dinsdag,425
8/06/2005,woensdag,350
9/06/2005,donderdag,369
10/06/2005,vrijdag,350
11/06/2005,zaterdag,198
12/06/2005,zondag,230
13/06/2005,maandag,346
14/06/2005,dinsdag,380
15/06/2005,woensdag,354
16/06/2005,donderdag,387
17/06/2005,vrijdag,360
18/06/2005,zaterdag,224
19/06/2005,zondag,189
20/06/2005,maandag,382
21/06/2005,dinsdag,402
22/06/2005,woensdag,382
23/06/2005,donderdag,381
24/06/2005,vrijdag,354
25/06/2005,zaterdag,212
26/06/2005,zondag,226
27/06/2005,maandag,377
28/06/2005,dinsdag,401
29/06/2005,woensdag,405
30/06/2005,donderdag,402
1/07/2005,vrijdag,362
2/07/2005,zaterdag,195
3/07/2005,zondag,212
4/07/2005,maandag,383
5/07/2005,dinsdag,325
6/07/2005,woensdag,337
7/07/2005,donderdag,398
8/07/2005,vrijdag,397
9/07/2005,zaterdag,201
10/07/2005,zondag,208
11/07/2005,maandag,378
12/07/2005,dinsdag,354
13/07/2005,woensdag,363
14/07/2005,donderdag,418
15/07/2005,vrijdag,399
16/07/2005,zaterdag,206
17/07/2005,zondag,209
18/07/2005,maandag,363
19/07/2005,dinsdag,430
20/07/2005,woensdag,435
21/07/2005,donderdag,222
22/07/2005,vrijdag,365
23/07/2005,zaterdag,230
24/07/2005,zondag,203
25/07/2005,maandag,372
26/07/2005,dinsdag,423
27/07/2005,woensdag,416
28/07/2005,donderdag,387
29/07/2005,vrijdag,431
30/07/2005,zaterdag,213
31/07/2005,zondag,179
1/08/2005,maandag,386
2/08/2005,dinsdag,400
3/08/2005,woensdag,384
4/08/2005,donderdag,395
5/08/2005,vrijdag,353
6/08/2005,zaterdag,227
7/08/2005,zondag,224
8/08/2005,maandag,376
9/08/2005,dinsdag,396
10/08/2005,woensdag,355
11/08/2005,donderdag,413
12/08/2005,vrijdag,426
13/08/2005,zaterdag,205
14/08/2005,zondag,206
15/08/2005,maandag,227
16/08/2005,dinsdag,393
17/08/2005,woensdag,370
18/08/2005,donderdag,434
19/08/2005,vrijdag,405
20/08/2005,zaterdag,201
21/08/2005,zondag,189
22/08/2005,maandag,363
23/08/2005,dinsdag,390
24/08/2005,woensdag,403
25/08/2005,donderdag,406
26/08/2005,vrijdag,379
27/08/2005,zaterdag,217
28/08/2005,zondag,205
29/08/2005,maandag,397
30/08/2005,dinsdag,406
31/08/2005,woensdag,321
1/09/2005,donderdag,345
2/09/2005,vrijdag,378
3/09/2005,zaterdag,198
4/09/2005,zondag,215
5/09/2005,maandag,374
6/09/2005,dinsdag,438
7/09/2005,woensdag,366
8/09/2005,donderdag,417
9/09/2005,vrijdag,397
10/09/2005,zaterdag,218
11/09/2005,zondag,217
12/09/2005,maandag,359
13/09/2005,dinsdag,394
14/09/2005,woensdag,371
15/09/2005,donderdag,401
16/09/2005,vrijdag,351
17/09/2005,zaterdag,205
18/09/2005,zondag,190
19/09/2005,maandag,410
20/09/2005,dinsdag,388
21/09/2005,woensdag,351
22/09/2005,donderdag,414
23/09/2005,vrijdag,398
24/09/2005,zaterdag,229
25/09/2005,zondag,221
26/09/2005,maandag,369
27/09/2005,dinsdag,351
28/09/2005,woensdag,337
29/09/2005,donderdag,385
30/09/2005,vrijdag,418
1/10/2005,zaterdag,215
2/10/2005,zondag,221
3/10/2005,maandag,377
4/10/2005,dinsdag,379
5/10/2005,woensdag,357
6/10/2005,donderdag,388
7/10/2005,vrijdag,392
8/10/2005,zaterdag,209
9/10/2005,zondag,212
10/10/2005,maandag,407
11/10/2005,dinsdag,415
12/10/2005,woensdag,362
13/10/2005,donderdag,390
14/10/2005,vrijdag,366
15/10/2005,zaterdag,196
16/10/2005,zondag,206
17/10/2005,maandag,360
18/10/2005,dinsdag,407
19/10/2005,woensdag,363
20/10/2005,donderdag,400
21/10/2005,vrijdag,416
22/10/2005,zaterdag,220
23/10/2005,zondag,191
24/10/2005,maandag,393
25/10/2005,dinsdag,428
26/10/2005,woensdag,399
27/10/2005,donderdag,397
28/10/2005,vrijdag,382
29/10/2005,zaterdag,178
30/10/2005,zondag,174
31/10/2005,maandag,337
1/11/2005,dinsdag,184
2/11/2005,woensdag,312
3/11/2005,donderdag,411
4/11/2005,vrijdag,347
5/11/2005,zaterdag,223
6/11/2005,zondag,192
7/11/2005,maandag,390
8/11/2005,dinsdag,412
9/11/2005,woensdag,370
10/11/2005,donderdag,399
11/11/2005,vrijdag,200
12/11/2005,zaterdag,220
13/11/2005,zondag,206
14/11/2005,maandag,385
15/11/2005,dinsdag,396
16/11/2005,woensdag,366
17/11/2005,donderdag,320
18/11/2005,vrijdag,332
19/11/2005,zaterdag,171
20/11/2005,zondag,226
21/11/2005,maandag,348
22/11/2005,dinsdag,414
23/11/2005,woensdag,351
24/11/2005,donderdag,361
25/11/2005,vrijdag,353
26/11/2005,zaterdag,195
27/11/2005,zondag,200
28/11/2005,maandag,350
29/11/2005,dinsdag,335
30/11/2005,woensdag,323
1/12/2005,donderdag,366
2/12/2005,vrijdag,305
3/12/2005,zaterdag,219
4/12/2005,zondag,196
5/12/2005,maandag,360
6/12/2005,dinsdag,413
7/12/2005,woensdag,352
8/12/2005,donderdag,386
9/12/2005,vrijdag,356
10/12/2005,zaterdag,197
11/12/2005,zondag,198
12/12/2005,maandag,366
13/12/2005,dinsdag,369
14/12/2005,woensdag,384
15/12/2005,donderdag,430
16/12/2005,vrijdag,417
17/12/2005,zaterdag,208
18/12/2005,zondag,198
19/12/2005,maandag,406
20/12/2005,dinsdag,420
21/12/2005,woensdag,371
22/12/2005,donderdag,372
23/12/2005,vrijdag,325
24/12/2005,zaterdag,185
25/12/2005,zondag,212
26/12/2005,maandag,300
27/12/2005,dinsdag,359
28/12/2005,woensdag,320
29/12/2005,donderdag,341
30/12/2005,vrijdag,325
31/12/2005,zaterdag,184
1/01/2006,zondag,200
2/01/2006,maandag,287
3/01/2006,dinsdag,380
4/01/2006,woensdag,374
5/01/2006,donderdag,367
6/01/2006,vrijdag,373
7/01/2006,zaterdag,220
8/01/2006,zondag,228
9/01/2006,maandag,347
10/01/2006,dinsdag,389
11/01/2006,woensdag,365
12/01/2006,donderdag,375
13/01/2006,vrijdag,328
14/01/2006,zaterdag,238
15/01/2006,zondag,192
16/01/2006,maandag,400
17/01/2006,dinsdag,402
18/01/2006,woensdag,408
19/01/2006,donderdag,384
20/01/2006,vrijdag,383
21/01/2006,zaterdag,227
22/01/2006,zondag,200
23/01/2006,maandag,371
24/01/2006,dinsdag,396
25/01/2006,woensdag,356
26/01/2006,donderdag,406
27/01/2006,vrijdag,376
28/01/2006,zaterdag,230
29/01/2006,zondag,190
30/01/2006,maandag,372
31/01/2006,dinsdag,355
1/02/2006,woensdag,355
2/02/2006,donderdag,351
3/02/2006,vrijdag,356
4/02/2006,zaterdag,232
5/02/2006,zondag,197
6/02/2006,maandag,364
7/02/2006,dinsdag,347
8/02/2006,woensdag,377
9/02/2006,donderdag,354
10/02/2006,vrijdag,398
11/02/2006,zaterdag,198
12/02/2006,zondag,186
13/02/2006,maandag,365
14/02/2006,dinsdag,381
15/02/2006,woensdag,357
16/02/2006,donderdag,411
17/02/2006,vrijdag,408
18/02/2006,zaterdag,220
19/02/2006,zondag,219
20/02/2006,maandag,384
21/02/2006,dinsdag,422
22/02/2006,woensdag,363
23/02/2006,donderdag,402
24/02/2006,vrijdag,368
25/02/2006,zaterdag,199
26/02/2006,zondag,200
27/02/2006,maandag,352
28/02/2006,dinsdag,369
1/03/2006,woensdag,338
2/03/2006,donderdag,329
3/03/2006,vrijdag,317
4/03/2006,zaterdag,200
5/03/2006,zondag,236
6/03/2006,maandag,370
7/03/2006,dinsdag,397
8/03/2006,woensdag,361
9/03/2006,donderdag,400
10/03/2006,vrijdag,414
11/03/2006,zaterdag,220
12/03/2006,zondag,191
13/03/2006,maandag,348
14/03/2006,dinsdag,400
15/03/2006,woensdag,349
16/03/2006,donderdag,409
17/03/2006,vrijdag,397
18/03/2006,zaterdag,195
19/03/2006,zondag,221
20/03/2006,maandag,396
21/03/2006,dinsdag,421
22/03/2006,woensdag,358
23/03/2006,donderdag,369
24/03/2006,vrijdag,401
25/03/2006,zaterdag,219
26/03/2006,zondag,213
27/03/2006,maandag,403
28/03/2006,dinsdag,418
29/03/2006,woensdag,390
30/03/2006,donderdag,409
31/03/2006,vrijdag,360
1/04/2006,zaterdag,218
2/04/2006,zondag,187
3/04/2006,maandag,343
4/04/2006,dinsdag,370
5/04/2006,woensdag,365
6/04/2006,donderdag,349
7/04/2006,vrijdag,356
8/04/2006,zaterdag,212
9/04/2006,zondag,215
10/04/2006,maandag,340
11/04/2006,dinsdag,383
12/04/2006,woensdag,343
13/04/2006,donderdag,387
14/04/2006,vrijdag,370
15/04/2006,zaterdag,211
16/04/2006,zondag,246
17/04/2006,maandag,252
18/04/2006,dinsdag,394
19/04/2006,woensdag,391
20/04/2006,donderdag,408
21/04/2006,vrijdag,414
22/04/2006,zaterdag,227
23/04/2006,zondag,207
24/04/2006,maandag,430
25/04/2006,dinsdag,419
26/04/2006,woensdag,404
27/04/2006,donderdag,387
28/04/2006,vrijdag,434
29/04/2006,zaterdag,216
30/04/2006,zondag,227
1/05/2006,maandag,221
2/05/2006,dinsdag,434
3/05/2006,woensdag,388
4/05/2006,donderdag,422
5/05/2006,vrijdag,390
6/05/2006,zaterdag,186
7/05/2006,zondag,237
8/05/2006,maandag,351
9/05/2006,dinsdag,394
10/05/2006,woensdag,393
11/05/2006,donderdag,402
12/05/2006,vrijdag,374
13/05/2006,zaterdag,204
14/05/2006,zondag,236
15/05/2006,maandag,421
16/05/2006,dinsdag,401
17/05/2006,woensdag,384
18/05/2006,donderdag,387
19/05/2006,vrijdag,392
20/05/2006,zaterdag,209
21/05/2006,zondag,205
22/05/2006,maandag,384
23/05/2006,dinsdag,426
24/05/2006,woensdag,387
25/05/2006,donderdag,227
26/05/2006,vrijdag,347
27/05/2006,zaterdag,195
28/05/2006,zondag,217
29/05/2006,maandag,389
30/05/2006,dinsdag,430
31/05/2006,woensdag,401
1/06/2006,donderdag,403
2/06/2006,vrijdag,412
3/06/2006,zaterdag,211
4/06/2006,zondag,223
5/06/2006,maandag,220
6/06/2006,dinsdag,360
7/06/2006,woensdag,388
8/06/2006,donderdag,428
9/06/2006,vrijdag,402
10/06/2006,zaterdag,222
11/06/2006,zondag,226
12/06/2006,maandag,398
13/06/2006,dinsdag,397
14/06/2006,woensdag,378
15/06/2006,donderdag,384
16/06/2006,vrijdag,396
17/06/2006,zaterdag,215
18/06/2006,zondag,213
19/06/2006,maandag,364
20/06/2006,dinsdag,396
21/06/2006,woensdag,352
22/06/2006,donderdag,376
23/06/2006,vrijdag,421
24/06/2006,zaterdag,232
25/06/2006,zondag,209
26/06/2006,maandag,394
27/06/2006,dinsdag,411
28/06/2006,woensdag,390
29/06/2006,donderdag,372
30/06/2006,vrijdag,378
1/07/2006,zaterdag,239
2/07/2006,zondag,205
3/07/2006,maandag,361
4/07/2006,dinsdag,404
5/07/2006,woensdag,405
6/07/2006,donderdag,430
7/07/2006,vrijdag,394
8/07/2006,zaterdag,211
9/07/2006,zondag,225
10/07/2006,maandag,376
11/07/2006,dinsdag,359
12/07/2006,woensdag,390
13/07/2006,donderdag,401
14/07/2006,vrijdag,426
15/07/2006,zaterdag,206
16/07/2006,zondag,205
17/07/2006,maandag,373
18/07/2006,dinsdag,428
19/07/2006,woensdag,402
20/07/2006,donderdag,428
21/07/2006,vrijdag,251
22/07/2006,zaterdag,225
23/07/2006,zondag,222
24/07/2006,maandag,379
25/07/2006,dinsdag,378
26/07/2006,woensdag,440
27/07/2006,donderdag,407
28/07/2006,vrijdag,428
29/07/2006,zaterdag,213
30/07/2006,zondag,212
31/07/2006,maandag,367
1/08/2006,dinsdag,403
2/08/2006,woensdag,396
3/08/2006,donderdag,389
4/08/2006,vrijdag,347
5/08/2006,zaterdag,183
6/08/2006,zondag,200
7/08/2006,maandag,387
8/08/2006,dinsdag,399
9/08/2006,woensdag,390
10/08/2006,donderdag,414
11/08/2006,vrijdag,409
12/08/2006,zaterdag,210
13/08/2006,zondag,225
14/08/2006,maandag,333
15/08/2006,dinsdag,270
16/08/2006,woensdag,373
17/08/2006,donderdag,414
18/08/2006,vrijdag,454
19/08/2006,zaterdag,192
20/08/2006,zondag,217
21/08/2006,maandag,374
22/08/2006,dinsdag,403
23/08/2006,woensdag,380
24/08/2006,donderdag,420
25/08/2006,vrijdag,440
26/08/2006,zaterdag,205
27/08/2006,zondag,208
28/08/2006,maandag,404
29/08/2006,dinsdag,384
30/08/2006,woensdag,386
31/08/2006,donderdag,390
1/09/2006,vrijdag,363
2/09/2006,zaterdag,225
3/09/2006,zondag,204
4/09/2006,maandag,378
5/09/2006,dinsdag,410
6/09/2006,woensdag,384
7/09/2006,donderdag,408
8/09/2006,vrijdag,405
9/09/2006,zaterdag,236
10/09/2006,zondag,232
11/09/2006,maandag,414
12/09/2006,dinsdag,408
13/09/2006,woensdag,376
14/09/2006,donderdag,409
15/09/2006,vrijdag,457
16/09/2006,zaterdag,242
17/09/2006,zondag,234
18/09/2006,maandag,432
19/09/2006,dinsdag,407
20/09/2006,woensdag,391
21/09/2006,donderdag,440
22/09/2006,vrijdag,415
23/09/2006,zaterdag,213
24/09/2006,zondag,239
25/09/2006,maandag,416
26/09/2006,dinsdag,430
27/09/2006,woensdag,401
28/09/2006,donderdag,424
29/09/2006,vrijdag,423
30/09/2006,zaterdag,213
1/10/2006,zondag,207
2/10/2006,maandag,374
3/10/2006,dinsdag,389
4/10/2006,woensdag,357
5/10/2006,donderdag,349
6/10/2006,vrijdag,396
7/10/2006,zaterdag,230
8/10/2006,zondag,210
9/10/2006,maandag,393
10/10/2006,dinsdag,437
11/10/2006,woensdag,403
12/10/2006,donderdag,438
13/10/2006,vrijdag,371
14/10/2006,zaterdag,205
15/10/2006,zondag,216
16/10/2006,maandag,400
17/10/2006,dinsdag,398
18/10/2006,woensdag,349
19/10/2006,donderdag,442
20/10/2006,vrijdag,394
21/10/2006,zaterdag,243
22/10/2006,zondag,218
23/10/2006,maandag,404
24/10/2006,dinsdag,439
25/10/2006,woensdag,387
26/10/2006,donderdag,434
27/10/2006,vrijdag,454
28/10/2006,zaterdag,229
29/10/2006,zondag,202
30/10/2006,maandag,338
31/10/2006,dinsdag,405
1/11/2006,woensdag,226
2/11/2006,donderdag,328
3/11/2006,vrijdag,322
4/11/2006,zaterdag,202
5/11/2006,zondag,233
6/11/2006,maandag,386
7/11/2006,dinsdag,390
8/11/2006,woensdag,374
9/11/2006,donderdag,384
10/11/2006,vrijdag,356
11/11/2006,zaterdag,209
12/11/2006,zondag,231
13/11/2006,maandag,384
14/11/2006,dinsdag,419
15/11/2006,woensdag,445
16/11/2006,donderdag,366
17/11/2006,vrijdag,366
18/11/2006,zaterdag,207
19/11/2006,zondag,223
20/11/2006,maandag,354
21/11/2006,dinsdag,394
22/11/2006,woensdag,399
23/11/2006,donderdag,363
24/11/2006,vrijdag,369
25/11/2006,zaterdag,190
26/11/2006,zondag,215
27/11/2006,maandag,369
28/11/2006,dinsdag,359
29/11/2006,woensdag,372
30/11/2006,donderdag,331
1/12/2006,vrijdag,324
2/12/2006,zaterdag,189
3/12/2006,zondag,173
4/12/2006,maandag,353
5/12/2006,dinsdag,383
6/12/2006,woensdag,328
7/12/2006,donderdag,351
8/12/2006,vrijdag,364
9/12/2006,zaterdag,207
10/12/2006,zondag,186
11/12/2006,maandag,340
12/12/2006,dinsdag,370
13/12/2006,woensdag,342
14/12/2006,donderdag,379
15/12/2006,vrijdag,402
16/12/2006,zaterdag,212
17/12/2006,zondag,205
18/12/2006,maandag,390
19/12/2006,dinsdag,462
20/12/2006,woensdag,400
21/12/2006,donderdag,412
22/12/2006,vrijdag,371
23/12/2006,zaterdag,203
24/12/2006,zondag,203
25/12/2006,maandag,198
26/12/2006,dinsdag,324
27/12/2006,woensdag,378
28/12/2006,donderdag,368
29/12/2006,vrijdag,379
30/12/2006,zaterdag,193
31/12/2006,zondag,198
1/01/2007,maandag,247
2/01/2007,dinsdag,341
3/01/2007,woensdag,380
4/01/2007,donderdag,363
5/01/2007,vrijdag,410
6/01/2007,zaterdag,269
7/01/2007,zondag,209
8/01/2007,maandag,380
9/01/2007,dinsdag,389
10/01/2007,woensdag,384
11/01/2007,donderdag,382
12/01/2007,vrijdag,368
13/01/2007,zaterdag,247
14/01/2007,zondag,200
15/01/2007,maandag,356
16/01/2007,dinsdag,402
17/01/2007,woensdag,343
18/01/2007,donderdag,381
19/01/2007,vrijdag,459
20/01/2007,zaterdag,206
21/01/2007,zondag,201
22/01/2007,maandag,383
23/01/2007,dinsdag,408
24/01/2007,woensdag,418
25/01/2007,donderdag,406
26/01/2007,vrijdag,397
27/01/2007,zaterdag,231
28/01/2007,zondag,211
29/01/2007,maandag,392
30/01/2007,dinsdag,372
31/01/2007,woensdag,383
1/02/2007,donderdag,393
2/02/2007,vrijdag,404
3/02/2007,zaterdag,242
4/02/2007,zondag,219
5/02/2007,maandag,386
6/02/2007,dinsdag,387
7/02/2007,woensdag,377
8/02/2007,donderdag,392
9/02/2007,vrijdag,422
10/02/2007,zaterdag,215
11/02/2007,zondag,219
12/02/2007,maandag,419
13/02/2007,dinsdag,404
14/02/2007,woensdag,415
15/02/2007,donderdag,410
16/02/2007,vrijdag,421
17/02/2007,zaterdag,210
18/02/2007,zondag,231
19/02/2007,maandag,371
20/02/2007,dinsdag,365
21/02/2007,woensdag,323
22/02/2007,donderdag,374
23/02/2007,vrijdag,353
24/02/2007,zaterdag,210
25/02/2007,zondag,225
26/02/2007,maandag,410
27/02/2007,dinsdag,430
28/02/2007,woensdag,370
1/03/2007,donderdag,374
2/03/2007,vrijdag,378
3/03/2007,zaterdag,215
4/03/2007,zondag,241
5/03/2007,maandag,363
6/03/2007,dinsdag,405
7/03/2007,woensdag,360
8/03/2007,donderdag,379
9/03/2007,vrijdag,372
10/03/2007,zaterdag,207
11/03/2007,zondag,217
12/03/2007,maandag,375
13/03/2007,dinsdag,400
14/03/2007,woensdag,350
15/03/2007,donderdag,401
16/03/2007,vrijdag,380
17/03/2007,zaterdag,216
18/03/2007,zondag,247
19/03/2007,maandag,379
20/03/2007,dinsdag,396
21/03/2007,woensdag,398
22/03/2007,donderdag,366
23/03/2007,vrijdag,380
24/03/2007,zaterdag,248
25/03/2007,zondag,206
26/03/2007,maandag,401
27/03/2007,dinsdag,385
28/03/2007,woensdag,377
29/03/2007,donderdag,431
30/03/2007,vrijdag,400
31/03/2007,zaterdag,200
1/04/2007,zondag,183
2/04/2007,maandag,370
3/04/2007,dinsdag,398
4/04/2007,woensdag,373
5/04/2007,donderdag,386
6/04/2007,vrijdag,369
7/04/2007,zaterdag,202
8/04/2007,zondag,203
9/04/2007,maandag,230
10/04/2007,dinsdag,384
11/04/2007,woensdag,357
12/04/2007,donderdag,368
13/04/2007,vrijdag,354
14/04/2007,zaterdag,227
15/04/2007,zondag,231
16/04/2007,maandag,383
17/04/2007,dinsdag,386
18/04/2007,woensdag,366
19/04/2007,donderdag,360
20/04/2007,vrijdag,400
21/04/2007,zaterdag,243
22/04/2007,zondag,221
23/04/2007,maandag,381
24/04/2007,dinsdag,431
25/04/2007,woensdag,393
26/04/2007,donderdag,418
27/04/2007,vrijdag,385
28/04/2007,zaterdag,218
29/04/2007,zondag,221
30/04/2007,maandag,350
1/05/2007,dinsdag,242
2/05/2007,woensdag,381
3/05/2007,donderdag,389
4/05/2007,vrijdag,380
5/05/2007,zaterdag,219
6/05/2007,zondag,213
7/05/2007,maandag,450
8/05/2007,dinsdag,393
9/05/2007,woensdag,380
10/05/2007,donderdag,462
11/05/2007,vrijdag,409
12/05/2007,zaterdag,190
13/05/2007,zondag,240
14/05/2007,maandag,431
15/05/2007,dinsdag,453
16/05/2007,woensdag,438
17/05/2007,donderdag,213
18/05/2007,vrijdag,306
19/05/2007,zaterdag,207
20/05/2007,zondag,218
21/05/2007,maandag,419
22/05/2007,dinsdag,439
23/05/2007,woensdag,407
24/05/2007,donderdag,417
25/05/2007,vrijdag,432
26/05/2007,zaterdag,249
27/05/2007,zondag,220
28/05/2007,maandag,237
29/05/2007,dinsdag,412
30/05/2007,woensdag,400
31/05/2007,donderdag,378
1/06/2007,vrijdag,394
2/06/2007,zaterdag,233
3/06/2007,zondag,206
4/06/2007,maandag,345
5/06/2007,dinsdag,402
6/06/2007,woensdag,377
7/06/2007,donderdag,394
8/06/2007,vrijdag,390
9/06/2007,zaterdag,238
10/06/2007,zondag,211
11/06/2007,maandag,410
12/06/2007,dinsdag,410
13/06/2007,woensdag,361
14/06/2007,donderdag,388
15/06/2007,vrijdag,421
16/06/2007,zaterdag,228
17/06/2007,zondag,214
18/06/2007,maandag,398
19/06/2007,dinsdag,389
20/06/2007,woensdag,362
21/06/2007,donderdag,387
22/06/2007,vrijdag,408
23/06/2007,zaterdag,225
24/06/2007,zondag,225
25/06/2007,maandag,363
26/06/2007,dinsdag,448
27/06/2007,woensdag,353
28/06/2007,donderdag,405
29/06/2007,vrijdag,395
30/06/2007,zaterdag,197
1/07/2007,zondag,232
2/07/2007,maandag,404
3/07/2007,dinsdag,403
4/07/2007,woensdag,377
5/07/2007,donderdag,399
6/07/2007,vrijdag,402
7/07/2007,zaterdag,253
8/07/2007,zondag,237
9/07/2007,maandag,401
10/07/2007,dinsdag,417
11/07/2007,woensdag,364
12/07/2007,donderdag,392
13/07/2007,vrijdag,425
14/07/2007,zaterdag,262
15/07/2007,zondag,220
16/07/2007,maandag,451
17/07/2007,dinsdag,417
18/07/2007,woensdag,393
19/07/2007,donderdag,380
20/07/2007,vrijdag,420
21/07/2007,zaterdag,234
22/07/2007,zondag,224
23/07/2007,maandag,384
24/07/2007,dinsdag,424
25/07/2007,woensdag,388
26/07/2007,donderdag,412
27/07/2007,vrijdag,380
28/07/2007,zaterdag,210
29/07/2007,zondag,247
30/07/2007,maandag,398
31/07/2007,dinsdag,395
1/08/2007,woensdag,417
2/08/2007,donderdag,428
3/08/2007,vrijdag,375
4/08/2007,zaterdag,232
5/08/2007,zondag,209
6/08/2007,maandag,410
7/08/2007,dinsdag,440
8/08/2007,woensdag,416
9/08/2007,donderdag,417
10/08/2007,vrijdag,436
11/08/2007,zaterdag,242
12/08/2007,zondag,241
13/08/2007,maandag,404
14/08/2007,dinsdag,450
15/08/2007,woensdag,247
16/08/2007,donderdag,455
17/08/2007,vrijdag,388
18/08/2007,zaterdag,254
19/08/2007,zondag,218
20/08/2007,maandag,415
21/08/2007,dinsdag,468
22/08/2007,woensdag,404
23/08/2007,donderdag,409
24/08/2007,vrijdag,419
25/08/2007,zaterdag,255
26/08/2007,zondag,224
27/08/2007,maandag,403
28/08/2007,dinsdag,456
29/08/2007,woensdag,388
30/08/2007,donderdag,395
31/08/2007,vrijdag,412
1/09/2007,zaterdag,238
2/09/2007,zondag,220
3/09/2007,maandag,348
4/09/2007,dinsdag,464
5/09/2007,woensdag,405
6/09/2007,donderdag,392
7/09/2007,vrijdag,418
8/09/2007,zaterdag,216
9/09/2007,zondag,237
10/09/2007,maandag,375
11/09/2007,dinsdag,415
12/09/2007,woensdag,391
13/09/2007,donderdag,384
14/09/2007,vrijdag,439
15/09/2007,zaterdag,226
16/09/2007,zondag,224
17/09/2007,maandag,415
18/09/2007,dinsdag,387
19/09/2007,woensdag,433
20/09/2007,donderdag,414
21/09/2007,vrijdag,432
22/09/2007,zaterdag,280
23/09/2007,zondag,237
24/09/2007,maandag,414
25/09/2007,dinsdag,408
26/09/2007,woensdag,385
27/09/2007,donderdag,387
28/09/2007,vrijdag,417
29/09/2007,zaterdag,259
30/09/2007,zondag,230
1/10/2007,maandag,424
2/10/2007,dinsdag,418
3/10/2007,woensdag,394
4/10/2007,donderdag,412
5/10/2007,vrijdag,417
6/10/2007,zaterdag,215
7/10/2007,zondag,200
8/10/2007,maandag,403
9/10/2007,dinsdag,395
10/10/2007,woensdag,389
11/10/2007,donderdag,369
12/10/2007,vrijdag,366
13/10/2007,zaterdag,239
14/10/2007,zondag,234
15/10/2007,maandag,432
16/10/2007,dinsdag,384
17/10/2007,woensdag,372
18/10/2007,donderdag,394
19/10/2007,vrijdag,368
20/10/2007,zaterdag,212
21/10/2007,zondag,233
22/10/2007,maandag,402
23/10/2007,dinsdag,413
24/10/2007,woensdag,403
25/10/2007,donderdag,435
26/10/2007,vrijdag,413
27/10/2007,zaterdag,223
28/10/2007,zondag,213
29/10/2007,maandag,383
30/10/2007,dinsdag,418
31/10/2007,woensdag,395
1/11/2007,donderdag,208
2/11/2007,vrijdag,323
3/11/2007,zaterdag,249
4/11/2007,zondag,197
5/11/2007,maandag,371
6/11/2007,dinsdag,392
7/11/2007,woensdag,396
8/11/2007,donderdag,376
9/11/2007,vrijdag,373
10/11/2007,zaterdag,245
11/11/2007,zondag,220
12/11/2007,maandag,381
13/11/2007,dinsdag,385
14/11/2007,woensdag,376
15/11/2007,donderdag,394
16/11/2007,vrijdag,387
17/11/2007,zaterdag,205
18/11/2007,zondag,245
19/11/2007,maandag,403
20/11/2007,dinsdag,407
21/11/2007,woensdag,373
22/11/2007,donderdag,396
23/11/2007,vrijdag,342
24/11/2007,zaterdag,225
25/11/2007,zondag,201
26/11/2007,maandag,366
27/11/2007,dinsdag,427
28/11/2007,woensdag,350
29/11/2007,donderdag,395
30/11/2007,vrijdag,376
1/12/2007,zaterdag,201
2/12/2007,zondag,204
3/12/2007,maandag,366
4/12/2007,dinsdag,394
5/12/2007,woensdag,388
6/12/2007,donderdag,353
7/12/2007,vrijdag,385
8/12/2007,zaterdag,219
9/12/2007,zondag,225
10/12/2007,maandag,440
11/12/2007,dinsdag,408
12/12/2007,woensdag,386
13/12/2007,donderdag,372
14/12/2007,vrijdag,377
15/12/2007,zaterdag,202
16/12/2007,zondag,232
17/12/2007,maandag,411
18/12/2007,dinsdag,442
19/12/2007,woensdag,462
20/12/2007,donderdag,455
21/12/2007,vrijdag,473
22/12/2007,zaterdag,224
23/12/2007,zondag,213
24/12/2007,maandag,299
25/12/2007,dinsdag,219
26/12/2007,woensdag,353
27/12/2007,donderdag,444
28/12/2007,vrijdag,406
29/12/2007,zaterdag,250
30/12/2007,zondag,246
31/12/2007,maandag,311
1/01/2008,dinsdag,231
2/01/2008,woensdag,334
3/01/2008,donderdag,409
4/01/2008,vrijdag,429
5/01/2008,zaterdag,278
6/01/2008,zondag,237
7/01/2008,maandag,398
8/01/2008,dinsdag,441
9/01/2008,woensdag,380
10/01/2008,donderdag,415
11/01/2008,vrijdag,386
12/01/2008,zaterdag,229
13/01/2008,zondag,221
14/01/2008,maandag,413
15/01/2008,dinsdag,427
16/01/2008,woensdag,426
17/01/2008,donderdag,395
18/01/2008,vrijdag,461
19/01/2008,zaterdag,266
20/01/2008,zondag,213
21/01/2008,maandag,367
22/01/2008,dinsdag,417
23/01/2008,woensdag,361
24/01/2008,donderdag,392
25/01/2008,vrijdag,390
26/01/2008,zaterdag,225
27/01/2008,zondag,251
28/01/2008,maandag,400
29/01/2008,dinsdag,412
30/01/2008,woensdag,408
31/01/2008,donderdag,410
1/02/2008,vrijdag,421
2/02/2008,zaterdag,201
3/02/2008,zondag,225
4/02/2008,maandag,354
5/02/2008,dinsdag,417
6/02/2008,woensdag,337
7/02/2008,donderdag,364
8/02/2008,vrijdag,380
9/02/2008,zaterdag,212
10/02/2008,zondag,214
11/02/2008,maandag,403
12/02/2008,dinsdag,414
13/02/2008,woensdag,397
14/02/2008,donderdag,383
15/02/2008,vrijdag,374
16/02/2008,zaterdag,221
17/02/2008,zondag,226
18/02/2008,maandag,408
19/02/2008,dinsdag,412
20/02/2008,woensdag,397
21/02/2008,donderdag,398
22/02/2008,vrijdag,385
23/02/2008,zaterdag,231
24/02/2008,zondag,187
25/02/2008,maandag,390
26/02/2008,dinsdag,454
27/02/2008,woensdag,354
28/02/2008,donderdag,431
29/02/2008,vrijdag,342
1/03/2008,zaterdag,211
2/03/2008,zondag,216
3/03/2008,maandag,422
4/03/2008,dinsdag,414
5/03/2008,woensdag,381
6/03/2008,donderdag,411
7/03/2008,vrijdag,373
8/03/2008,zaterdag,220
9/03/2008,zondag,239
10/03/2008,maandag,394
11/03/2008,dinsdag,407
12/03/2008,woensdag,391
13/03/2008,donderdag,377
14/03/2008,vrijdag,373
15/03/2008,zaterdag,236
16/03/2008,zondag,222
17/03/2008,maandag,361
18/03/2008,dinsdag,445
19/03/2008,woensdag,386
20/03/2008,donderdag,451
21/03/2008,vrijdag,441
22/03/2008,zaterdag,232
23/03/2008,zondag,183
24/03/2008,maandag,236
25/03/2008,dinsdag,341
26/03/2008,woensdag,384
27/03/2008,donderdag,401
28/03/2008,vrijdag,371
29/03/2008,zaterdag,221
30/03/2008,zondag,217
31/03/2008,maandag,348
1/04/2008,dinsdag,351
2/04/2008,woensdag,351
3/04/2008,donderdag,392
4/04/2008,vrijdag,381
5/04/2008,zaterdag,222
6/04/2008,zondag,241
7/04/2008,maandag,409
8/04/2008,dinsdag,452
9/04/2008,woensdag,394
10/04/2008,donderdag,465
11/04/2008,vrijdag,410
12/04/2008,zaterdag,259
13/04/2008,zondag,234
14/04/2008,maandag,384
15/04/2008,dinsdag,413
16/04/2008,woensdag,417
17/04/2008,donderdag,428
18/04/2008,vrijdag,432
19/04/2008,zaterdag,224
20/04/2008,zondag,246
21/04/2008,maandag,389
22/04/2008,dinsdag,439
23/04/2008,woensdag,400
24/04/2008,donderdag,407
25/04/2008,vrijdag,413
26/04/2008,zaterdag,245
27/04/2008,zondag,239
28/04/2008,maandag,412
29/04/2008,dinsdag,467
30/04/2008,woensdag,416
1/05/2008,donderdag,243
2/05/2008,vrijdag,279
3/05/2008,zaterdag,252
4/05/2008,zondag,239
5/05/2008,maandag,431
6/05/2008,dinsdag,405
7/05/2008,woensdag,405
8/05/2008,donderdag,433
9/05/2008,vrijdag,433
10/05/2008,zaterdag,226
11/05/2008,zondag,232
12/05/2008,maandag,237
13/05/2008,dinsdag,427
14/05/2008,woensdag,430
15/05/2008,donderdag,446
16/05/2008,vrijdag,415
17/05/2008,zaterdag,241
18/05/2008,zondag,227
19/05/2008,maandag,386
20/05/2008,dinsdag,399
21/05/2008,woensdag,417
22/05/2008,donderdag,445
23/05/2008,vrijdag,402
24/05/2008,zaterdag,238
25/05/2008,zondag,237
26/05/2008,maandag,394
27/05/2008,dinsdag,398
28/05/2008,woensdag,377
29/05/2008,donderdag,357
30/05/2008,vrijdag,392
31/05/2008,zaterdag,232
1/06/2008,zondag,246
2/06/2008,maandag,379
3/06/2008,dinsdag,431
4/06/2008,woensdag,380
5/06/2008,donderdag,386
6/06/2008,vrijdag,372
7/06/2008,zaterdag,226
8/06/2008,zondag,264
9/06/2008,maandag,399
10/06/2008,dinsdag,441
11/06/2008,woensdag,405
12/06/2008,donderdag,417
13/06/2008,vrijdag,400
14/06/2008,zaterdag,239
15/06/2008,zondag,224
16/06/2008,maandag,390
17/06/2008,dinsdag,439
18/06/2008,woensdag,393
19/06/2008,donderdag,419
20/06/2008,vrijdag,421
21/06/2008,zaterdag,229
22/06/2008,zondag,249
23/06/2008,maandag,411
24/06/2008,dinsdag,437
25/06/2008,woensdag,408
26/06/2008,donderdag,440
27/06/2008,vrijdag,412
28/06/2008,zaterdag,237
29/06/2008,zondag,229
30/06/2008,maandag,392
1/07/2008,dinsdag,427
2/07/2008,woensdag,417
3/07/2008,donderdag,416
4/07/2008,vrijdag,424
5/07/2008,zaterdag,257
6/07/2008,zondag,243
7/07/2008,maandag,364
8/07/2008,dinsdag,433
9/07/2008,woensdag,382
10/07/2008,donderdag,455
11/07/2008,vrijdag,377
12/07/2008,zaterdag,213
13/07/2008,zondag,246
14/07/2008,maandag,389
15/07/2008,dinsdag,421
16/07/2008,woensdag,412
17/07/2008,donderdag,463
18/07/2008,vrijdag,447
19/07/2008,zaterdag,256
20/07/2008,zondag,256
21/07/2008,maandag,280
22/07/2008,dinsdag,414
23/07/2008,woensdag,454
24/07/2008,donderdag,460
25/07/2008,vrijdag,462
26/07/2008,zaterdag,271
27/07/2008,zondag,240
28/07/2008,maandag,450
29/07/2008,dinsdag,431
30/07/2008,woensdag,414
31/07/2008,donderdag,416
1/08/2008,vrijdag,435
2/08/2008,zaterdag,231
3/08/2008,zondag,219
4/08/2008,maandag,404
5/08/2008,dinsdag,415
6/08/2008,woensdag,374
7/08/2008,donderdag,448
8/08/2008,vrijdag,448
9/08/2008,zaterdag,205
10/08/2008,zondag,241
11/08/2008,maandag,398
12/08/2008,dinsdag,424
13/08/2008,woensdag,384
14/08/2008,donderdag,434
15/08/2008,vrijdag,249
16/08/2008,zaterdag,242
17/08/2008,zondag,238
18/08/2008,maandag,401
19/08/2008,dinsdag,442
20/08/2008,woensdag,415
21/08/2008,donderdag,426
22/08/2008,vrijdag,356
23/08/2008,zaterdag,222
24/08/2008,zondag,216
25/08/2008,maandag,374
26/08/2008,dinsdag,405
27/08/2008,woensdag,404
28/08/2008,donderdag,398
29/08/2008,vrijdag,340
30/08/2008,zaterdag,225
31/08/2008,zondag,247
1/09/2008,maandag,394
2/09/2008,dinsdag,439
3/09/2008,woensdag,387
4/09/2008,donderdag,405
5/09/2008,vrijdag,399
6/09/2008,zaterdag,225
7/09/2008,zondag,240
8/09/2008,maandag,384
9/09/2008,dinsdag,411
10/09/2008,woensdag,405
11/09/2008,donderdag,394
12/09/2008,vrijdag,402
13/09/2008,zaterdag,214
14/09/2008,zondag,216
15/09/2008,maandag,409
16/09/2008,dinsdag,418
17/09/2008,woensdag,409
18/09/2008,donderdag,399
19/09/2008,vrijdag,443
20/09/2008,zaterdag,257
21/09/2008,zondag,252
22/09/2008,maandag,419
23/09/2008,dinsdag,451
24/09/2008,woensdag,403
25/09/2008,donderdag,399
26/09/2008,vrijdag,438
27/09/2008,zaterdag,237
28/09/2008,zondag,242
29/09/2008,maandag,431
30/09/2008,dinsdag,438
1/10/2008,woensdag,416
2/10/2008,donderdag,402
3/10/2008,vrijdag,362
4/10/2008,zaterdag,228
5/10/2008,zondag,214
6/10/2008,maandag,404
7/10/2008,dinsdag,429
8/10/2008,woensdag,405
9/10/2008,donderdag,386
10/10/2008,vrijdag,381
11/10/2008,zaterdag,221
12/10/2008,zondag,218
13/10/2008,maandag,407
14/10/2008,dinsdag,395
15/10/2008,woensdag,404
16/10/2008,donderdag,375
17/10/2008,vrijdag,403
18/10/2008,zaterdag,227
19/10/2008,zondag,206
20/10/2008,maandag,373
21/10/2008,dinsdag,446
22/10/2008,woensdag,401
23/10/2008,donderdag,452
24/10/2008,vrijdag,412
25/10/2008,zaterdag,238
26/10/2008,zondag,244
27/10/2008,maandag,351
28/10/2008,dinsdag,421
29/10/2008,woensdag,361
30/10/2008,donderdag,344
31/10/2008,vrijdag,369
1/11/2008,zaterdag,204
2/11/2008,zondag,211
3/11/2008,maandag,387
4/11/2008,dinsdag,408
5/11/2008,woensdag,427
6/11/2008,donderdag,413
7/11/2008,vrijdag,417
8/11/2008,zaterdag,234
9/11/2008,zondag,234
10/11/2008,maandag,392
11/11/2008,dinsdag,236
12/11/2008,woensdag,412
13/11/2008,donderdag,380
14/11/2008,vrijdag,413
15/11/2008,zaterdag,214
16/11/2008,zondag,204
17/11/2008,maandag,401
18/11/2008,dinsdag,392
19/11/2008,woensdag,394
20/11/2008,donderdag,408
21/11/2008,vrijdag,391
22/11/2008,zaterdag,227
23/11/2008,zondag,239
24/11/2008,maandag,405
25/11/2008,dinsdag,413
26/11/2008,woensdag,365
27/11/2008,donderdag,374
28/11/2008,vrijdag,361
29/11/2008,zaterdag,218
30/11/2008,zondag,225
1/12/2008,maandag,398
2/12/2008,dinsdag,385
3/12/2008,woensdag,347
4/12/2008,donderdag,362
5/12/2008,vrijdag,355
6/12/2008,zaterdag,225
7/12/2008,zondag,231
8/12/2008,maandag,335
9/12/2008,dinsdag,366
10/12/2008,woensdag,405
11/12/2008,donderdag,365
12/12/2008,vrijdag,368
13/12/2008,zaterdag,199
14/12/2008,zondag,215
15/12/2008,maandag,419
16/12/2008,dinsdag,439
17/12/2008,woensdag,415
18/12/2008,donderdag,419
19/12/2008,vrijdag,438
20/12/2008,zaterdag,218
21/12/2008,zondag,231
22/12/2008,maandag,374
23/12/2008,dinsdag,444
24/12/2008,woensdag,289
25/12/2008,donderdag,235
26/12/2008,vrijdag,365
27/12/2008,zaterdag,230
28/12/2008,zondag,251
29/12/2008,maandag,385
30/12/2008,dinsdag,378
31/12/2008,woensdag,278
1/01/2009,donderdag,214
2/01/2009,vrijdag,322
3/01/2009,zaterdag,245
4/01/2009,zondag,255
5/01/2009,maandag,407
6/01/2009,dinsdag,405
7/01/2009,woensdag,372
8/01/2009,donderdag,399
9/01/2009,vrijdag,409
10/01/2009,zaterdag,230
11/01/2009,zondag,208
12/01/2009,maandag,388
13/01/2009,dinsdag,398
14/01/2009,woensdag,389
15/01/2009,donderdag,377
16/01/2009,vrijdag,402
17/01/2009,zaterdag,251
18/01/2009,zondag,278
19/01/2009,maandag,401
20/01/2009,dinsdag,452
21/01/2009,woensdag,386
22/01/2009,donderdag,411
23/01/2009,vrijdag,426
24/01/2009,zaterdag,260
25/01/2009,zondag,244
26/01/2009,maandag,423
27/01/2009,dinsdag,409
28/01/2009,woensdag,382
29/01/2009,donderdag,359
30/01/2009,vrijdag,446
31/01/2009,zaterdag,228
1/02/2009,zondag,211
2/02/2009,maandag,382
3/02/2009,dinsdag,435
4/02/2009,woensdag,382
5/02/2009,donderdag,395
6/02/2009,vrijdag,401
7/02/2009,zaterdag,227
8/02/2009,zondag,208
9/02/2009,maandag,382
10/02/2009,dinsdag,426
11/02/2009,woensdag,346
12/02/2009,donderdag,372
13/02/2009,vrijdag,338
14/02/2009,zaterdag,209
15/02/2009,zondag,224
16/02/2009,maandag,394
17/02/2009,dinsdag,456
18/02/2009,woensdag,362
19/02/2009,donderdag,405
20/02/2009,vrijdag,407
21/02/2009,zaterdag,219
22/02/2009,zondag,216
23/02/2009,maandag,348
24/02/2009,dinsdag,388
25/02/2009,woensdag,352
26/02/2009,donderdag,372
27/02/2009,vrijdag,375
28/02/2009,zaterdag,241
1/03/2009,zondag,221
2/03/2009,maandag,392
3/03/2009,dinsdag,443
4/03/2009,woensdag,357
5/03/2009,donderdag,364
6/03/2009,vrijdag,424
7/03/2009,zaterdag,194
8/03/2009,zondag,231
9/03/2009,maandag,407
10/03/2009,dinsdag,378
11/03/2009,woensdag,345
12/03/2009,donderdag,377
13/03/2009,vrijdag,384
14/03/2009,zaterdag,245
15/03/2009,zondag,219
16/03/2009,maandag,373
17/03/2009,dinsdag,416
18/03/2009,woensdag,378
19/03/2009,donderdag,378
20/03/2009,vrijdag,405
21/03/2009,zaterdag,203
22/03/2009,zondag,236
23/03/2009,maandag,398
24/03/2009,dinsdag,405
25/03/2009,woensdag,369
26/03/2009,donderdag,403
27/03/2009,vrijdag,377
28/03/2009,zaterdag,206
29/03/2009,zondag,225
30/03/2009,maandag,455
31/03/2009,dinsdag,419
1/04/2009,woensdag,394
2/04/2009,donderdag,424
3/04/2009,vrijdag,406
4/04/2009,zaterdag,258
5/04/2009,zondag,224
6/04/2009,maandag,360
7/04/2009,dinsdag,417
8/04/2009,woensdag,419
9/04/2009,donderdag,386
10/04/2009,vrijdag,434
11/04/2009,zaterdag,229
12/04/2009,zondag,245
13/04/2009,maandag,235
14/04/2009,dinsdag,361
15/04/2009,woensdag,422
16/04/2009,donderdag,397
17/04/2009,vrijdag,404
18/04/2009,zaterdag,237
19/04/2009,zondag,226
20/04/2009,maandag,367
21/04/2009,dinsdag,430
22/04/2009,woensdag,405
23/04/2009,donderdag,409
24/04/2009,vrijdag,364
25/04/2009,zaterdag,259
26/04/2009,zondag,246
27/04/2009,maandag,397
28/04/2009,dinsdag,463
29/04/2009,woensdag,395
30/04/2009,donderdag,448
1/05/2009,vrijdag,269
2/05/2009,zaterdag,243
3/05/2009,zondag,253
4/05/2009,maandag,409
5/05/2009,dinsdag,395
6/05/2009,woensdag,407
7/05/2009,donderdag,389
8/05/2009,vrijdag,393
9/05/2009,zaterdag,249
10/05/2009,zondag,259
11/05/2009,maandag,443
12/05/2009,dinsdag,401
13/05/2009,woensdag,373
14/05/2009,donderdag,415
15/05/2009,vrijdag,402
16/05/2009,zaterdag,208
17/05/2009,zondag,217
18/05/2009,maandag,408
19/05/2009,dinsdag,454
20/05/2009,woensdag,390
21/05/2009,donderdag,234
22/05/2009,vrijdag,315
23/05/2009,zaterdag,225
24/05/2009,zondag,219
25/05/2009,maandag,402
26/05/2009,dinsdag,425
27/05/2009,woensdag,376
28/05/2009,donderdag,397
29/05/2009,vrijdag,383
30/05/2009,zaterdag,224
31/05/2009,zondag,207
1/06/2009,maandag,238
2/06/2009,dinsdag,415
3/06/2009,woensdag,409
4/06/2009,donderdag,402
5/06/2009,vrijdag,404
6/06/2009,zaterdag,224
7/06/2009,zondag,271
8/06/2009,maandag,402
9/06/2009,dinsdag,455
10/06/2009,woensdag,407
11/06/2009,donderdag,417
12/06/2009,vrijdag,406
13/06/2009,zaterdag,236
14/06/2009,zondag,240
15/06/2009,maandag,395
16/06/2009,dinsdag,390
17/06/2009,woensdag,410
18/06/2009,donderdag,425
19/06/2009,vrijdag,394
20/06/2009,zaterdag,239
21/06/2009,zondag,207
22/06/2009,maandag,390
23/06/2009,dinsdag,431
24/06/2009,woensdag,425
25/06/2009,donderdag,379
26/06/2009,vrijdag,457
27/06/2009,zaterdag,249
28/06/2009,zondag,211
29/06/2009,maandag,422
30/06/2009,dinsdag,431
1/07/2009,woensdag,411
2/07/2009,donderdag,439
3/07/2009,vrijdag,448
4/07/2009,zaterdag,231
5/07/2009,zondag,237
6/07/2009,maandag,381
7/07/2009,dinsdag,398
8/07/2009,woensdag,398
9/07/2009,donderdag,437
10/07/2009,vrijdag,435
11/07/2009,zaterdag,200
12/07/2009,zondag,229
13/07/2009,maandag,414
14/07/2009,dinsdag,448
15/07/2009,woensdag,438
16/07/2009,donderdag,443
17/07/2009,vrijdag,409
18/07/2009,zaterdag,225
19/07/2009,zondag,258
20/07/2009,maandag,365
21/07/2009,dinsdag,243
22/07/2009,woensdag,434
23/07/2009,donderdag,422
24/07/2009,vrijdag,450
25/07/2009,zaterdag,237
26/07/2009,zondag,221
27/07/2009,maandag,378
28/07/2009,dinsdag,416
29/07/2009,woensdag,402
30/07/2009,donderdag,413
31/07/2009,vrijdag,418
1/08/2009,zaterdag,263
2/08/2009,zondag,288
3/08/2009,maandag,440
4/08/2009,dinsdag,419
5/08/2009,woensdag,393
6/08/2009,donderdag,393
7/08/2009,vrijdag,440
8/08/2009,zaterdag,258
9/08/2009,zondag,238
10/08/2009,maandag,435
11/08/2009,dinsdag,411
12/08/2009,woensdag,377
13/08/2009,donderdag,445
14/08/2009,vrijdag,397
15/08/2009,zaterdag,259
16/08/2009,zondag,241
17/08/2009,maandag,372
18/08/2009,dinsdag,425
19/08/2009,woensdag,410
20/08/2009,donderdag,414
21/08/2009,vrijdag,380
22/08/2009,zaterdag,230
23/08/2009,zondag,246
24/08/2009,maandag,383
25/08/2009,dinsdag,421
26/08/2009,woensdag,388
27/08/2009,donderdag,406
28/08/2009,vrijdag,390
29/08/2009,zaterdag,236
30/08/2009,zondag,253
31/08/2009,maandag,387
1/09/2009,dinsdag,347
2/09/2009,woensdag,382
3/09/2009,donderdag,411
4/09/2009,vrijdag,427
5/09/2009,zaterdag,232
6/09/2009,zondag,225
7/09/2009,maandag,383
8/09/2009,dinsdag,415
9/09/2009,woensdag,446
10/09/2009,donderdag,399
11/09/2009,vrijdag,433
12/09/2009,zaterdag,261
13/09/2009,zondag,262
14/09/2009,maandag,409
15/09/2009,dinsdag,434
16/09/2009,woensdag,399
17/09/2009,donderdag,429
18/09/2009,vrijdag,393
19/09/2009,zaterdag,232
20/09/2009,zondag,261
21/09/2009,maandag,401
22/09/2009,dinsdag,422
23/09/2009,woensdag,409
24/09/2009,donderdag,443
25/09/2009,vrijdag,443
26/09/2009,zaterdag,244
27/09/2009,zondag,222
28/09/2009,maandag,370
29/09/2009,dinsdag,465
30/09/2009,woensdag,387
1/10/2009,donderdag,426
2/10/2009,vrijdag,410
3/10/2009,zaterdag,238
4/10/2009,zondag,230
5/10/2009,maandag,364
6/10/2009,dinsdag,361
7/10/2009,woensdag,404
8/10/2009,donderdag,388
9/10/2009,vrijdag,396
10/10/2009,zaterdag,207
11/10/2009,zondag,239
12/10/2009,maandag,361
13/10/2009,dinsdag,387
14/10/2009,woensdag,381
15/10/2009,donderdag,384
16/10/2009,vrijdag,402
17/10/2009,zaterdag,231
18/10/2009,zondag,241
19/10/2009,maandag,383
20/10/2009,dinsdag,398
21/10/2009,woensdag,405
22/10/2009,donderdag,371
23/10/2009,vrijdag,383
24/10/2009,zaterdag,187
25/10/2009,zondag,261
26/10/2009,maandag,404
27/10/2009,dinsdag,416
28/10/2009,woensdag,426
29/10/2009,donderdag,401
30/10/2009,vrijdag,416
31/10/2009,zaterdag,260
1/11/2009,zondag,217
2/11/2009,maandag,338
3/11/2009,dinsdag,362
4/11/2009,woensdag,383
5/11/2009,donderdag,393
6/11/2009,vrijdag,374
7/11/2009,zaterdag,235
8/11/2009,zondag,225
9/11/2009,maandag,410
10/11/2009,dinsdag,404
11/11/2009,woensdag,251
12/11/2009,donderdag,398
13/11/2009,vrijdag,425
14/11/2009,zaterdag,232
15/11/2009,zondag,235
16/11/2009,maandag,388
17/11/2009,dinsdag,411
18/11/2009,woensdag,376
19/11/2009,donderdag,380
20/11/2009,vrijdag,395
21/11/2009,zaterdag,198
22/11/2009,zondag,231
23/11/2009,maandag,408
24/11/2009,dinsdag,387
25/11/2009,woensdag,363
26/11/2009,donderdag,376
27/11/2009,vrijdag,392
28/11/2009,zaterdag,226
29/11/2009,zondag,209
30/11/2009,maandag,345
1/12/2009,dinsdag,388
2/12/2009,woensdag,433
3/12/2009,donderdag,370
4/12/2009,vrijdag,403
5/12/2009,zaterdag,222
6/12/2009,zondag,215
7/12/2009,maandag,364
8/12/2009,dinsdag,391
9/12/2009,woensdag,362
10/12/2009,donderdag,346
11/12/2009,vrijdag,372
12/12/2009,zaterdag,249
13/12/2009,zondag,234
14/12/2009,maandag,397
15/12/2009,dinsdag,378
16/12/2009,woensdag,406
17/12/2009,donderdag,445
18/12/2009,vrijdag,446
19/12/2009,zaterdag,228
20/12/2009,zondag,231
21/12/2009,maandag,409
22/12/2009,dinsdag,427
23/12/2009,woensdag,432
24/12/2009,donderdag,304
25/12/2009,vrijdag,228
26/12/2009,zaterdag,251
27/12/2009,zondag,232
28/12/2009,maandag,341
29/12/2009,dinsdag,400
30/12/2009,woensdag,380
31/12/2009,donderdag,281
1/01/2010,vrijdag,209
2/01/2010,zaterdag,236
3/01/2010,zondag,281
4/01/2010,maandag,404
5/01/2010,dinsdag,447
6/01/2010,woensdag,401
7/01/2010,donderdag,441
8/01/2010,vrijdag,445
9/01/2010,zaterdag,214
10/01/2010,zondag,259
11/01/2010,maandag,362
12/01/2010,dinsdag,442
13/01/2010,woensdag,401
14/01/2010,donderdag,407
15/01/2010,vrijdag,425
16/01/2010,zaterdag,243
17/01/2010,zondag,202
18/01/2010,maandag,415
19/01/2010,dinsdag,436
20/01/2010,woensdag,400
21/01/2010,donderdag,403
22/01/2010,vrijdag,382
23/01/2010,zaterdag,234
24/01/2010,zondag,229
25/01/2010,maandag,373
26/01/2010,dinsdag,397
27/01/2010,woensdag,371
28/01/2010,donderdag,358
29/01/2010,vrijdag,417
30/01/2010,zaterdag,246
31/01/2010,zondag,221
1/02/2010,maandag,403
2/02/2010,dinsdag,428
3/02/2010,woensdag,384
4/02/2010,donderdag,425
5/02/2010,vrijdag,402
6/02/2010,zaterdag,260
7/02/2010,zondag,251
8/02/2010,maandag,412
9/02/2010,dinsdag,406
10/02/2010,woensdag,405
11/02/2010,donderdag,415
12/02/2010,vrijdag,432
13/02/2010,zaterdag,237
14/02/2010,zondag,228
15/02/2010,maandag,346
16/02/2010,dinsdag,366
17/02/2010,woensdag,364
18/02/2010,donderdag,379
19/02/2010,vrijdag,369
20/02/2010,zaterdag,233
21/02/2010,zondag,215
22/02/2010,maandag,362
23/02/2010,dinsdag,420
24/02/2010,woensdag,412
25/02/2010,donderdag,392
26/02/2010,vrijdag,425
27/02/2010,zaterdag,240
28/02/2010,zondag,223
1/03/2010,maandag,428
2/03/2010,dinsdag,426
3/03/2010,woensdag,379
4/03/2010,donderdag,424
5/03/2010,vrijdag,390
6/03/2010,zaterdag,225
7/03/2010,zondag,226
8/03/2010,maandag,361
9/03/2010,dinsdag,412
10/03/2010,woensdag,414
11/03/2010,donderdag,378
12/03/2010,vrijdag,379
13/03/2010,zaterdag,231
14/03/2010,zondag,258
15/03/2010,maandag,366
16/03/2010,dinsdag,425
17/03/2010,woensdag,371
18/03/2010,donderdag,376
19/03/2010,vrijdag,400
20/03/2010,zaterdag,225
21/03/2010,zondag,231
22/03/2010,maandag,379
23/03/2010,dinsdag,380
24/03/2010,woensdag,362
25/03/2010,donderdag,402
26/03/2010,vrijdag,400
27/03/2010,zaterdag,236
28/03/2010,zondag,203
29/03/2010,maandag,423
30/03/2010,dinsdag,460
31/03/2010,woensdag,466
1/04/2010,donderdag,368
2/04/2010,vrijdag,407
3/04/2010,zaterdag,237
4/04/2010,zondag,223
5/04/2010,maandag,215
6/04/2010,dinsdag,402
7/04/2010,woensdag,384
8/04/2010,donderdag,389
9/04/2010,vrijdag,406
10/04/2010,zaterdag,226
11/04/2010,zondag,218
12/04/2010,maandag,356
13/04/2010,dinsdag,435
14/04/2010,woensdag,369
15/04/2010,donderdag,384
16/04/2010,vrijdag,343
17/04/2010,zaterdag,203
18/04/2010,zondag,178
19/04/2010,maandag,374
20/04/2010,dinsdag,379
21/04/2010,woensdag,392
22/04/2010,donderdag,386
23/04/2010,vrijdag,403
24/04/2010,zaterdag,250
25/04/2010,zondag,242
26/04/2010,maandag,391
27/04/2010,dinsdag,402
28/04/2010,woensdag,365
29/04/2010,donderdag,391
30/04/2010,vrijdag,421
1/05/2010,zaterdag,225
2/05/2010,zondag,252
3/05/2010,maandag,410
4/05/2010,dinsdag,409
5/05/2010,woensdag,379
6/05/2010,donderdag,395
7/05/2010,vrijdag,378
8/05/2010,zaterdag,228
9/05/2010,zondag,210
10/05/2010,maandag,440
11/05/2010,dinsdag,439
12/05/2010,woensdag,407
13/05/2010,donderdag,245
14/05/2010,vrijdag,336
15/05/2010,zaterdag,221
16/05/2010,zondag,224
17/05/2010,maandag,379
18/05/2010,dinsdag,431
19/05/2010,woensdag,372
20/05/2010,donderdag,418
21/05/2010,vrijdag,407
22/05/2010,zaterdag,230
23/05/2010,zondag,237
24/05/2010,maandag,246
25/05/2010,dinsdag,380
26/05/2010,woensdag,418
27/05/2010,donderdag,438
28/05/2010,vrijdag,374
29/05/2010,zaterdag,221
30/05/2010,zondag,237
31/05/2010,maandag,394
1/06/2010,dinsdag,429
2/06/2010,woensdag,414
3/06/2010,donderdag,393
4/06/2010,vrijdag,392
5/06/2010,zaterdag,224
6/06/2010,zondag,240
7/06/2010,maandag,359
8/06/2010,dinsdag,419
9/06/2010,woensdag,370
10/06/2010,donderdag,457
11/06/2010,vrijdag,418
12/06/2010,zaterdag,260
13/06/2010,zondag,235
14/06/2010,maandag,390
15/06/2010,dinsdag,442
16/06/2010,woensdag,417
17/06/2010,donderdag,395
18/06/2010,vrijdag,402
19/06/2010,zaterdag,244
20/06/2010,zondag,220
21/06/2010,maandag,397
22/06/2010,dinsdag,428
23/06/2010,woensdag,425
24/06/2010,donderdag,431
25/06/2010,vrijdag,407
26/06/2010,zaterdag,240
27/06/2010,zondag,255
28/06/2010,maandag,380
29/06/2010,dinsdag,420
30/06/2010,woensdag,426
1/07/2010,donderdag,404
2/07/2010,vrijdag,407
3/07/2010,zaterdag,252
4/07/2010,zondag,246
5/07/2010,maandag,396
6/07/2010,dinsdag,452
7/07/2010,woensdag,369
8/07/2010,donderdag,444
9/07/2010,vrijdag,400
10/07/2010,zaterdag,257
11/07/2010,zondag,232
12/07/2010,maandag,435
13/07/2010,dinsdag,423
14/07/2010,woensdag,413
15/07/2010,donderdag,400
16/07/2010,vrijdag,391
17/07/2010,zaterdag,215
18/07/2010,zondag,217
19/07/2010,maandag,418
20/07/2010,dinsdag,442
21/07/2010,woensdag,262
22/07/2010,donderdag,413
23/07/2010,vrijdag,448
24/07/2010,zaterdag,219
25/07/2010,zondag,235
26/07/2010,maandag,428
27/07/2010,dinsdag,459
28/07/2010,woensdag,395
29/07/2010,donderdag,414
30/07/2010,vrijdag,401
31/07/2010,zaterdag,249
1/08/2010,zondag,247
2/08/2010,maandag,398
3/08/2010,dinsdag,424
4/08/2010,woensdag,438
5/08/2010,donderdag,444
6/08/2010,vrijdag,409
7/08/2010,zaterdag,273
8/08/2010,zondag,255
9/08/2010,maandag,396
10/08/2010,dinsdag,443
11/08/2010,woensdag,386
12/08/2010,donderdag,387
13/08/2010,vrijdag,390
14/08/2010,zaterdag,238
15/08/2010,zondag,245
16/08/2010,maandag,399
17/08/2010,dinsdag,434
18/08/2010,woensdag,428
19/08/2010,donderdag,427
20/08/2010,vrijdag,390
21/08/2010,zaterdag,238
22/08/2010,zondag,259
23/08/2010,maandag,387
24/08/2010,dinsdag,419
25/08/2010,woensdag,391
26/08/2010,donderdag,410
27/08/2010,vrijdag,428
28/08/2010,zaterdag,237
29/08/2010,zondag,231
30/08/2010,maandag,418
31/08/2010,dinsdag,394
1/09/2010,woensdag,314
2/09/2010,donderdag,408
3/09/2010,vrijdag,415
4/09/2010,zaterdag,211
5/09/2010,zondag,243
6/09/2010,maandag,406
7/09/2010,dinsdag,444
8/09/2010,woensdag,399
9/09/2010,donderdag,448
10/09/2010,vrijdag,457
11/09/2010,zaterdag,222
12/09/2010,zondag,231
13/09/2010,maandag,400
14/09/2010,dinsdag,458
15/09/2010,woensdag,432
16/09/2010,donderdag,448
17/09/2010,vrijdag,392
18/09/2010,zaterdag,253
19/09/2010,zondag,235
20/09/2010,maandag,407
21/09/2010,dinsdag,448
22/09/2010,woensdag,426
23/09/2010,donderdag,436
24/09/2010,vrijdag,432
25/09/2010,zaterdag,273
26/09/2010,zondag,267
27/09/2010,maandag,381
28/09/2010,dinsdag,469
29/09/2010,woensdag,410
30/09/2010,donderdag,401
1/10/2010,vrijdag,411
2/10/2010,zaterdag,215
3/10/2010,zondag,233
4/10/2010,maandag,391
5/10/2010,dinsdag,474
6/10/2010,woensdag,484
7/10/2010,donderdag,409
8/10/2010,vrijdag,376
9/10/2010,zaterdag,227
10/10/2010,zondag,280
11/10/2010,maandag,393
12/10/2010,dinsdag,442
13/10/2010,woensdag,405
14/10/2010,donderdag,434
15/10/2010,vrijdag,399
16/10/2010,zaterdag,227
17/10/2010,zondag,206
18/10/2010,maandag,407
19/10/2010,dinsdag,420
20/10/2010,woensdag,403
21/10/2010,donderdag,409
22/10/2010,vrijdag,399
23/10/2010,zaterdag,245
24/10/2010,zondag,217
25/10/2010,maandag,412
26/10/2010,dinsdag,426
27/10/2010,woensdag,427
28/10/2010,donderdag,455
29/10/2010,vrijdag,483
30/10/2010,zaterdag,231
31/10/2010,zondag,235
1/11/2010,maandag,233
2/11/2010,dinsdag,384
3/11/2010,woensdag,423
4/11/2010,donderdag,411
5/11/2010,vrijdag,404
6/11/2010,zaterdag,220
7/11/2010,zondag,255
8/11/2010,maandag,447
9/11/2010,dinsdag,477
10/11/2010,woensdag,457
11/11/2010,donderdag,269
12/11/2010,vrijdag,377
13/11/2010,zaterdag,228
14/11/2010,zondag,238
15/11/2010,maandag,395
16/11/2010,dinsdag,439
17/11/2010,woensdag,379
18/11/2010,donderdag,409
19/11/2010,vrijdag,413
20/11/2010,zaterdag,238
21/11/2010,zondag,219
22/11/2010,maandag,406
23/11/2010,dinsdag,416
24/11/2010,woensdag,397
25/11/2010,donderdag,376
26/11/2010,vrijdag,385
27/11/2010,zaterdag,228
28/11/2010,zondag,254
29/11/2010,maandag,365
30/11/2010,dinsdag,400
1/12/2010,woensdag,390
2/12/2010,donderdag,405
3/12/2010,vrijdag,381
4/12/2010,zaterdag,243
5/12/2010,zondag,211
6/12/2010,maandag,366
7/12/2010,dinsdag,378
8/12/2010,woensdag,414
9/12/2010,donderdag,400
10/12/2010,vrijdag,389
11/12/2010,zaterdag,238
12/12/2010,zondag,251
13/12/2010,maandag,353
14/12/2010,dinsdag,445
15/12/2010,woensdag,429
16/12/2010,donderdag,431
17/12/2010,vrijdag,447
18/12/2010,zaterdag,239
19/12/2010,zondag,240
20/12/2010,maandag,440
21/12/2010,dinsdag,430
22/12/2010,woensdag,420
23/12/2010,donderdag,409
24/12/2010,vrijdag,288
25/12/2010,zaterdag,210
26/12/2010,zondag,216
27/12/2010,maandag,393
28/12/2010,dinsdag,368
29/12/2010,woensdag,392
30/12/2010,donderdag,394
31/12/2010,vrijdag,262
1/01/2011,zaterdag,210
2/01/2011,zondag,233
3/01/2011,maandag,377
4/01/2011,dinsdag,383
5/01/2011,woensdag,422
6/01/2011,donderdag,394
7/01/2011,vrijdag,398
8/01/2011,zaterdag,250
9/01/2011,zondag,240
10/01/2011,maandag,374
11/01/2011,dinsdag,407
12/01/2011,woensdag,411
13/01/2011,donderdag,382
14/01/2011,vrijdag,389
15/01/2011,zaterdag,244
16/01/2011,zondag,238
17/01/2011,maandag,386
18/01/2011,dinsdag,411
19/01/2011,woensdag,392
20/01/2011,donderdag,402
21/01/2011,vrijdag,423
22/01/2011,zaterdag,253
23/01/2011,zondag,229
24/01/2011,maandag,382
25/01/2011,dinsdag,419
26/01/2011,woensdag,411
27/01/2011,donderdag,371
28/01/2011,vrijdag,380
29/01/2011,zaterdag,225
30/01/2011,zondag,253
31/01/2011,maandag,379
1/02/2011,dinsdag,381
2/02/2011,woensdag,389
3/02/2011,donderdag,404
4/02/2011,vrijdag,402
5/02/2011,zaterdag,237
6/02/2011,zondag,252
7/02/2011,maandag,373
8/02/2011,dinsdag,412
9/02/2011,woensdag,379
10/02/2011,donderdag,392
11/02/2011,vrijdag,402
12/02/2011,zaterdag,223
13/02/2011,zondag,243
14/02/2011,maandag,359
15/02/2011,dinsdag,389
16/02/2011,woensdag,375
17/02/2011,donderdag,374
18/02/2011,vrijdag,437
19/02/2011,zaterdag,203
20/02/2011,zondag,246
21/02/2011,maandag,390
22/02/2011,dinsdag,409
23/02/2011,woensdag,366
24/02/2011,donderdag,386
25/02/2011,vrijdag,374
26/02/2011,zaterdag,222
27/02/2011,zondag,264
28/02/2011,maandag,377
1/03/2011,dinsdag,412
2/03/2011,woensdag,402
3/03/2011,donderdag,427
4/03/2011,vrijdag,398
5/03/2011,zaterdag,211
6/03/2011,zondag,206
7/03/2011,maandag,363
8/03/2011,dinsdag,340
9/03/2011,woensdag,337
10/03/2011,donderdag,382
11/03/2011,vrijdag,365
12/03/2011,zaterdag,222
13/03/2011,zondag,258
14/03/2011,maandag,355
15/03/2011,dinsdag,389
16/03/2011,woensdag,397
17/03/2011,donderdag,431
18/03/2011,vrijdag,388
19/03/2011,zaterdag,226
20/03/2011,zondag,243
21/03/2011,maandag,372
22/03/2011,dinsdag,420
23/03/2011,woensdag,384
24/03/2011,donderdag,372
25/03/2011,vrijdag,369
26/03/2011,zaterdag,222
27/03/2011,zondag,224
28/03/2011,maandag,381
29/03/2011,dinsdag,373
30/03/2011,woensdag,402
31/03/2011,donderdag,374
1/04/2011,vrijdag,357
2/04/2011,zaterdag,249
3/04/2011,zondag,242
4/04/2011,maandag,380
5/04/2011,dinsdag,402
6/04/2011,woensdag,416
7/04/2011,donderdag,392
8/04/2011,vrijdag,402
9/04/2011,zaterdag,244
10/04/2011,zondag,220
11/04/2011,maandag,376
12/04/2011,dinsdag,402
13/04/2011,woensdag,351
14/04/2011,donderdag,417
15/04/2011,vrijdag,413
16/04/2011,zaterdag,245
17/04/2011,zondag,215
18/04/2011,maandag,349
19/04/2011,dinsdag,409
20/04/2011,woensdag,383
21/04/2011,donderdag,369
22/04/2011,vrijdag,375
23/04/2011,zaterdag,266
24/04/2011,zondag,256
25/04/2011,maandag,222
26/04/2011,dinsdag,387
27/04/2011,woensdag,400
28/04/2011,donderdag,396
29/04/2011,vrijdag,417
30/04/2011,zaterdag,224
1/05/2011,zondag,249
2/05/2011,maandag,399
3/05/2011,dinsdag,405
4/05/2011,woensdag,406
5/05/2011,donderdag,414
6/05/2011,vrijdag,398
7/05/2011,zaterdag,231
8/05/2011,zondag,242
9/05/2011,maandag,389
10/05/2011,dinsdag,426
11/05/2011,woensdag,377
12/05/2011,donderdag,378
13/05/2011,vrijdag,441
14/05/2011,zaterdag,215
15/05/2011,zondag,236
16/05/2011,maandag,398
17/05/2011,dinsdag,420
18/05/2011,woensdag,413
19/05/2011,donderdag,437
20/05/2011,vrijdag,390
21/05/2011,zaterdag,239
22/05/2011,zondag,253
23/05/2011,maandag,395
24/05/2011,dinsdag,411
25/05/2011,woensdag,374
26/05/2011,donderdag,428
27/05/2011,vrijdag,377
28/05/2011,zaterdag,217
29/05/2011,zondag,231
30/05/2011,maandag,395
31/05/2011,dinsdag,469
1/06/2011,woensdag,440
2/06/2011,donderdag,234
3/06/2011,vrijdag,352
4/06/2011,zaterdag,263
5/06/2011,zondag,241
6/06/2011,maandag,426
7/06/2011,dinsdag,419
8/06/2011,woensdag,414
9/06/2011,donderdag,367
10/06/2011,vrijdag,458
11/06/2011,zaterdag,251
12/06/2011,zondag,233
13/06/2011,maandag,283
14/06/2011,dinsdag,426
15/06/2011,woensdag,400
16/06/2011,donderdag,449
17/06/2011,vrijdag,424
18/06/2011,zaterdag,224
19/06/2011,zondag,243
20/06/2011,maandag,424
21/06/2011,dinsdag,439
22/06/2011,woensdag,379
23/06/2011,donderdag,425
24/06/2011,vrijdag,411
25/06/2011,zaterdag,255
26/06/2011,zondag,257
27/06/2011,maandag,435
28/06/2011,dinsdag,460
29/06/2011,woensdag,425
30/06/2011,donderdag,382
1/07/2011,vrijdag,419
2/07/2011,zaterdag,246
3/07/2011,zondag,245
4/07/2011,maandag,419
5/07/2011,dinsdag,437
6/07/2011,woensdag,398
7/07/2011,donderdag,395
8/07/2011,vrijdag,425
9/07/2011,zaterdag,264
10/07/2011,zondag,234
11/07/2011,maandag,376
12/07/2011,dinsdag,440
13/07/2011,woensdag,393
14/07/2011,donderdag,423
15/07/2011,vrijdag,426
16/07/2011,zaterdag,261
17/07/2011,zondag,266
18/07/2011,maandag,449
19/07/2011,dinsdag,444
20/07/2011,woensdag,431
21/07/2011,donderdag,262
22/07/2011,vrijdag,398
23/07/2011,zaterdag,250
24/07/2011,zondag,256
25/07/2011,maandag,429
26/07/2011,dinsdag,446
27/07/2011,woensdag,416
28/07/2011,donderdag,443
29/07/2011,vrijdag,401
30/07/2011,zaterdag,242
31/07/2011,zondag,239
1/08/2011,maandag,405
2/08/2011,dinsdag,415
3/08/2011,woensdag,447
4/08/2011,donderdag,411
5/08/2011,vrijdag,423
6/08/2011,zaterdag,249
7/08/2011,zondag,244
8/08/2011,maandag,404
9/08/2011,dinsdag,411
10/08/2011,woensdag,407
11/08/2011,donderdag,457
12/08/2011,vrijdag,466
13/08/2011,zaterdag,255
14/08/2011,zondag,230
15/08/2011,maandag,255
16/08/2011,dinsdag,422
17/08/2011,woensdag,411
18/08/2011,donderdag,434
19/08/2011,vrijdag,442
20/08/2011,zaterdag,263
21/08/2011,zondag,233
22/08/2011,maandag,387
23/08/2011,dinsdag,402
24/08/2011,woensdag,397
25/08/2011,donderdag,430
26/08/2011,vrijdag,391
27/08/2011,zaterdag,237
28/08/2011,zondag,244
29/08/2011,maandag,374
30/08/2011,dinsdag,398
31/08/2011,woensdag,394
1/09/2011,donderdag,344
2/09/2011,vrijdag,405
3/09/2011,zaterdag,236
4/09/2011,zondag,245
5/09/2011,maandag,385
6/09/2011,dinsdag,438
7/09/2011,woensdag,378
8/09/2011,donderdag,419
9/09/2011,vrijdag,424
10/09/2011,zaterdag,238
11/09/2011,zondag,252
12/09/2011,maandag,433
13/09/2011,dinsdag,405
14/09/2011,woensdag,392
15/09/2011,donderdag,418
16/09/2011,vrijdag,433
17/09/2011,zaterdag,240
18/09/2011,zondag,226
19/09/2011,maandag,430
20/09/2011,dinsdag,460
21/09/2011,woensdag,429
22/09/2011,donderdag,409
23/09/2011,vrijdag,421
24/09/2011,zaterdag,238
25/09/2011,zondag,211
26/09/2011,maandag,430
27/09/2011,dinsdag,409
28/09/2011,woensdag,370
29/09/2011,donderdag,410
30/09/2011,vrijdag,429
1/10/2011,zaterdag,242
2/10/2011,zondag,246
3/10/2011,maandag,415
4/10/2011,dinsdag,430
5/10/2011,woensdag,390
6/10/2011,donderdag,405
7/10/2011,vrijdag,356
8/10/2011,zaterdag,247
9/10/2011,zondag,229
10/10/2011,maandag,411
11/10/2011,dinsdag,407
12/10/2011,woensdag,376
13/10/2011,donderdag,413
14/10/2011,vrijdag,386
15/10/2011,zaterdag,207
16/10/2011,zondag,231
17/10/2011,maandag,390
18/10/2011,dinsdag,420
19/10/2011,woensdag,374
20/10/2011,donderdag,385
21/10/2011,vrijdag,391
22/10/2011,zaterdag,203
23/10/2011,zondag,219
24/10/2011,maandag,443
25/10/2011,dinsdag,416
26/10/2011,woensdag,416
27/10/2011,donderdag,425
28/10/2011,vrijdag,443
29/10/2011,zaterdag,233
30/10/2011,zondag,216
31/10/2011,maandag,353
1/11/2011,dinsdag,237
2/11/2011,woensdag,375
3/11/2011,donderdag,343
4/11/2011,vrijdag,362
5/11/2011,zaterdag,237
6/11/2011,zondag,214
7/11/2011,maandag,370
8/11/2011,dinsdag,450
9/11/2011,woensdag,389
10/11/2011,donderdag,396
11/11/2011,vrijdag,230
12/11/2011,zaterdag,210
13/11/2011,zondag,232
14/11/2011,maandag,426
15/11/2011,dinsdag,382
16/11/2011,woensdag,394
17/11/2011,donderdag,398
18/11/2011,vrijdag,387
19/11/2011,zaterdag,200
20/11/2011,zondag,220
21/11/2011,maandag,372
22/11/2011,dinsdag,392
23/11/2011,woensdag,382
24/11/2011,donderdag,369
25/11/2011,vrijdag,365
26/11/2011,zaterdag,243
27/11/2011,zondag,236
28/11/2011,maandag,400
29/11/2011,dinsdag,393
30/11/2011,woensdag,369
1/12/2011,donderdag,409
2/12/2011,vrijdag,404
3/12/2011,zaterdag,203
4/12/2011,zondag,226
5/12/2011,maandag,420
6/12/2011,dinsdag,311
7/12/2011,woensdag,389
8/12/2011,donderdag,378
9/12/2011,vrijdag,370
10/12/2011,zaterdag,238
11/12/2011,zondag,241
12/12/2011,maandag,385
13/12/2011,dinsdag,397
14/12/2011,woensdag,361
15/12/2011,donderdag,377
16/12/2011,vrijdag,415
17/12/2011,zaterdag,236
18/12/2011,zondag,251
19/12/2011,maandag,411
20/12/2011,dinsdag,394
21/12/2011,woensdag,380
22/12/2011,donderdag,444
23/12/2011,vrijdag,378
24/12/2011,zaterdag,208
25/12/2011,zondag,230
26/12/2011,maandag,312
27/12/2011,dinsdag,369
28/12/2011,woensdag,350
29/12/2011,donderdag,374
30/12/2011,vrijdag,359
31/12/2011,zaterdag,235
1/01/2012,zondag,215
2/01/2012,maandag,346
3/01/2012,dinsdag,387
4/01/2012,woensdag,393
5/01/2012,donderdag,379
6/01/2012,vrijdag,383
7/01/2012,zaterdag,244
8/01/2012,zondag,243
9/01/2012,maandag,399
10/01/2012,dinsdag,397
11/01/2012,woensdag,374
12/01/2012,donderdag,387
13/01/2012,vrijdag,391
14/01/2012,zaterdag,229
15/01/2012,zondag,240
16/01/2012,maandag,406
17/01/2012,dinsdag,401
18/01/2012,woensdag,376
19/01/2012,donderdag,400
20/01/2012,vrijdag,393
21/01/2012,zaterdag,252
22/01/2012,zondag,231
23/01/2012,maandag,375
24/01/2012,dinsdag,379
25/01/2012,woensdag,361
26/01/2012,donderdag,359
27/01/2012,vrijdag,369
28/01/2012,zaterdag,240
29/01/2012,zondag,236
30/01/2012,maandag,366
31/01/2012,dinsdag,375
1/02/2012,woensdag,361
2/02/2012,donderdag,391
3/02/2012,vrijdag,374
4/02/2012,zaterdag,231
5/02/2012,zondag,219
6/02/2012,maandag,374
7/02/2012,dinsdag,399
8/02/2012,woensdag,373
9/02/2012,donderdag,413
10/02/2012,vrijdag,389
11/02/2012,zaterdag,229
12/02/2012,zondag,213
13/02/2012,maandag,372
14/02/2012,dinsdag,415
15/02/2012,woensdag,393
16/02/2012,donderdag,413
17/02/2012,vrijdag,436
18/02/2012,zaterdag,236
19/02/2012,zondag,217
20/02/2012,maandag,380
21/02/2012,dinsdag,357
22/02/2012,woensdag,382
23/02/2012,donderdag,368
24/02/2012,vrijdag,389
25/02/2012,zaterdag,247
26/02/2012,zondag,252
27/02/2012,maandag,400
28/02/2012,dinsdag,429
29/02/2012,woensdag,312
1/03/2012,donderdag,382
2/03/2012,vrijdag,401
3/03/2012,zaterdag,235
4/03/2012,zondag,253
5/03/2012,maandag,373
6/03/2012,dinsdag,407
7/03/2012,woensdag,398
8/03/2012,donderdag,425
9/03/2012,vrijdag,411
10/03/2012,zaterdag,229
11/03/2012,zondag,239
12/03/2012,maandag,373
13/03/2012,dinsdag,385
14/03/2012,woensdag,411
15/03/2012,donderdag,399
16/03/2012,vrijdag,388
17/03/2012,zaterdag,253
18/03/2012,zondag,190
19/03/2012,maandag,386
20/03/2012,dinsdag,420
21/03/2012,woensdag,410
22/03/2012,donderdag,379
23/03/2012,vrijdag,358
24/03/2012,zaterdag,248
25/03/2012,zondag,214
26/03/2012,maandag,399
27/03/2012,dinsdag,404
28/03/2012,woensdag,393
29/03/2012,donderdag,390
30/03/2012,vrijdag,468
31/03/2012,zaterdag,229
1/04/2012,zondag,228
2/04/2012,maandag,363
3/04/2012,dinsdag,400
4/04/2012,woensdag,385
5/04/2012,donderdag,421
6/04/2012,vrijdag,395
7/04/2012,zaterdag,218
8/04/2012,zondag,246
9/04/2012,maandag,250
10/04/2012,dinsdag,396
11/04/2012,woensdag,433
12/04/2012,donderdag,436
13/04/2012,vrijdag,381
14/04/2012,zaterdag,234
15/04/2012,zondag,214
16/04/2012,maandag,381
17/04/2012,dinsdag,411
18/04/2012,woensdag,425
19/04/2012,donderdag,420
20/04/2012,vrijdag,440
21/04/2012,zaterdag,222
22/04/2012,zondag,228
23/04/2012,maandag,394
24/04/2012,dinsdag,414
25/04/2012,woensdag,392
26/04/2012,donderdag,417
27/04/2012,vrijdag,443
28/04/2012,zaterdag,257
29/04/2012,zondag,226
30/04/2012,maandag,363
1/05/2012,dinsdag,261
2/05/2012,woensdag,388
3/05/2012,donderdag,430
4/05/2012,vrijdag,437
5/05/2012,zaterdag,251
6/05/2012,zondag,235
7/05/2012,maandag,432
8/05/2012,dinsdag,412
9/05/2012,woensdag,381
10/05/2012,donderdag,416
11/05/2012,vrijdag,439
12/05/2012,zaterdag,235
13/05/2012,zondag,223
14/05/2012,maandag,390
15/05/2012,dinsdag,453
16/05/2012,woensdag,443
17/05/2012,donderdag,234
18/05/2012,vrijdag,331
19/05/2012,zaterdag,227
20/05/2012,zondag,226
21/05/2012,maandag,385
22/05/2012,dinsdag,409
23/05/2012,woensdag,402
24/05/2012,donderdag,385
25/05/2012,vrijdag,411
26/05/2012,zaterdag,254
27/05/2012,zondag,230
28/05/2012,maandag,283
29/05/2012,dinsdag,419
30/05/2012,woensdag,407
31/05/2012,donderdag,407
1/06/2012,vrijdag,411
2/06/2012,zaterdag,224
3/06/2012,zondag,248
4/06/2012,maandag,397
5/06/2012,dinsdag,420
6/06/2012,woensdag,427
7/06/2012,donderdag,394
8/06/2012,vrijdag,395
9/06/2012,zaterdag,252
10/06/2012,zondag,234
11/06/2012,maandag,404
12/06/2012,dinsdag,429
13/06/2012,woensdag,381
14/06/2012,donderdag,378
15/06/2012,vrijdag,355
16/06/2012,zaterdag,231
17/06/2012,zondag,226
18/06/2012,maandag,403
19/06/2012,dinsdag,401
20/06/2012,woensdag,399
21/06/2012,donderdag,392
22/06/2012,vrijdag,434
23/06/2012,zaterdag,240
24/06/2012,zondag,219
25/06/2012,maandag,420
26/06/2012,dinsdag,436
27/06/2012,woensdag,408
28/06/2012,donderdag,439
29/06/2012,vrijdag,436
30/06/2012,zaterdag,233
1/07/2012,zondag,230
2/07/2012,maandag,383
3/07/2012,dinsdag,426
4/07/2012,woensdag,411
5/07/2012,donderdag,423
6/07/2012,vrijdag,436
7/07/2012,zaterdag,237
8/07/2012,zondag,230
9/07/2012,maandag,365
10/07/2012,dinsdag,408
11/07/2012,woensdag,440
12/07/2012,donderdag,398
13/07/2012,vrijdag,387
14/07/2012,zaterdag,208
15/07/2012,zondag,221
16/07/2012,maandag,365
17/07/2012,dinsdag,412
18/07/2012,woensdag,408
19/07/2012,donderdag,401
20/07/2012,vrijdag,385
21/07/2012,zaterdag,238
22/07/2012,zondag,250
23/07/2012,maandag,362
24/07/2012,dinsdag,442
25/07/2012,woensdag,384
26/07/2012,donderdag,447
27/07/2012,vrijdag,397
28/07/2012,zaterdag,263
29/07/2012,zondag,249
30/07/2012,maandag,404
31/07/2012,dinsdag,402
1/08/2012,woensdag,394
2/08/2012,donderdag,421
3/08/2012,vrijdag,393
4/08/2012,zaterdag,236
5/08/2012,zondag,239
6/08/2012,maandag,419
7/08/2012,dinsdag,387
8/08/2012,woensdag,382
9/08/2012,donderdag,364
10/08/2012,vrijdag,429
11/08/2012,zaterdag,249
12/08/2012,zondag,255
13/08/2012,maandag,424
14/08/2012,dinsdag,466
15/08/2012,woensdag,276
16/08/2012,donderdag,429
17/08/2012,vrijdag,422
18/08/2012,zaterdag,257
19/08/2012,zondag,253
20/08/2012,maandag,387
21/08/2012,dinsdag,415
22/08/2012,woensdag,382
23/08/2012,donderdag,346
24/08/2012,vrijdag,424
25/08/2012,zaterdag,236
26/08/2012,zondag,212
27/08/2012,maandag,361
28/08/2012,dinsdag,408
29/08/2012,woensdag,411
30/08/2012,donderdag,368
31/08/2012,vrijdag,373
1/09/2012,zaterdag,210
2/09/2012,zondag,236
3/09/2012,maandag,353
4/09/2012,dinsdag,476
5/09/2012,woensdag,414
6/09/2012,donderdag,409
7/09/2012,vrijdag,441
8/09/2012,zaterdag,245
9/09/2012,zondag,253
10/09/2012,maandag,402
11/09/2012,dinsdag,398
12/09/2012,woensdag,387
13/09/2012,donderdag,392
14/09/2012,vrijdag,437
15/09/2012,zaterdag,270
16/09/2012,zondag,208
17/09/2012,maandag,421
18/09/2012,dinsdag,446
19/09/2012,woensdag,400
20/09/2012,donderdag,398
21/09/2012,vrijdag,406
22/09/2012,zaterdag,244
23/09/2012,zondag,228
24/09/2012,maandag,405
25/09/2012,dinsdag,431
26/09/2012,woensdag,423
27/09/2012,donderdag,369
28/09/2012,vrijdag,393
29/09/2012,zaterdag,238
30/09/2012,zondag,245
1/10/2012,maandag,422
2/10/2012,dinsdag,429
3/10/2012,woensdag,382
4/10/2012,donderdag,384
5/10/2012,vrijdag,391
6/10/2012,zaterdag,251
7/10/2012,zondag,208
8/10/2012,maandag,354
9/10/2012,dinsdag,401
10/10/2012,woensdag,413
11/10/2012,donderdag,400
12/10/2012,vrijdag,390
13/10/2012,zaterdag,209
14/10/2012,zondag,229
15/10/2012,maandag,399
16/10/2012,dinsdag,431
17/10/2012,woensdag,373
18/10/2012,donderdag,401
19/10/2012,vrijdag,362
20/10/2012,zaterdag,230
21/10/2012,zondag,238
22/10/2012,maandag,413
23/10/2012,dinsdag,407
24/10/2012,woensdag,401
25/10/2012,donderdag,347
26/10/2012,vrijdag,428
27/10/2012,zaterdag,224
28/10/2012,zondag,224
29/10/2012,maandag,385
30/10/2012,dinsdag,406
31/10/2012,woensdag,383
1/11/2012,donderdag,234
2/11/2012,vrijdag,310
3/11/2012,zaterdag,236
4/11/2012,zondag,238
5/11/2012,maandag,395
6/11/2012,dinsdag,426
7/11/2012,woensdag,413
8/11/2012,donderdag,392
9/11/2012,vrijdag,392
10/11/2012,zaterdag,220
11/11/2012,zondag,232
12/11/2012,maandag,375
13/11/2012,dinsdag,404
14/11/2012,woensdag,391
15/11/2012,donderdag,350
16/11/2012,vrijdag,396
17/11/2012,zaterdag,225
18/11/2012,zondag,217
19/11/2012,maandag,396
20/11/2012,dinsdag,367
21/11/2012,woensdag,393
22/11/2012,donderdag,366
23/11/2012,vrijdag,375
24/11/2012,zaterdag,225
25/11/2012,zondag,229
26/11/2012,maandag,363
27/11/2012,dinsdag,383
28/11/2012,woensdag,359
29/11/2012,donderdag,342
30/11/2012,vrijdag,360
1/12/2012,zaterdag,218
2/12/2012,zondag,215
3/12/2012,maandag,378
4/12/2012,dinsdag,388
5/12/2012,woensdag,366
6/12/2012,donderdag,347
7/12/2012,vrijdag,378
8/12/2012,zaterdag,236
9/12/2012,zondag,212
10/12/2012,maandag,372
11/12/2012,dinsdag,396
12/12/2012,woensdag,423
13/12/2012,donderdag,366
14/12/2012,vrijdag,402
15/12/2012,zaterdag,227
16/12/2012,zondag,231
17/12/2012,maandag,399
18/12/2012,dinsdag,441
19/12/2012,woensdag,430
20/12/2012,donderdag,430
21/12/2012,vrijdag,435
22/12/2012,zaterdag,243
23/12/2012,zondag,220
24/12/2012,maandag,257
25/12/2012,dinsdag,216
26/12/2012,woensdag,382
27/12/2012,donderdag,390
28/12/2012,vrijdag,398
29/12/2012,zaterdag,251
30/12/2012,zondag,240
31/12/2012,maandag,304
1/01/2013,dinsdag,264
2/01/2013,woensdag,366
3/01/2013,donderdag,402
4/01/2013,vrijdag,401
5/01/2013,zaterdag,228
6/01/2013,zondag,240
7/01/2013,maandag,405
8/01/2013,dinsdag,386
9/01/2013,woensdag,371
10/01/2013,donderdag,356
11/01/2013,vrijdag,402
12/01/2013,zaterdag,233
13/01/2013,zondag,242
14/01/2013,maandag,370
15/01/2013,dinsdag,426
16/01/2013,woensdag,383
17/01/2013,donderdag,374
18/01/2013,vrijdag,419
19/01/2013,zaterdag,221
20/01/2013,zondag,241
21/01/2013,maandag,408
22/01/2013,dinsdag,391
23/01/2013,woensdag,376
24/01/2013,donderdag,369
25/01/2013,vrijdag,380
26/01/2013,zaterdag,230
27/01/2013,zondag,236
28/01/2013,maandag,367
29/01/2013,dinsdag,354
30/01/2013,woensdag,415
31/01/2013,donderdag,392
1/02/2013,vrijdag,378
2/02/2013,zaterdag,231
3/02/2013,zondag,244
4/02/2013,maandag,389
5/02/2013,dinsdag,391
6/02/2013,woensdag,427
7/02/2013,donderdag,410
8/02/2013,vrijdag,460
9/02/2013,zaterdag,202
10/02/2013,zondag,211
11/02/2013,maandag,363
12/02/2013,dinsdag,362
13/02/2013,woensdag,355
14/02/2013,donderdag,374
15/02/2013,vrijdag,336
16/02/2013,zaterdag,229
17/02/2013,zondag,214
18/02/2013,maandag,361
19/02/2013,dinsdag,413
20/02/2013,woensdag,401
21/02/2013,donderdag,382
22/02/2013,vrijdag,402
23/02/2013,zaterdag,223
24/02/2013,zondag,248
25/02/2013,maandag,360
26/02/2013,dinsdag,397
27/02/2013,woensdag,347
28/02/2013,donderdag,374
1/03/2013,vrijdag,395
2/03/2013,zaterdag,207
3/03/2013,zondag,225
4/03/2013,maandag,376
5/03/2013,dinsdag,404
6/03/2013,woensdag,389
7/03/2013,donderdag,381
8/03/2013,vrijdag,380
9/03/2013,zaterdag,235
10/03/2013,zondag,224
11/03/2013,maandag,373
12/03/2013,dinsdag,392
13/03/2013,woensdag,345
14/03/2013,donderdag,351
15/03/2013,vrijdag,358
16/03/2013,zaterdag,221
17/03/2013,zondag,226
18/03/2013,maandag,380
19/03/2013,dinsdag,390
20/03/2013,woensdag,337
21/03/2013,donderdag,418
22/03/2013,vrijdag,373
23/03/2013,zaterdag,227
24/03/2013,zondag,222
25/03/2013,maandag,398
26/03/2013,dinsdag,433
27/03/2013,woensdag,410
28/03/2013,donderdag,406
29/03/2013,vrijdag,416
30/03/2013,zaterdag,217
31/03/2013,zondag,228
1/04/2013,maandag,214
2/04/2013,dinsdag,378
3/04/2013,woensdag,400
4/04/2013,donderdag,427
5/04/2013,vrijdag,364
6/04/2013,zaterdag,240
7/04/2013,zondag,210
8/04/2013,maandag,361
9/04/2013,dinsdag,394
10/04/2013,woensdag,355
11/04/2013,donderdag,375
12/04/2013,vrijdag,370
13/04/2013,zaterdag,237
14/04/2013,zondag,210
15/04/2013,maandag,380
16/04/2013,dinsdag,398
17/04/2013,woensdag,379
18/04/2013,donderdag,366
19/04/2013,vrijdag,355
20/04/2013,zaterdag,222
21/04/2013,zondag,242
22/04/2013,maandag,359
23/04/2013,dinsdag,397
24/04/2013,woensdag,391
25/04/2013,donderdag,386
26/04/2013,vrijdag,394
27/04/2013,zaterdag,254
28/04/2013,zondag,220
29/04/2013,maandag,389
30/04/2013,dinsdag,443
1/05/2013,woensdag,242
2/05/2013,donderdag,404
3/05/2013,vrijdag,444
4/05/2013,zaterdag,242
5/05/2013,zondag,232
6/05/2013,maandag,439
7/05/2013,dinsdag,438
8/05/2013,woensdag,400
9/05/2013,donderdag,234
10/05/2013,vrijdag,372
11/05/2013,zaterdag,242
12/05/2013,zondag,212
13/05/2013,maandag,417
14/05/2013,dinsdag,440
15/05/2013,woensdag,414
16/05/2013,donderdag,390
17/05/2013,vrijdag,421
18/05/2013,zaterdag,240
19/05/2013,zondag,211
20/05/2013,maandag,238
21/05/2013,dinsdag,406
22/05/2013,woensdag,397
23/05/2013,donderdag,367
24/05/2013,vrijdag,386
25/05/2013,zaterdag,191
26/05/2013,zondag,222
27/05/2013,maandag,399
28/05/2013,dinsdag,398
29/05/2013,woensdag,374
30/05/2013,donderdag,405
31/05/2013,vrijdag,374
1/06/2013,zaterdag,215
2/06/2013,zondag,219
3/06/2013,maandag,411
4/06/2013,dinsdag,379
5/06/2013,woensdag,377
6/06/2013,donderdag,384
7/06/2013,vrijdag,391
8/06/2013,zaterdag,212
9/06/2013,zondag,234
10/06/2013,maandag,392
11/06/2013,dinsdag,429
12/06/2013,woensdag,425
13/06/2013,donderdag,393
14/06/2013,vrijdag,399
15/06/2013,zaterdag,223
16/06/2013,zondag,241
17/06/2013,maandag,415
18/06/2013,dinsdag,448
19/06/2013,woensdag,430
20/06/2013,donderdag,391
21/06/2013,vrijdag,397
22/06/2013,zaterdag,255
23/06/2013,zondag,234
24/06/2013,maandag,385
25/06/2013,dinsdag,438
26/06/2013,woensdag,421
27/06/2013,donderdag,402
28/06/2013,vrijdag,387
29/06/2013,zaterdag,235
30/06/2013,zondag,239
1/07/2013,maandag,393
2/07/2013,dinsdag,368
3/07/2013,woensdag,425
4/07/2013,donderdag,406
5/07/2013,vrijdag,424
6/07/2013,zaterdag,219
7/07/2013,zondag,260
8/07/2013,maandag,411
9/07/2013,dinsdag,422
10/07/2013,woensdag,425
11/07/2013,donderdag,398
12/07/2013,vrijdag,389
13/07/2013,zaterdag,229
14/07/2013,zondag,233
15/07/2013,maandag,411
16/07/2013,dinsdag,443
17/07/2013,woensdag,398
18/07/2013,donderdag,403
19/07/2013,vrijdag,439
20/07/2013,zaterdag,215
21/07/2013,zondag,237
22/07/2013,maandag,385
23/07/2013,dinsdag,461
24/07/2013,woensdag,387
25/07/2013,donderdag,415
26/07/2013,vrijdag,422
27/07/2013,zaterdag,274
28/07/2013,zondag,251
29/07/2013,maandag,373
30/07/2013,dinsdag,413
31/07/2013,woensdag,425
1/08/2013,donderdag,409
2/08/2013,vrijdag,405
3/08/2013,zaterdag,247
4/08/2013,zondag,197
5/08/2013,maandag,387
6/08/2013,dinsdag,410
7/08/2013,woensdag,402
8/08/2013,donderdag,420
9/08/2013,vrijdag,413
10/08/2013,zaterdag,224
11/08/2013,zondag,229
12/08/2013,maandag,438
13/08/2013,dinsdag,426
14/08/2013,woensdag,419
15/08/2013,donderdag,252
16/08/2013,vrijdag,370
17/08/2013,zaterdag,256
18/08/2013,zondag,217
19/08/2013,maandag,385
20/08/2013,dinsdag,428
21/08/2013,woensdag,388
22/08/2013,donderdag,390
23/08/2013,vrijdag,408
24/08/2013,zaterdag,244
25/08/2013,zondag,242
26/08/2013,maandag,427
27/08/2013,dinsdag,446
28/08/2013,woensdag,406
29/08/2013,donderdag,409
30/08/2013,vrijdag,388
31/08/2013,zaterdag,220
1/09/2013,zondag,219
2/09/2013,maandag,339
3/09/2013,dinsdag,420
4/09/2013,woensdag,368
5/09/2013,donderdag,414
6/09/2013,vrijdag,448
7/09/2013,zaterdag,238
8/09/2013,zondag,204
9/09/2013,maandag,408
10/09/2013,dinsdag,425
11/09/2013,woensdag,396
12/09/2013,donderdag,416
13/09/2013,vrijdag,357
14/09/2013,zaterdag,260
15/09/2013,zondag,265
16/09/2013,maandag,416
17/09/2013,dinsdag,412
18/09/2013,woensdag,439
19/09/2013,donderdag,373
20/09/2013,vrijdag,447
21/09/2013,zaterdag,244
22/09/2013,zondag,238
23/09/2013,maandag,379
24/09/2013,dinsdag,431
25/09/2013,woensdag,377
26/09/2013,donderdag,429
27/09/2013,vrijdag,375
28/09/2013,zaterdag,225
29/09/2013,zondag,220
30/09/2013,maandag,379
1/10/2013,dinsdag,403
2/10/2013,woensdag,405
3/10/2013,donderdag,382
4/10/2013,vrijdag,410
5/10/2013,zaterdag,205
6/10/2013,zondag,199
7/10/2013,maandag,345
8/10/2013,dinsdag,419
9/10/2013,woensdag,386
10/10/2013,donderdag,379
11/10/2013,vrijdag,368
12/10/2013,zaterdag,208
13/10/2013,zondag,210
14/10/2013,maandag,356
15/10/2013,dinsdag,400
16/10/2013,woensdag,360
17/10/2013,donderdag,393
18/10/2013,vrijdag,353
19/10/2013,zaterdag,201
20/10/2013,zondag,211
21/10/2013,maandag,387
22/10/2013,dinsdag,403
23/10/2013,woensdag,359
24/10/2013,donderdag,389
25/10/2013,vrijdag,407
26/10/2013,zaterdag,216
27/10/2013,zondag,212
28/10/2013,maandag,317
29/10/2013,dinsdag,385
30/10/2013,woensdag,379
31/10/2013,donderdag,412
1/11/2013,vrijdag,222
2/11/2013,zaterdag,217
3/11/2013,zondag,228
4/11/2013,maandag,397
5/11/2013,dinsdag,400
6/11/2013,woensdag,414
7/11/2013,donderdag,428
8/11/2013,vrijdag,403
9/11/2013,zaterdag,220
10/11/2013,zondag,199
11/11/2013,maandag,225
12/11/2013,dinsdag,366
13/11/2013,woensdag,412
14/11/2013,donderdag,396
15/11/2013,vrijdag,391
16/11/2013,zaterdag,233
17/11/2013,zondag,237
18/11/2013,maandag,350
19/11/2013,dinsdag,435
20/11/2013,woensdag,366
21/11/2013,donderdag,346
22/11/2013,vrijdag,370
23/11/2013,zaterdag,207
24/11/2013,zondag,234
25/11/2013,maandag,358
26/11/2013,dinsdag,379
27/11/2013,woensdag,341
28/11/2013,donderdag,360
29/11/2013,vrijdag,366
30/11/2013,zaterdag,253
1/12/2013,zondag,222
2/12/2013,maandag,379
3/12/2013,dinsdag,359
4/12/2013,woensdag,383
5/12/2013,donderdag,384
6/12/2013,vrijdag,367
7/12/2013,zaterdag,227
8/12/2013,zondag,204
9/12/2013,maandag,361
10/12/2013,dinsdag,406
11/12/2013,woensdag,394
12/12/2013,donderdag,331
13/12/2013,vrijdag,332
14/12/2013,zaterdag,250
15/12/2013,zondag,206
16/12/2013,maandag,390
17/12/2013,dinsdag,427
18/12/2013,woensdag,430
19/12/2013,donderdag,421
20/12/2013,vrijdag,454
21/12/2013,zaterdag,203
22/12/2013,zondag,209
23/12/2013,maandag,401
24/12/2013,dinsdag,319
25/12/2013,woensdag,221
26/12/2013,donderdag,367
27/12/2013,vrijdag,432
28/12/2013,zaterdag,242
29/12/2013,zondag,227
30/12/2013,maandag,377
31/12/2013,dinsdag,337
1/01/2014,woensdag,235
2/01/2014,donderdag,403
3/01/2014,vrijdag,407
4/01/2014,zaterdag,235
5/01/2014,zondag,221
6/01/2014,maandag,386
7/01/2014,dinsdag,403
8/01/2014,woensdag,360
9/01/2014,donderdag,345
10/01/2014,vrijdag,408
11/01/2014,zaterdag,232
12/01/2014,zondag,251
13/01/2014,maandag,359
14/01/2014,dinsdag,436
15/01/2014,woensdag,387
16/01/2014,donderdag,405
17/01/2014,vrijdag,381
18/01/2014,zaterdag,239
19/01/2014,zondag,227
20/01/2014,maandag,407
21/01/2014,dinsdag,420
22/01/2014,woensdag,370
23/01/2014,donderdag,385
24/01/2014,vrijdag,423
25/01/2014,zaterdag,214
26/01/2014,zondag,237
27/01/2014,maandag,387
28/01/2014,dinsdag,408
29/01/2014,woensdag,405
30/01/2014,donderdag,401
31/01/2014,vrijdag,409
1/02/2014,zaterdag,231
2/02/2014,zondag,255
3/02/2014,maandag,349
4/02/2014,dinsdag,401
5/02/2014,woensdag,417
6/02/2014,donderdag,417
7/02/2014,vrijdag,397
8/02/2014,zaterdag,227
9/02/2014,zondag,229
10/02/2014,maandag,358
11/02/2014,dinsdag,401
12/02/2014,woensdag,392
13/02/2014,donderdag,392
14/02/2014,vrijdag,430
15/02/2014,zaterdag,258
16/02/2014,zondag,234
17/02/2014,maandag,397
18/02/2014,dinsdag,394
19/02/2014,woensdag,351
20/02/2014,donderdag,399
21/02/2014,vrijdag,374
22/02/2014,zaterdag,219
23/02/2014,zondag,207
24/02/2014,maandag,375
25/02/2014,dinsdag,396
26/02/2014,woensdag,400
27/02/2014,donderdag,382
28/02/2014,vrijdag,400
1/03/2014,zaterdag,198
2/03/2014,zondag,209
3/03/2014,maandag,332
4/03/2014,dinsdag,346
5/03/2014,woensdag,348
6/03/2014,donderdag,355
7/03/2014,vrijdag,361
8/03/2014,zaterdag,234
9/03/2014,zondag,206
10/03/2014,maandag,386
11/03/2014,dinsdag,417
12/03/2014,woensdag,408
13/03/2014,donderdag,384
14/03/2014,vrijdag,386
15/03/2014,zaterdag,243
16/03/2014,zondag,233
17/03/2014,maandag,391
18/03/2014,dinsdag,374
19/03/2014,woensdag,368
20/03/2014,donderdag,387
21/03/2014,vrijdag,387
22/03/2014,zaterdag,231
23/03/2014,zondag,243
24/03/2014,maandag,399
25/03/2014,dinsdag,394
26/03/2014,woensdag,395
27/03/2014,donderdag,387
28/03/2014,vrijdag,395
29/03/2014,zaterdag,220
30/03/2014,zondag,202
31/03/2014,maandag,374
1/04/2014,dinsdag,415
2/04/2014,woensdag,381
3/04/2014,donderdag,417
4/04/2014,vrijdag,421
5/04/2014,zaterdag,222
6/04/2014,zondag,217
7/04/2014,maandag,370
8/04/2014,dinsdag,363
9/04/2014,woensdag,361
10/04/2014,donderdag,387
11/04/2014,vrijdag,358
12/04/2014,zaterdag,206
13/04/2014,zondag,241
14/04/2014,maandag,370
15/04/2014,dinsdag,376
16/04/2014,woensdag,357
17/04/2014,donderdag,362
18/04/2014,vrijdag,370
19/04/2014,zaterdag,221
20/04/2014,zondag,217
21/04/2014,maandag,244
22/04/2014,dinsdag,414
23/04/2014,woensdag,383
24/04/2014,donderdag,414
25/04/2014,vrijdag,401
26/04/2014,zaterdag,233
27/04/2014,zondag,202
28/04/2014,maandag,430
29/04/2014,dinsdag,379
30/04/2014,woensdag,374
1/05/2014,donderdag,221
2/05/2014,vrijdag,374
3/05/2014,zaterdag,208
4/05/2014,zondag,204
5/05/2014,maandag,416
6/05/2014,dinsdag,412
7/05/2014,woensdag,418
8/05/2014,donderdag,384
9/05/2014,vrijdag,412
10/05/2014,zaterdag,248
11/05/2014,zondag,230
12/05/2014,maandag,367
13/05/2014,dinsdag,412
14/05/2014,woensdag,390
15/05/2014,donderdag,386
16/05/2014,vrijdag,377
17/05/2014,zaterdag,222
18/05/2014,zondag,206
19/05/2014,maandag,376
20/05/2014,dinsdag,379
21/05/2014,woensdag,382
22/05/2014,donderdag,420
23/05/2014,vrijdag,414
24/05/2014,zaterdag,210
25/05/2014,zondag,229
26/05/2014,maandag,376
27/05/2014,dinsdag,472
28/05/2014,woensdag,458
29/05/2014,donderdag,220
30/05/2014,vrijdag,338
31/05/2014,zaterdag,216
1/06/2014,zondag,243
2/06/2014,maandag,438
3/06/2014,dinsdag,439
4/06/2014,woensdag,415
5/06/2014,donderdag,420
6/06/2014,vrijdag,432
7/06/2014,zaterdag,261
8/06/2014,zondag,266
9/06/2014,maandag,249
10/06/2014,dinsdag,409
11/06/2014,woensdag,442
12/06/2014,donderdag,417
13/06/2014,vrijdag,357
14/06/2014,zaterdag,232
15/06/2014,zondag,226
16/06/2014,maandag,385
17/06/2014,dinsdag,419
18/06/2014,woensdag,382
19/06/2014,donderdag,370
20/06/2014,vrijdag,387
21/06/2014,zaterdag,241
22/06/2014,zondag,245
23/06/2014,maandag,393
24/06/2014,dinsdag,417
25/06/2014,woensdag,393
26/06/2014,donderdag,435
27/06/2014,vrijdag,389
28/06/2014,zaterdag,247
29/06/2014,zondag,260
30/06/2014,maandag,396
1/07/2014,dinsdag,413
2/07/2014,woensdag,387
3/07/2014,donderdag,417
4/07/2014,vrijdag,436
5/07/2014,zaterdag,236
6/07/2014,zondag,253
7/07/2014,maandag,412
8/07/2014,dinsdag,388
9/07/2014,woensdag,402
10/07/2014,donderdag,384
11/07/2014,vrijdag,397
12/07/2014,zaterdag,200
13/07/2014,zondag,243
14/07/2014,maandag,394
15/07/2014,dinsdag,409
16/07/2014,woensdag,381
17/07/2014,donderdag,455
18/07/2014,vrijdag,448
19/07/2014,zaterdag,268
20/07/2014,zondag,251
21/07/2014,maandag,270
22/07/2014,dinsdag,416
23/07/2014,woensdag,445
24/07/2014,donderdag,424
25/07/2014,vrijdag,382
26/07/2014,zaterdag,233
27/07/2014,zondag,239
28/07/2014,maandag,383
29/07/2014,dinsdag,440
30/07/2014,woensdag,392
31/07/2014,donderdag,442
1/08/2014,vrijdag,428
2/08/2014,zaterdag,233
3/08/2014,zondag,266
4/08/2014,maandag,407
5/08/2014,dinsdag,416
6/08/2014,woensdag,425
7/08/2014,donderdag,431
8/08/2014,vrijdag,410
9/08/2014,zaterdag,225
10/08/2014,zondag,268
11/08/2014,maandag,417
12/08/2014,dinsdag,403
13/08/2014,woensdag,408
14/08/2014,donderdag,420
15/08/2014,vrijdag,250
16/08/2014,zaterdag,202
17/08/2014,zondag,247
18/08/2014,maandag,366
19/08/2014,dinsdag,395
20/08/2014,woensdag,419
21/08/2014,donderdag,387
22/08/2014,vrijdag,378
23/08/2014,zaterdag,229
24/08/2014,zondag,215
25/08/2014,maandag,405
26/08/2014,dinsdag,404
27/08/2014,woensdag,382
28/08/2014,donderdag,408
29/08/2014,vrijdag,389
30/08/2014,zaterdag,243
31/08/2014,zondag,227
1/09/2014,maandag,374
2/09/2014,dinsdag,398
3/09/2014,woensdag,379
4/09/2014,donderdag,403
5/09/2014,vrijdag,434
6/09/2014,zaterdag,226
7/09/2014,zondag,223
8/09/2014,maandag,394
9/09/2014,dinsdag,402
10/09/2014,woensdag,392
11/09/2014,donderdag,413
12/09/2014,vrijdag,413
13/09/2014,zaterdag,239
14/09/2014,zondag,239
15/09/2014,maandag,403
16/09/2014,dinsdag,418
17/09/2014,woensdag,374
18/09/2014,donderdag,406
19/09/2014,vrijdag,420
20/09/2014,zaterdag,231
21/09/2014,zondag,227
22/09/2014,maandag,368
23/09/2014,dinsdag,446
24/09/2014,woensdag,425
25/09/2014,donderdag,363
26/09/2014,vrijdag,403
27/09/2014,zaterdag,224
28/09/2014,zondag,243
29/09/2014,maandag,395
30/09/2014,dinsdag,449
1/10/2014,woensdag,424
2/10/2014,donderdag,362
3/10/2014,vrijdag,372
4/10/2014,zaterdag,224
5/10/2014,zondag,245
6/10/2014,maandag,353
7/10/2014,dinsdag,389
8/10/2014,woensdag,401
9/10/2014,donderdag,391
10/10/2014,vrijdag,418
11/10/2014,zaterdag,208
12/10/2014,zondag,228
13/10/2014,maandag,373
14/10/2014,dinsdag,395
15/10/2014,woensdag,380
16/10/2014,donderdag,406
17/10/2014,vrijdag,370
18/10/2014,zaterdag,220
19/10/2014,zondag,221
20/10/2014,maandag,371
21/10/2014,dinsdag,377
22/10/2014,woensdag,366
23/10/2014,donderdag,379
24/10/2014,vrijdag,382
25/10/2014,zaterdag,231
26/10/2014,zondag,203
27/10/2014,maandag,326
28/10/2014,dinsdag,381
29/10/2014,woensdag,349
30/10/2014,donderdag,338
31/10/2014,vrijdag,366
1/11/2014,zaterdag,220
2/11/2014,zondag,215
3/11/2014,maandag,359
4/11/2014,dinsdag,388
5/11/2014,woensdag,363
6/11/2014,donderdag,384
7/11/2014,vrijdag,393
8/11/2014,zaterdag,198
9/11/2014,zondag,214
10/11/2014,maandag,385
11/11/2014,dinsdag,222
12/11/2014,woensdag,380
13/11/2014,donderdag,393
14/11/2014,vrijdag,390
15/11/2014,zaterdag,227
16/11/2014,zondag,235
17/11/2014,maandag,376
18/11/2014,dinsdag,400
19/11/2014,woensdag,349
20/11/2014,donderdag,379
21/11/2014,vrijdag,386
22/11/2014,zaterdag,226
23/11/2014,zondag,215
24/11/2014,maandag,363
25/11/2014,dinsdag,378
26/11/2014,woensdag,370
27/11/2014,donderdag,398
28/11/2014,vrijdag,377
29/11/2014,zaterdag,197
30/11/2014,zondag,220
1/12/2014,maandag,351
2/12/2014,dinsdag,393
3/12/2014,woensdag,331
4/12/2014,donderdag,353
5/12/2014,vrijdag,323
6/12/2014,zaterdag,212
7/12/2014,zondag,224
8/12/2014,maandag,357
9/12/2014,dinsdag,380
10/12/2014,woensdag,381
11/12/2014,donderdag,386
12/12/2014,vrijdag,399
13/12/2014,zaterdag,213
14/12/2014,zondag,214
15/12/2014,maandag,307
16/12/2014,dinsdag,376
17/12/2014,woensdag,375
18/12/2014,donderdag,443
19/12/2014,vrijdag,423
20/12/2014,zaterdag,247
21/12/2014,zondag,208
22/12/2014,maandag,378
23/12/2014,dinsdag,427
24/12/2014,woensdag,319
25/12/2014,donderdag,199
26/12/2014,vrijdag,336
27/12/2014,zaterdag,218
28/12/2014,zondag,197
29/12/2014,maandag,354
30/12/2014,dinsdag,365
31/12/2014,woensdag,261
01/01/2015,donderdag,210
02/01/2015,vrijdag,354
03/01/2015,zaterdag,227
04/01/2015,zondag,206
05/01/2015,maandag,389
06/01/2015,dinsdag,403
07/01/2015,woensdag,353
08/01/2015,donderdag,370
09/01/2015,vrijdag,394
10/01/2015,zaterdag,218
11/01/2015,zondag,240
12/01/2015,maandag,367
13/01/2015,dinsdag,364
14/01/2015,woensdag,377
15/01/2015,donderdag,397
16/01/2015,vrijdag,368
17/01/2015,zaterdag,239
18/01/2015,zondag,230
19/01/2015,maandag,343
20/01/2015,dinsdag,405
21/01/2015,woensdag,399
22/01/2015,donderdag,349
23/01/2015,vrijdag,358
24/01/2015,zaterdag,230
25/01/2015,zondag,236
26/01/2015,maandag,407
27/01/2015,dinsdag,360
28/01/2015,woensdag,345
29/01/2015,donderdag,363
30/01/2015,vrijdag,347
31/01/2015,zaterdag,241
01/02/2015,zondag,223
02/02/2015,maandag,378
03/02/2015,dinsdag,363
04/02/2015,woensdag,408
05/02/2015,donderdag,339
06/02/2015,vrijdag,374
07/02/2015,zaterdag,232
08/02/2015,zondag,209
09/02/2015,maandag,367
10/02/2015,dinsdag,384
11/02/2015,woensdag,362
12/02/2015,donderdag,406
13/02/2015,vrijdag,417
14/02/2015,zaterdag,214
15/02/2015,zondag,234
16/02/2015,maandag,334
17/02/2015,dinsdag,361
18/02/2015,woensdag,341
19/02/2015,donderdag,330
20/02/2015,vrijdag,356
21/02/2015,zaterdag,254
22/02/2015,zondag,224
23/02/2015,maandag,345
24/02/2015,dinsdag,405
25/02/2015,woensdag,319
26/02/2015,donderdag,355
27/02/2015,vrijdag,346
28/02/2015,zaterdag,225
01/03/2015,zondag,210
02/03/2015,maandag,367
03/03/2015,dinsdag,395
04/03/2015,woensdag,380
05/03/2015,donderdag,387
06/03/2015,vrijdag,397
07/03/2015,zaterdag,244
08/03/2015,zondag,189
09/03/2015,maandag,361
10/03/2015,dinsdag,383
11/03/2015,woensdag,347
12/03/2015,donderdag,392
13/03/2015,vrijdag,368
14/03/2015,zaterdag,221
15/03/2015,zondag,209
16/03/2015,maandag,333
17/03/2015,dinsdag,390
18/03/2015,woensdag,360
19/03/2015,donderdag,357
20/03/2015,vrijdag,395
21/03/2015,zaterdag,208
22/03/2015,zondag,199
23/03/2015,maandag,366
24/03/2015,dinsdag,399
25/03/2015,woensdag,340
26/03/2015,donderdag,363
27/03/2015,vrijdag,324
28/03/2015,zaterdag,188
29/03/2015,zondag,209
30/03/2015,maandag,409
31/03/2015,dinsdag,408
01/04/2015,woensdag,336
02/04/2015,donderdag,388
03/04/2015,vrijdag,424
04/04/2015,zaterdag,233
05/04/2015,zondag,219
06/04/2015,maandag,240
07/04/2015,dinsdag,354
08/04/2015,woensdag,338
09/04/2015,donderdag,369
10/04/2015,vrijdag,382
11/04/2015,zaterdag,210
12/04/2015,zondag,205
13/04/2015,maandag,337
14/04/2015,dinsdag,378
15/04/2015,woensdag,373
16/04/2015,donderdag,376
17/04/2015,vrijdag,361
18/04/2015,zaterdag,198
19/04/2015,zondag,248
20/04/2015,maandag,359
21/04/2015,dinsdag,371
22/04/2015,woensdag,403
23/04/2015,donderdag,359
24/04/2015,vrijdag,362
25/04/2015,zaterdag,239
26/04/2015,zondag,274
27/04/2015,maandag,388
28/04/2015,dinsdag,425
29/04/2015,woensdag,371
30/04/2015,donderdag,434
01/05/2015,vrijdag,253
02/05/2015,zaterdag,227
03/05/2015,zondag,231
04/05/2015,maandag,404
05/05/2015,dinsdag,413
06/05/2015,woensdag,398
07/05/2015,donderdag,381
08/05/2015,vrijdag,396
09/05/2015,zaterdag,229
10/05/2015,zondag,227
11/05/2015,maandag,416
12/05/2015,dinsdag,469
13/05/2015,woensdag,377
14/05/2015,donderdag,222
15/05/2015,vrijdag,329
16/05/2015,zaterdag,244
17/05/2015,zondag,230
18/05/2015,maandag,372
19/05/2015,dinsdag,454
20/05/2015,woensdag,369
21/05/2015,donderdag,405
22/05/2015,vrijdag,436
23/05/2015,zaterdag,247
24/05/2015,zondag,224
25/05/2015,maandag,228
26/05/2015,dinsdag,399
27/05/2015,woensdag,418
28/05/2015,donderdag,368
29/05/2015,vrijdag,386
30/05/2015,zaterdag,204
31/05/2015,zondag,248
01/06/2015,maandag,374
02/06/2015,dinsdag,406
03/06/2015,woensdag,379
04/06/2015,donderdag,378
05/06/2015,vrijdag,394
06/06/2015,zaterdag,224
07/06/2015,zondag,217
08/06/2015,maandag,348
09/06/2015,dinsdag,416
10/06/2015,woensdag,379
11/06/2015,donderdag,380
12/06/2015,vrijdag,379
13/06/2015,zaterdag,239
14/06/2015,zondag,250
15/06/2015,maandag,408
16/06/2015,dinsdag,413
17/06/2015,woensdag,376
18/06/2015,donderdag,365
19/06/2015,vrijdag,358
20/06/2015,zaterdag,212
21/06/2015,zondag,235
22/06/2015,maandag,381
23/06/2015,dinsdag,398
24/06/2015,woensdag,353
25/06/2015,donderdag,381
26/06/2015,vrijdag,368
27/06/2015,zaterdag,236
28/06/2015,zondag,240
29/06/2015,maandag,394
30/06/2015,dinsdag,420
01/07/2015,woensdag,403
02/07/2015,donderdag,419
03/07/2015,vrijdag,399
04/07/2015,zaterdag,235
05/07/2015,zondag,236
06/07/2015,maandag,398
07/07/2015,dinsdag,406
08/07/2015,woensdag,393
09/07/2015,donderdag,386
10/07/2015,vrijdag,392
11/07/2015,zaterdag,231
12/07/2015,zondag,225
13/07/2015,maandag,371
14/07/2015,dinsdag,390
15/07/2015,woensdag,394
16/07/2015,donderdag,399
17/07/2015,vrijdag,442
18/07/2015,zaterdag,250
19/07/2015,zondag,214
20/07/2015,maandag,352
21/07/2015,dinsdag,264
22/07/2015,woensdag,427
23/07/2015,donderdag,402
24/07/2015,vrijdag,390
25/07/2015,zaterdag,236
26/07/2015,zondag,214
27/07/2015,maandag,412
28/07/2015,dinsdag,405
29/07/2015,woensdag,392
30/07/2015,donderdag,407
31/07/2015,vrijdag,370
01/08/2015,zaterdag,260
02/08/2015,zondag,221
03/08/2015,maandag,398
04/08/2015,dinsdag,445
05/08/2015,woensdag,382
06/08/2015,donderdag,416
07/08/2015,vrijdag,374
08/08/2015,zaterdag,248
09/08/2015,zondag,243
10/08/2015,maandag,370
11/08/2015,dinsdag,433
12/08/2015,woensdag,405
13/08/2015,donderdag,368
14/08/2015,vrijdag,403
15/08/2015,zaterdag,219
16/08/2015,zondag,186
17/08/2015,maandag,393
18/08/2015,dinsdag,411
19/08/2015,woensdag,354
20/08/2015,donderdag,393
21/08/2015,vrijdag,399
22/08/2015,zaterdag,204
23/08/2015,zondag,244
24/08/2015,maandag,371
25/08/2015,dinsdag,405
26/08/2015,woensdag,409
27/08/2015,donderdag,397
28/08/2015,vrijdag,398
29/08/2015,zaterdag,222
30/08/2015,zondag,227
31/08/2015,maandag,353
01/09/2015,dinsdag,359
02/09/2015,woensdag,359
03/09/2015,donderdag,397
04/09/2015,vrijdag,406
05/09/2015,zaterdag,231
06/09/2015,zondag,239
07/09/2015,maandag,370
08/09/2015,dinsdag,418
09/09/2015,woensdag,389
10/09/2015,donderdag,365
11/09/2015,vrijdag,423
12/09/2015,zaterdag,240
13/09/2015,zondag,258
14/09/2015,maandag,386
15/09/2015,dinsdag,434
16/09/2015,woensdag,367
17/09/2015,donderdag,400
18/09/2015,vrijdag,371
19/09/2015,zaterdag,222
20/09/2015,zondag,245
21/09/2015,maandag,377
22/09/2015,dinsdag,399
23/09/2015,woensdag,369
24/09/2015,donderdag,389
25/09/2015,vrijdag,386
26/09/2015,zaterdag,225
27/09/2015,zondag,240
28/09/2015,maandag,379
29/09/2015,dinsdag,404
30/09/2015,woensdag,343
01/10/2015,donderdag,396
02/10/2015,vrijdag,404
03/10/2015,zaterdag,253
04/10/2015,zondag,236
05/10/2015,maandag,400
06/10/2015,dinsdag,381
07/10/2015,woensdag,382
08/10/2015,donderdag,372
09/10/2015,vrijdag,372
10/10/2015,zaterdag,243
11/10/2015,zondag,234
12/10/2015,maandag,381
13/10/2015,dinsdag,384
14/10/2015,woensdag,345
15/10/2015,donderdag,379
16/10/2015,vrijdag,362
17/10/2015,zaterdag,228
18/10/2015,zondag,222
19/10/2015,maandag,390
20/10/2015,dinsdag,369
21/10/2015,woensdag,350
22/10/2015,donderdag,387
23/10/2015,vrijdag,398
24/10/2015,zaterdag,234
25/10/2015,zondag,259
26/10/2015,maandag,352
27/10/2015,dinsdag,410
28/10/2015,woensdag,391
29/10/2015,donderdag,417
30/10/2015,vrijdag,417
31/10/2015,zaterdag,201
01/11/2015,zondag,218
02/11/2015,maandag,320
03/11/2015,dinsdag,344
04/11/2015,woensdag,317
05/11/2015,donderdag,342
06/11/2015,vrijdag,355
07/11/2015,zaterdag,196
08/11/2015,zondag,227
09/11/2015,maandag,408
10/11/2015,dinsdag,447
11/11/2015,woensdag,224
12/11/2015,donderdag,406
13/11/2015,vrijdag,363
14/11/2015,zaterdag,208
15/11/2015,zondag,199
16/11/2015,maandag,375
17/11/2015,dinsdag,361
18/11/2015,woensdag,428
19/11/2015,donderdag,383
20/11/2015,vrijdag,373
21/11/2015,zaterdag,207
22/11/2015,zondag,226
23/11/2015,maandag,359
24/11/2015,dinsdag,361
25/11/2015,woensdag,341
26/11/2015,donderdag,348
27/11/2015,vrijdag,345
28/11/2015,zaterdag,232
29/11/2015,zondag,214
30/11/2015,maandag,366
01/12/2015,dinsdag,402
02/12/2015,woensdag,362
03/12/2015,donderdag,373
04/12/2015,vrijdag,331
05/12/2015,zaterdag,196
06/12/2015,zondag,216
07/12/2015,maandag,352
08/12/2015,dinsdag,409
09/12/2015,woensdag,372
10/12/2015,donderdag,380
11/12/2015,vrijdag,361
12/12/2015,zaterdag,225
13/12/2015,zondag,218
14/12/2015,maandag,382
15/12/2015,dinsdag,404
16/12/2015,woensdag,369
17/12/2015,donderdag,389
18/12/2015,vrijdag,395
19/12/2015,zaterdag,232
20/12/2015,zondag,183
21/12/2015,maandag,399
22/12/2015,dinsdag,445
23/12/2015,woensdag,401
24/12/2015,donderdag,255
25/12/2015,vrijdag,215
26/12/2015,zaterdag,211
27/12/2015,zondag,237
28/12/2015,maandag,363
29/12/2015,dinsdag,379
30/12/2015,woensdag,364
31/12/2015,donderdag,305
01/01/2016,vrijdag,230
02/01/2016,zaterdag,226
03/01/2016,zondag,243
04/01/2016,maandag,399
05/01/2016,dinsdag,414
06/01/2016,woensdag,405
07/01/2016,donderdag,413
08/01/2016,vrijdag,406
09/01/2016,zaterdag,209
10/01/2016,zondag,219
11/01/2016,maandag,362
12/01/2016,dinsdag,435
13/01/2016,woensdag,351
14/01/2016,donderdag,342
15/01/2016,vrijdag,368
16/01/2016,zaterdag,185
17/01/2016,zondag,217
18/01/2016,maandag,376
19/01/2016,dinsdag,399
20/01/2016,woensdag,381
21/01/2016,donderdag,388
22/01/2016,vrijdag,387
23/01/2016,zaterdag,225
24/01/2016,zondag,171
25/01/2016,maandag,388
26/01/2016,dinsdag,401
27/01/2016,woensdag,369
28/01/2016,donderdag,391
29/01/2016,vrijdag,365
30/01/2016,zaterdag,226
31/01/2016,zondag,209
01/02/2016,maandag,370
02/02/2016,dinsdag,396
03/02/2016,woensdag,354
04/02/2016,donderdag,417
05/02/2016,vrijdag,378
06/02/2016,zaterdag,201
07/02/2016,zondag,211
08/02/2016,maandag,346
09/02/2016,dinsdag,336
10/02/2016,woensdag,313
11/02/2016,donderdag,371
12/02/2016,vrijdag,352
13/02/2016,zaterdag,204
14/02/2016,zondag,218
15/02/2016,maandag,394
16/02/2016,dinsdag,351
17/02/2016,woensdag,363
18/02/2016,donderdag,378
19/02/2016,vrijdag,367
20/02/2016,zaterdag,212
21/02/2016,zondag,212
22/02/2016,maandag,348
23/02/2016,dinsdag,404
24/02/2016,woensdag,362
25/02/2016,donderdag,378
26/02/2016,vrijdag,401
27/02/2016,zaterdag,221
28/02/2016,zondag,227
29/02/2016,maandag,359
01/03/2016,dinsdag,383
02/03/2016,woensdag,351
03/03/2016,donderdag,347
04/03/2016,vrijdag,401
05/03/2016,zaterdag,223
06/03/2016,zondag,214
07/03/2016,maandag,377
08/03/2016,dinsdag,351
09/03/2016,woensdag,368
10/03/2016,donderdag,405
11/03/2016,vrijdag,370
12/03/2016,zaterdag,206
13/03/2016,zondag,203
14/03/2016,maandag,388
15/03/2016,dinsdag,382
16/03/2016,woensdag,379
17/03/2016,donderdag,340
18/03/2016,vrijdag,383
19/03/2016,zaterdag,203
20/03/2016,zondag,204
21/03/2016,maandag,363
22/03/2016,dinsdag,339
23/03/2016,woensdag,357
24/03/2016,donderdag,394
25/03/2016,vrijdag,440
26/03/2016,zaterdag,213
27/03/2016,zondag,201
28/03/2016,maandag,218
29/03/2016,dinsdag,330
30/03/2016,woensdag,371
31/03/2016,donderdag,363
01/04/2016,vrijdag,331
02/04/2016,zaterdag,227
03/04/2016,zondag,224
04/04/2016,maandag,357
05/04/2016,dinsdag,359
06/04/2016,woensdag,340
07/04/2016,donderdag,328
08/04/2016,vrijdag,374
09/04/2016,zaterdag,235
10/04/2016,zondag,225
11/04/2016,maandag,354
12/04/2016,dinsdag,422
13/04/2016,woensdag,330
14/04/2016,donderdag,400
15/04/2016,vrijdag,379
16/04/2016,zaterdag,218
17/04/2016,zondag,233
18/04/2016,maandag,369
19/04/2016,dinsdag,362
20/04/2016,woensdag,365
21/04/2016,donderdag,378
22/04/2016,vrijdag,376
23/04/2016,zaterdag,204
24/04/2016,zondag,223
25/04/2016,maandag,374
26/04/2016,dinsdag,407
27/04/2016,woensdag,353
28/04/2016,donderdag,355
29/04/2016,vrijdag,383
30/04/2016,zaterdag,217
01/05/2016,zondag,227
02/05/2016,maandag,396
03/05/2016,dinsdag,441
04/05/2016,woensdag,426
05/05/2016,donderdag,214
06/05/2016,vrijdag,310
07/05/2016,zaterdag,233
08/05/2016,zondag,241
09/05/2016,maandag,394
10/05/2016,dinsdag,447
11/05/2016,woensdag,396
12/05/2016,donderdag,415
13/05/2016,vrijdag,380
14/05/2016,zaterdag,217
15/05/2016,zondag,233
16/05/2016,maandag,254
17/05/2016,dinsdag,401
18/05/2016,woensdag,383
19/05/2016,donderdag,408
20/05/2016,vrijdag,374
21/05/2016,zaterdag,223
22/05/2016,zondag,234
23/05/2016,maandag,370
24/05/2016,dinsdag,409
25/05/2016,woensdag,393
26/05/2016,donderdag,376
27/05/2016,vrijdag,368
28/05/2016,zaterdag,211
29/05/2016,zondag,200
30/05/2016,maandag,370
31/05/2016,dinsdag,330
01/06/2016,woensdag,365
02/06/2016,donderdag,356
03/06/2016,vrijdag,371
04/06/2016,zaterdag,212
05/06/2016,zondag,242
06/06/2016,maandag,370
07/06/2016,dinsdag,384
08/06/2016,woensdag,349
09/06/2016,donderdag,373
10/06/2016,vrijdag,410
11/06/2016,zaterdag,227
12/06/2016,zondag,225
13/06/2016,maandag,357
14/06/2016,dinsdag,404
15/06/2016,woensdag,394
16/06/2016,donderdag,403
17/06/2016,vrijdag,379
18/06/2016,zaterdag,224
19/06/2016,zondag,241
20/06/2016,maandag,395
21/06/2016,dinsdag,417
22/06/2016,woensdag,395
23/06/2016,donderdag,402
24/06/2016,vrijdag,380
25/06/2016,zaterdag,231
26/06/2016,zondag,249
27/06/2016,maandag,407
28/06/2016,dinsdag,423
29/06/2016,woensdag,384
30/06/2016,donderdag,406
01/07/2016,vrijdag,408
02/07/2016,zaterdag,243
03/07/2016,zondag,243
04/07/2016,maandag,394
05/07/2016,dinsdag,416
06/07/2016,woensdag,384
07/07/2016,donderdag,400
08/07/2016,vrijdag,415
09/07/2016,zaterdag,233
10/07/2016,zondag,218
11/07/2016,maandag,373
12/07/2016,dinsdag,411
13/07/2016,woensdag,388
14/07/2016,donderdag,438
15/07/2016,vrijdag,430
16/07/2016,zaterdag,239
17/07/2016,zondag,262
18/07/2016,maandag,415
19/07/2016,dinsdag,429
20/07/2016,woensdag,463
21/07/2016,donderdag,254
22/07/2016,vrijdag,373
23/07/2016,zaterdag,246
24/07/2016,zondag,224
25/07/2016,maandag,382
26/07/2016,dinsdag,410
27/07/2016,woensdag,404
28/07/2016,donderdag,388
29/07/2016,vrijdag,394
30/07/2016,zaterdag,227
31/07/2016,zondag,233
01/08/2016,maandag,371
02/08/2016,dinsdag,406
03/08/2016,woensdag,389
04/08/2016,donderdag,396
05/08/2016,vrijdag,381
06/08/2016,zaterdag,227
07/08/2016,zondag,233
08/08/2016,maandag,378
09/08/2016,dinsdag,347
10/08/2016,woensdag,405
11/08/2016,donderdag,391
12/08/2016,vrijdag,386
13/08/2016,zaterdag,214
14/08/2016,zondag,221
15/08/2016,maandag,224
16/08/2016,dinsdag,381
17/08/2016,woensdag,392
18/08/2016,donderdag,380
19/08/2016,vrijdag,410
20/08/2016,zaterdag,238
21/08/2016,zondag,216
22/08/2016,maandag,375
23/08/2016,dinsdag,422
24/08/2016,woensdag,368
25/08/2016,donderdag,362
26/08/2016,vrijdag,410
27/08/2016,zaterdag,213
28/08/2016,zondag,255
29/08/2016,maandag,351
30/08/2016,dinsdag,379
31/08/2016,woensdag,360
01/09/2016,donderdag,337
02/09/2016,vrijdag,401
03/09/2016,zaterdag,230
04/09/2016,zondag,199
05/09/2016,maandag,373
06/09/2016,dinsdag,395
07/09/2016,woensdag,385
08/09/2016,donderdag,397
09/09/2016,vrijdag,437
10/09/2016,zaterdag,231
11/09/2016,zondag,219
12/09/2016,maandag,392
13/09/2016,dinsdag,422
14/09/2016,woensdag,390
15/09/2016,donderdag,374
16/09/2016,vrijdag,431
17/09/2016,zaterdag,246
18/09/2016,zondag,230
19/09/2016,maandag,378
20/09/2016,dinsdag,412
21/09/2016,woensdag,393
22/09/2016,donderdag,374
23/09/2016,vrijdag,390
24/09/2016,zaterdag,239
25/09/2016,zondag,221
26/09/2016,maandag,383
27/09/2016,dinsdag,383
28/09/2016,woensdag,383
29/09/2016,donderdag,395
30/09/2016,vrijdag,391
01/10/2016,zaterdag,245
02/10/2016,zondag,246
03/10/2016,maandag,377
04/10/2016,dinsdag,400
05/10/2016,woensdag,389
06/10/2016,donderdag,383
07/10/2016,vrijdag,384
08/10/2016,zaterdag,253
09/10/2016,zondag,189
10/10/2016,maandag,367
11/10/2016,dinsdag,396
12/10/2016,woensdag,351
13/10/2016,donderdag,363
14/10/2016,vrijdag,414
15/10/2016,zaterdag,233
16/10/2016,zondag,209
17/10/2016,maandag,340
18/10/2016,dinsdag,404
19/10/2016,woensdag,346
20/10/2016,donderdag,369
21/10/2016,vrijdag,405
22/10/2016,zaterdag,228
23/10/2016,zondag,188
24/10/2016,maandag,365
25/10/2016,dinsdag,405
26/10/2016,woensdag,361
27/10/2016,donderdag,409
28/10/2016,vrijdag,405
29/10/2016,zaterdag,212
30/10/2016,zondag,214
31/10/2016,maandag,340
01/11/2016,dinsdag,229
02/11/2016,woensdag,357
03/11/2016,donderdag,349
04/11/2016,vrijdag,333
05/11/2016,zaterdag,236
06/11/2016,zondag,220
07/11/2016,maandag,400
08/11/2016,dinsdag,375
09/11/2016,woensdag,382
10/11/2016,donderdag,365
11/11/2016,vrijdag,220
12/11/2016,zaterdag,208
13/11/2016,zondag,224
14/11/2016,maandag,370
15/11/2016,dinsdag,406
16/11/2016,woensdag,336
17/11/2016,donderdag,363
18/11/2016,vrijdag,365
19/11/2016,zaterdag,227
20/11/2016,zondag,215
21/11/2016,maandag,356
22/11/2016,dinsdag,359
23/11/2016,woensdag,347
24/11/2016,donderdag,336
25/11/2016,vrijdag,357
26/11/2016,zaterdag,213
27/11/2016,zondag,241
28/11/2016,maandag,345
29/11/2016,dinsdag,338
30/11/2016,woensdag,324
01/12/2016,donderdag,386
02/12/2016,vrijdag,350
03/12/2016,zaterdag,200
04/12/2016,zondag,203
05/12/2016,maandag,338
06/12/2016,dinsdag,359
07/12/2016,woensdag,365
08/12/2016,donderdag,362
09/12/2016,vrijdag,380
10/12/2016,zaterdag,194
11/12/2016,zondag,191
12/12/2016,maandag,377
13/12/2016,dinsdag,376
14/12/2016,woensdag,343
15/12/2016,donderdag,345
16/12/2016,vrijdag,387
17/12/2016,zaterdag,219
18/12/2016,zondag,226
19/12/2016,maandag,434
20/12/2016,dinsdag,424
21/12/2016,woensdag,402
22/12/2016,donderdag,395
23/12/2016,vrijdag,383
24/12/2016,zaterdag,213
25/12/2016,zondag,217
26/12/2016,maandag,310
27/12/2016,dinsdag,385
28/12/2016,woensdag,336
29/12/2016,donderdag,306
30/12/2016,vrijdag,338
31/12/2016,zaterdag,220
01/01/2017,zondag,190
02/01/2017,maandag,312
03/01/2017,dinsdag,355
04/01/2017,woensdag,353
05/01/2017,donderdag,332
06/01/2017,vrijdag,357
07/01/2017,zaterdag,210
08/01/2017,zondag,227
09/01/2017,maandag,366
10/01/2017,dinsdag,346
11/01/2017,woensdag,319
12/01/2017,donderdag,380
13/01/2017,vrijdag,344
14/01/2017,zaterdag,214
15/01/2017,zondag,217
16/01/2017,maandag,359
17/01/2017,dinsdag,375
18/01/2017,woensdag,347
19/01/2017,donderdag,395
20/01/2017,vrijdag,379
21/01/2017,zaterdag,228
22/01/2017,zondag,210
23/01/2017,maandag,361
24/01/2017,dinsdag,379
25/01/2017,woensdag,339
26/01/2017,donderdag,395
27/01/2017,vrijdag,367
28/01/2017,zaterdag,222
29/01/2017,zondag,211
30/01/2017,maandag,363
31/01/2017,dinsdag,391
01/02/2017,woensdag,355
02/02/2017,donderdag,383
03/02/2017,vrijdag,372
04/02/2017,zaterdag,234
05/02/2017,zondag,215
06/02/2017,maandag,436
07/02/2017,dinsdag,397
08/02/2017,woensdag,339
09/02/2017,donderdag,366
10/02/2017,vrijdag,398
11/02/2017,zaterdag,244
12/02/2017,zondag,207
13/02/2017,maandag,337
14/02/2017,dinsdag,382
15/02/2017,woensdag,355
16/02/2017,donderdag,369
17/02/2017,vrijdag,352
18/02/2017,zaterdag,204
19/02/2017,zondag,217
20/02/2017,maandag,381
21/02/2017,dinsdag,387
22/02/2017,woensdag,375
23/02/2017,donderdag,375
24/02/2017,vrijdag,388
25/02/2017,zaterdag,213
26/02/2017,zondag,219
27/02/2017,maandag,349
28/02/2017,dinsdag,340
01/03/2017,woensdag,339
02/03/2017,donderdag,325
03/03/2017,vrijdag,336
04/03/2017,zaterdag,205
05/03/2017,zondag,213
06/03/2017,maandag,323
07/03/2017,dinsdag,377
08/03/2017,woensdag,351
09/03/2017,donderdag,362
10/03/2017,vrijdag,353
11/03/2017,zaterdag,203
12/03/2017,zondag,185
13/03/2017,maandag,351
14/03/2017,dinsdag,367
15/03/2017,woensdag,335
16/03/2017,donderdag,360
17/03/2017,vrijdag,386
18/03/2017,zaterdag,187
19/03/2017,zondag,185
20/03/2017,maandag,342
21/03/2017,dinsdag,332
22/03/2017,woensdag,341
23/03/2017,donderdag,355
24/03/2017,vrijdag,328
25/03/2017,zaterdag,191
26/03/2017,zondag,186
27/03/2017,maandag,347
28/03/2017,dinsdag,365
29/03/2017,woensdag,365
30/03/2017,donderdag,390
31/03/2017,vrijdag,354
01/04/2017,zaterdag,195
02/04/2017,zondag,225
03/04/2017,maandag,340
04/04/2017,dinsdag,358
05/04/2017,woensdag,313
06/04/2017,donderdag,354
07/04/2017,vrijdag,403
08/04/2017,zaterdag,205
09/04/2017,zondag,252
10/04/2017,maandag,328
11/04/2017,dinsdag,342
12/04/2017,woensdag,363
13/04/2017,donderdag,350
14/04/2017,vrijdag,374
15/04/2017,zaterdag,227
16/04/2017,zondag,213
17/04/2017,maandag,225
18/04/2017,dinsdag,403
19/04/2017,woensdag,380
20/04/2017,donderdag,389
21/04/2017,vrijdag,425
22/04/2017,zaterdag,217
23/04/2017,zondag,218
24/04/2017,maandag,404
25/04/2017,dinsdag,403
26/04/2017,woensdag,395
27/04/2017,donderdag,389
28/04/2017,vrijdag,372
29/04/2017,zaterdag,213
30/04/2017,zondag,205
01/05/2017,maandag,247
02/05/2017,dinsdag,357
03/05/2017,woensdag,403
04/05/2017,donderdag,373
05/05/2017,vrijdag,378
06/05/2017,zaterdag,238
07/05/2017,zondag,213
08/05/2017,maandag,342
09/05/2017,dinsdag,392
10/05/2017,woensdag,366
11/05/2017,donderdag,369
12/05/2017,vrijdag,378
13/05/2017,zaterdag,251
14/05/2017,zondag,210
15/05/2017,maandag,375
16/05/2017,dinsdag,391
17/05/2017,woensdag,371
18/05/2017,donderdag,377
19/05/2017,vrijdag,354
20/05/2017,zaterdag,239
21/05/2017,zondag,227
22/05/2017,maandag,420
23/05/2017,dinsdag,393
24/05/2017,woensdag,412
25/05/2017,donderdag,223
26/05/2017,vrijdag,321
27/05/2017,zaterdag,215
28/05/2017,zondag,223
29/05/2017,maandag,370
30/05/2017,dinsdag,399
31/05/2017,woensdag,351
01/06/2017,donderdag,377
02/06/2017,vrijdag,401
03/06/2017,zaterdag,237
04/06/2017,zondag,184
05/06/2017,maandag,231
06/06/2017,dinsdag,347
07/06/2017,woensdag,380
08/06/2017,donderdag,371
09/06/2017,vrijdag,380
10/06/2017,zaterdag,203
11/06/2017,zondag,225
12/06/2017,maandag,385
13/06/2017,dinsdag,370
14/06/2017,woensdag,366
15/06/2017,donderdag,383
16/06/2017,vrijdag,386
17/06/2017,zaterdag,216
18/06/2017,zondag,226
19/06/2017,maandag,365
20/06/2017,dinsdag,383
21/06/2017,woensdag,360
22/06/2017,donderdag,387
23/06/2017,vrijdag,412
24/06/2017,zaterdag,233
25/06/2017,zondag,223
26/06/2017,maandag,348
27/06/2017,dinsdag,396
28/06/2017,woensdag,324
29/06/2017,donderdag,408
30/06/2017,vrijdag,367
01/07/2017,zaterdag,222
02/07/2017,zondag,211
03/07/2017,maandag,337
04/07/2017,dinsdag,350
05/07/2017,woensdag,396
06/07/2017,donderdag,423
07/07/2017,vrijdag,463
08/07/2017,zaterdag,238
09/07/2017,zondag,211
10/07/2017,maandag,370
11/07/2017,dinsdag,353
12/07/2017,woensdag,381
13/07/2017,donderdag,393
14/07/2017,vrijdag,367
15/07/2017,zaterdag,237
16/07/2017,zondag,224
17/07/2017,maandag,415
18/07/2017,dinsdag,389
19/07/2017,woensdag,394
20/07/2017,donderdag,452
21/07/2017,vrijdag,250
22/07/2017,zaterdag,238
23/07/2017,zondag,228
24/07/2017,maandag,363
25/07/2017,dinsdag,401
26/07/2017,woensdag,373
27/07/2017,donderdag,376
28/07/2017,vrijdag,414
29/07/2017,zaterdag,218
30/07/2017,zondag,237
31/07/2017,maandag,373
01/08/2017,dinsdag,407
02/08/2017,woensdag,399
03/08/2017,donderdag,367
04/08/2017,vrijdag,413
05/08/2017,zaterdag,243
06/08/2017,zondag,229
07/08/2017,maandag,349
08/08/2017,dinsdag,437
09/08/2017,woensdag,390
10/08/2017,donderdag,406
11/08/2017,vrijdag,401
12/08/2017,zaterdag,238
13/08/2017,zondag,224
14/08/2017,maandag,360
15/08/2017,dinsdag,251
16/08/2017,woensdag,374
17/08/2017,donderdag,396
18/08/2017,vrijdag,409
19/08/2017,zaterdag,245
20/08/2017,zondag,210
21/08/2017,maandag,390
22/08/2017,dinsdag,416
23/08/2017,woensdag,379
24/08/2017,donderdag,396
25/08/2017,vrijdag,368
26/08/2017,zaterdag,227
27/08/2017,zondag,231
28/08/2017,maandag,391
29/08/2017,dinsdag,432
30/08/2017,woensdag,373
31/08/2017,donderdag,374
01/09/2017,vrijdag,365
02/09/2017,zaterdag,203
03/09/2017,zondag,210
04/09/2017,maandag,368
05/09/2017,dinsdag,387
06/09/2017,woensdag,382
07/09/2017,donderdag,397
08/09/2017,vrijdag,411
09/09/2017,zaterdag,221
10/09/2017,zondag,218
11/09/2017,maandag,349
12/09/2017,dinsdag,383
13/09/2017,woensdag,361
14/09/2017,donderdag,381
15/09/2017,vrijdag,415
16/09/2017,zaterdag,246
17/09/2017,zondag,222
18/09/2017,maandag,348
19/09/2017,dinsdag,424
20/09/2017,woensdag,393
21/09/2017,donderdag,360
22/09/2017,vrijdag,391
23/09/2017,zaterdag,251
24/09/2017,zondag,240
25/09/2017,maandag,390
26/09/2017,dinsdag,426
27/09/2017,woensdag,392
28/09/2017,donderdag,419
29/09/2017,vrijdag,417
30/09/2017,zaterdag,236
01/10/2017,zondag,254
02/10/2017,maandag,430
03/10/2017,dinsdag,408
04/10/2017,woensdag,403
05/10/2017,donderdag,371
06/10/2017,vrijdag,403
07/10/2017,zaterdag,237
08/10/2017,zondag,218
09/10/2017,maandag,362
10/10/2017,dinsdag,422
11/10/2017,woensdag,388
12/10/2017,donderdag,362
13/10/2017,vrijdag,367
14/10/2017,zaterdag,233
15/10/2017,zondag,185
16/10/2017,maandag,389
17/10/2017,dinsdag,400
18/10/2017,woensdag,361
19/10/2017,donderdag,373
20/10/2017,vrijdag,345
21/10/2017,zaterdag,224
22/10/2017,zondag,216
23/10/2017,maandag,386
24/10/2017,dinsdag,393
25/10/2017,woensdag,365
26/10/2017,donderdag,369
27/10/2017,vrijdag,418
28/10/2017,zaterdag,205
29/10/2017,zondag,224
30/10/2017,maandag,345
31/10/2017,dinsdag,347
01/11/2017,woensdag,218
02/11/2017,donderdag,344
03/11/2017,vrijdag,323
04/11/2017,zaterdag,208
05/11/2017,zondag,210
06/11/2017,maandag,400
07/11/2017,dinsdag,393
08/11/2017,woensdag,368
09/11/2017,donderdag,369
10/11/2017,vrijdag,373
11/11/2017,zaterdag,238
12/11/2017,zondag,207
13/11/2017,maandag,353
14/11/2017,dinsdag,374
15/11/2017,woensdag,360
16/11/2017,donderdag,360
17/11/2017,vrijdag,372
18/11/2017,zaterdag,219
19/11/2017,zondag,223
20/11/2017,maandag,348
21/11/2017,dinsdag,338
22/11/2017,woensdag,369
23/11/2017,donderdag,358
24/11/2017,vrijdag,345
25/11/2017,zaterdag,250
26/11/2017,zondag,178
27/11/2017,maandag,333
28/11/2017,dinsdag,344
29/11/2017,woensdag,319
30/11/2017,donderdag,370
01/12/2017,vrijdag,380
02/12/2017,zaterdag,217
03/12/2017,zondag,205
04/12/2017,maandag,369
05/12/2017,dinsdag,340
06/12/2017,woensdag,340
07/12/2017,donderdag,335
08/12/2017,vrijdag,355
09/12/2017,zaterdag,229
10/12/2017,zondag,216
11/12/2017,maandag,359
12/12/2017,dinsdag,406
13/12/2017,woensdag,321
14/12/2017,donderdag,347
15/12/2017,vrijdag,365
16/12/2017,zaterdag,218
17/12/2017,zondag,187
18/12/2017,maandag,375
19/12/2017,dinsdag,428
20/12/2017,woensdag,383
21/12/2017,donderdag,392
22/12/2017,vrijdag,389
23/12/2017,zaterdag,243
24/12/2017,zondag,206
25/12/2017,maandag,213
26/12/2017,dinsdag,331
27/12/2017,woensdag,410
28/12/2017,donderdag,394
29/12/2017,vrijdag,391
30/12/2017,zaterdag,249
31/12/2017,zondag,211
1/01/2018,maandag,209
2/01/2018,dinsdag,317
3/01/2018,woensdag,385
4/01/2018,donderdag,353
5/01/2018,vrijdag,373
6/01/2018,zaterdag,217
7/01/2018,zondag,217
8/01/2018,maandag,349
9/01/2018,dinsdag,363
10/01/2018,woensdag,344
11/01/2018,donderdag,365
12/01/2018,vrijdag,391
13/01/2018,zaterdag,220
14/01/2018,zondag,210
15/01/2018,maandag,336
16/01/2018,dinsdag,374
17/01/2018,woensdag,359
18/01/2018,donderdag,340
19/01/2018,vrijdag,389
20/01/2018,zaterdag,227
21/01/2018,zondag,206
22/01/2018,maandag,338
23/01/2018,dinsdag,371
24/01/2018,woensdag,371
25/01/2018,donderdag,357
26/01/2018,vrijdag,375
27/01/2018,zaterdag,195
28/01/2018,zondag,175
29/01/2018,maandag,329
30/01/2018,dinsdag,345
31/01/2018,woensdag,366
1/02/2018,donderdag,360
2/02/2018,vrijdag,349
3/02/2018,zaterdag,197
4/02/2018,zondag,225
5/02/2018,maandag,388
6/02/2018,dinsdag,371
7/02/2018,woensdag,328
8/02/2018,donderdag,386
9/02/2018,vrijdag,379
10/02/2018,zaterdag,228
11/02/2018,zondag,206
12/02/2018,maandag,322
13/02/2018,dinsdag,337
14/02/2018,woensdag,356
15/02/2018,donderdag,304
16/02/2018,vrijdag,343
17/02/2018,zaterdag,203
18/02/2018,zondag,200
19/02/2018,maandag,350
20/02/2018,dinsdag,358
21/02/2018,woensdag,311
22/02/2018,donderdag,338
23/02/2018,vrijdag,336
24/02/2018,zaterdag,206
25/02/2018,zondag,195
26/02/2018,maandag,357
27/02/2018,dinsdag,345
28/02/2018,woensdag,340
1/03/2018,donderdag,349
2/03/2018,vrijdag,361
3/03/2018,zaterdag,192
4/03/2018,zondag,209
5/03/2018,maandag,349
6/03/2018,dinsdag,353
7/03/2018,woensdag,348
8/03/2018,donderdag,331
9/03/2018,vrijdag,363
10/03/2018,zaterdag,228
11/03/2018,zondag,179
12/03/2018,maandag,340
13/03/2018,dinsdag,328
14/03/2018,woensdag,340
15/03/2018,donderdag,348
16/03/2018,vrijdag,333
17/03/2018,zaterdag,221
18/03/2018,zondag,215
19/03/2018,maandag,337
20/03/2018,dinsdag,353
21/03/2018,woensdag,302
22/03/2018,donderdag,381
23/03/2018,vrijdag,353
24/03/2018,zaterdag,221
25/03/2018,zondag,199
26/03/2018,maandag,352
27/03/2018,dinsdag,368
28/03/2018,woensdag,370
29/03/2018,donderdag,376
30/03/2018,vrijdag,408
31/03/2018,zaterdag,219
1/04/2018,zondag,190
2/04/2018,maandag,208
3/04/2018,dinsdag,361
4/04/2018,woensdag,380
5/04/2018,donderdag,367
6/04/2018,vrijdag,365
7/04/2018,zaterdag,212
8/04/2018,zondag,192
9/04/2018,maandag,360
10/04/2018,dinsdag,359
11/04/2018,woensdag,346
12/04/2018,donderdag,370
13/04/2018,vrijdag,359
14/04/2018,zaterdag,221
15/04/2018,zondag,182
16/04/2018,maandag,340
17/04/2018,dinsdag,384
18/04/2018,woensdag,370
19/04/2018,donderdag,376
20/04/2018,vrijdag,391
21/04/2018,zaterdag,202
22/04/2018,zondag,198
23/04/2018,maandag,359
24/04/2018,dinsdag,373
25/04/2018,woensdag,384
26/04/2018,donderdag,392
27/04/2018,vrijdag,387
28/04/2018,zaterdag,218
29/04/2018,zondag,217
30/04/2018,maandag,371
1/05/2018,dinsdag,244
2/05/2018,woensdag,380
3/05/2018,donderdag,429
4/05/2018,vrijdag,392
5/05/2018,zaterdag,226
6/05/2018,zondag,232
7/05/2018,maandag,373
8/05/2018,dinsdag,445
9/05/2018,woensdag,431
10/05/2018,donderdag,231
11/05/2018,vrijdag,323
12/05/2018,zaterdag,243
13/05/2018,zondag,242
14/05/2018,maandag,355
15/05/2018,dinsdag,394
16/05/2018,woensdag,356
17/05/2018,donderdag,375
18/05/2018,vrijdag,417
19/05/2018,zaterdag,236
20/05/2018,zondag,217
21/05/2018,maandag,220
22/05/2018,dinsdag,431
23/05/2018,woensdag,400
24/05/2018,donderdag,378
25/05/2018,vrijdag,346
26/05/2018,zaterdag,213
27/05/2018,zondag,218
28/05/2018,maandag,362
29/05/2018,dinsdag,382
30/05/2018,woensdag,369
31/05/2018,donderdag,343
1/06/2018,vrijdag,367
2/06/2018,zaterdag,246
3/06/2018,zondag,224
4/06/2018,maandag,351
5/06/2018,dinsdag,323
6/06/2018,woensdag,338
7/06/2018,donderdag,374
8/06/2018,vrijdag,379
9/06/2018,zaterdag,231
10/06/2018,zondag,230
11/06/2018,maandag,360
12/06/2018,dinsdag,385
13/06/2018,woensdag,362
14/06/2018,donderdag,382
15/06/2018,vrijdag,423
16/06/2018,zaterdag,224
17/06/2018,zondag,228
18/06/2018,maandag,382
19/06/2018,dinsdag,398
20/06/2018,woensdag,356
21/06/2018,donderdag,396
22/06/2018,vrijdag,401
23/06/2018,zaterdag,201
24/06/2018,zondag,230
25/06/2018,maandag,399
26/06/2018,dinsdag,395
27/06/2018,woensdag,347
28/06/2018,donderdag,403
29/06/2018,vrijdag,425
30/06/2018,zaterdag,247
1/07/2018,zondag,256
2/07/2018,maandag,342
3/07/2018,dinsdag,385
4/07/2018,woensdag,373
5/07/2018,donderdag,379
6/07/2018,vrijdag,372
7/07/2018,zaterdag,254
8/07/2018,zondag,218
9/07/2018,maandag,385
10/07/2018,dinsdag,372
11/07/2018,woensdag,336
12/07/2018,donderdag,413
13/07/2018,vrijdag,383
14/07/2018,zaterdag,238
15/07/2018,zondag,215
16/07/2018,maandag,366
17/07/2018,dinsdag,415
18/07/2018,woensdag,380
19/07/2018,donderdag,408
20/07/2018,vrijdag,394
21/07/2018,zaterdag,262
22/07/2018,zondag,233
23/07/2018,maandag,395
24/07/2018,dinsdag,407
25/07/2018,woensdag,362
26/07/2018,donderdag,380
27/07/2018,vrijdag,405
28/07/2018,zaterdag,269
29/07/2018,zondag,217
30/07/2018,maandag,364
31/07/2018,dinsdag,416
1/08/2018,woensdag,408
2/08/2018,donderdag,397
3/08/2018,vrijdag,362
4/08/2018,zaterdag,243
5/08/2018,zondag,216
6/08/2018,maandag,358
7/08/2018,dinsdag,420
8/08/2018,woensdag,408
9/08/2018,donderdag,414
10/08/2018,vrijdag,392
11/08/2018,zaterdag,230
12/08/2018,zondag,223
13/08/2018,maandag,380
14/08/2018,dinsdag,417
15/08/2018,woensdag,257
16/08/2018,donderdag,407
17/08/2018,vrijdag,384
18/08/2018,zaterdag,199
19/08/2018,zondag,201
20/08/2018,maandag,374
21/08/2018,dinsdag,375
22/08/2018,woensdag,387
23/08/2018,donderdag,384
24/08/2018,vrijdag,356
25/08/2018,zaterdag,240
26/08/2018,zondag,208
27/08/2018,maandag,351
28/08/2018,dinsdag,415
29/08/2018,woensdag,400
30/08/2018,donderdag,390
31/08/2018,vrijdag,359
1/09/2018,zaterdag,187
2/09/2018,zondag,219
3/09/2018,maandag,356
4/09/2018,dinsdag,415
5/09/2018,woensdag,392
6/09/2018,donderdag,380
7/09/2018,vrijdag,400
8/09/2018,zaterdag,217
9/09/2018,zondag,219
10/09/2018,maandag,388
11/09/2018,dinsdag,378
12/09/2018,woensdag,342
13/09/2018,donderdag,357
14/09/2018,vrijdag,378
15/09/2018,zaterdag,218
16/09/2018,zondag,217
17/09/2018,maandag,405
18/09/2018,dinsdag,361
19/09/2018,woensdag,384
20/09/2018,donderdag,416
21/09/2018,vrijdag,389
22/09/2018,zaterdag,217
23/09/2018,zondag,250
24/09/2018,maandag,412
25/09/2018,dinsdag,413
26/09/2018,woensdag,391
27/09/2018,donderdag,353
28/09/2018,vrijdag,360
29/09/2018,zaterdag,231
30/09/2018,zondag,234
1/10/2018,maandag,365
2/10/2018,dinsdag,379
3/10/2018,woensdag,373
4/10/2018,donderdag,369
5/10/2018,vrijdag,369
6/10/2018,zaterdag,223
7/10/2018,zondag,221
8/10/2018,maandag,374
9/10/2018,dinsdag,365
10/10/2018,woensdag,353
11/10/2018,donderdag,400
12/10/2018,vrijdag,362
13/10/2018,zaterdag,187
14/10/2018,zondag,192
15/10/2018,maandag,344
16/10/2018,dinsdag,390
17/10/2018,woensdag,349
18/10/2018,donderdag,363
19/10/2018,vrijdag,370
20/10/2018,zaterdag,230
21/10/2018,zondag,228
22/10/2018,maandag,344
23/10/2018,dinsdag,347
24/10/2018,woensdag,390
25/10/2018,donderdag,404
26/10/2018,vrijdag,383
27/10/2018,zaterdag,208
28/10/2018,zondag,213
29/10/2018,maandag,374
30/10/2018,dinsdag,404
31/10/2018,woensdag,357
1/11/2018,donderdag,218
2/11/2018,vrijdag,296
3/11/2018,zaterdag,238
4/11/2018,zondag,227
5/11/2018,maandag,375
6/11/2018,dinsdag,393
7/11/2018,woensdag,342
8/11/2018,donderdag,352
9/11/2018,vrijdag,391
10/11/2018,zaterdag,214
11/11/2018,zondag,225
12/11/2018,maandag,361
13/11/2018,dinsdag,368
14/11/2018,woensdag,341
15/11/2018,donderdag,334
16/11/2018,vrijdag,347
17/11/2018,zaterdag,199
18/11/2018,zondag,225
19/11/2018,maandag,349
20/11/2018,dinsdag,357
21/11/2018,woensdag,344
22/11/2018,donderdag,333
23/11/2018,vrijdag,356
24/11/2018,zaterdag,235
25/11/2018,zondag,209
26/11/2018,maandag,320
27/11/2018,dinsdag,389
28/11/2018,woensdag,344
29/11/2018,donderdag,371
30/11/2018,vrijdag,376
1/12/2018,zaterdag,178
2/12/2018,zondag,214
3/12/2018,maandag,349
4/12/2018,dinsdag,336
5/12/2018,woensdag,335
6/12/2018,donderdag,339
7/12/2018,vrijdag,358
8/12/2018,zaterdag,213
9/12/2018,zondag,236
10/12/2018,maandag,303
11/12/2018,dinsdag,345
12/12/2018,woensdag,361
13/12/2018,donderdag,324
14/12/2018,vrijdag,351
15/12/2018,zaterdag,219
16/12/2018,zondag,187
17/12/2018,maandag,389
18/12/2018,dinsdag,421
19/12/2018,woensdag,370
20/12/2018,donderdag,431
21/12/2018,vrijdag,411
22/12/2018,zaterdag,217
23/12/2018,zondag,220
24/12/2018,maandag,282
25/12/2018,dinsdag,209
26/12/2018,woensdag,348
27/12/2018,donderdag,413
28/12/2018,vrijdag,397
29/12/2018,zaterdag,211
30/12/2018,zondag,222
31/12/2018,maandag,270
1/01/2019,dinsdag,206
2/01/2019,woensdag,327
3/01/2019,donderdag,338
4/01/2019,vrijdag,358
5/01/2019,zaterdag,215
6/01/2019,zondag,220
7/01/2019,maandag,342
8/01/2019,dinsdag,348
9/01/2019,woensdag,338
10/01/2019,donderdag,352
11/01/2019,vrijdag,382
12/01/2019,zaterdag,232
13/01/2019,zondag,187
14/01/2019,maandag,367
15/01/2019,dinsdag,378
16/01/2019,woensdag,361
17/01/2019,donderdag,382
18/01/2019,vrijdag,380
19/01/2019,zaterdag,218
20/01/2019,zondag,227
21/01/2019,maandag,363
22/01/2019,dinsdag,373
23/01/2019,woensdag,383
24/01/2019,donderdag,364
25/01/2019,vrijdag,373
26/01/2019,zaterdag,228
27/01/2019,zondag,179
28/01/2019,maandag,368
29/01/2019,dinsdag,405
30/01/2019,woensdag,399
31/01/2019,donderdag,353
1/02/2019,vrijdag,382
2/02/2019,zaterdag,205
3/02/2019,zondag,212
4/02/2019,maandag,361
5/02/2019,dinsdag,369
6/02/2019,woensdag,357
7/02/2019,donderdag,377
8/02/2019,vrijdag,369
9/02/2019,zaterdag,233
10/02/2019,zondag,216
11/02/2019,maandag,366
12/02/2019,dinsdag,347
13/02/2019,woensdag,332
14/02/2019,donderdag,364
15/02/2019,vrijdag,357
16/02/2019,zaterdag,188
17/02/2019,zondag,184
18/02/2019,maandag,338
19/02/2019,dinsdag,356
20/02/2019,woensdag,342
21/02/2019,donderdag,360
22/02/2019,vrijdag,377
23/02/2019,zaterdag,201
24/02/2019,zondag,206
25/02/2019,maandag,299
26/02/2019,dinsdag,401
27/02/2019,woensdag,353
28/02/2019,donderdag,332
1/03/2019,vrijdag,368
2/03/2019,zaterdag,166
3/03/2019,zondag,193
4/03/2019,maandag,321
5/03/2019,dinsdag,307
6/03/2019,woensdag,313
7/03/2019,donderdag,310
8/03/2019,vrijdag,320
9/03/2019,zaterdag,203
10/03/2019,zondag,165
11/03/2019,maandag,343
12/03/2019,dinsdag,349
13/03/2019,woensdag,337
14/03/2019,donderdag,319
15/03/2019,vrijdag,384
16/03/2019,zaterdag,228
17/03/2019,zondag,195
18/03/2019,maandag,350
19/03/2019,dinsdag,369
20/03/2019,woensdag,324
21/03/2019,donderdag,351
22/03/2019,vrijdag,340
23/03/2019,zaterdag,184
24/03/2019,zondag,177
25/03/2019,maandag,359
26/03/2019,dinsdag,385
27/03/2019,woensdag,363
28/03/2019,donderdag,382
29/03/2019,vrijdag,383
30/03/2019,zaterdag,247
31/03/2019,zondag,212
1/04/2019,maandag,324
2/04/2019,dinsdag,404
3/04/2019,woensdag,357
4/04/2019,donderdag,391
5/04/2019,vrijdag,362
6/04/2019,zaterdag,231
7/04/2019,zondag,222
8/04/2019,maandag,339
9/04/2019,dinsdag,355
10/04/2019,woensdag,317
11/04/2019,donderdag,362
12/04/2019,vrijdag,392
13/04/2019,zaterdag,189
14/04/2019,zondag,195
15/04/2019,maandag,321
16/04/2019,dinsdag,350
17/04/2019,woensdag,356
18/04/2019,donderdag,363
19/04/2019,vrijdag,354
20/04/2019,zaterdag,240
21/04/2019,zondag,213
22/04/2019,maandag,220
23/04/2019,dinsdag,355
24/04/2019,woensdag,351
25/04/2019,donderdag,389
26/04/2019,vrijdag,412
27/04/2019,zaterdag,223
28/04/2019,zondag,220
29/04/2019,maandag,389
30/04/2019,dinsdag,378
1/05/2019,woensdag,207
2/05/2019,donderdag,367
3/05/2019,vrijdag,423
4/05/2019,zaterdag,228
5/05/2019,zondag,185
6/05/2019,maandag,330
7/05/2019,dinsdag,380
8/05/2019,woensdag,356
9/05/2019,donderdag,413
10/05/2019,vrijdag,374
11/05/2019,zaterdag,229
12/05/2019,zondag,205
13/05/2019,maandag,307
14/05/2019,dinsdag,398
15/05/2019,woensdag,364
16/05/2019,donderdag,373
17/05/2019,vrijdag,350
18/05/2019,zaterdag,236
19/05/2019,zondag,226
20/05/2019,maandag,354
21/05/2019,dinsdag,363
22/05/2019,woensdag,333
23/05/2019,donderdag,390
24/05/2019,vrijdag,389
25/05/2019,zaterdag,229
26/05/2019,zondag,223
27/05/2019,maandag,387
28/05/2019,dinsdag,410
29/05/2019,woensdag,400
30/05/2019,donderdag,198
31/05/2019,vrijdag,346
1/06/2019,zaterdag,222
2/06/2019,zondag,210
3/06/2019,maandag,424
4/06/2019,dinsdag,351
5/06/2019,woensdag,388
6/06/2019,donderdag,398
7/06/2019,vrijdag,390
8/06/2019,zaterdag,245
9/06/2019,zondag,216
10/06/2019,maandag,238
11/06/2019,dinsdag,404
12/06/2019,woensdag,377
13/06/2019,donderdag,402
14/06/2019,vrijdag,408
15/06/2019,zaterdag,248
16/06/2019,zondag,217
17/06/2019,maandag,349
18/06/2019,dinsdag,386
19/06/2019,woensdag,377
20/06/2019,donderdag,355
21/06/2019,vrijdag,402
22/06/2019,zaterdag,243
23/06/2019,zondag,218
24/06/2019,maandag,387
25/06/2019,dinsdag,394
26/06/2019,woensdag,342
27/06/2019,donderdag,412
28/06/2019,vrijdag,379
29/06/2019,zaterdag,227
30/06/2019,zondag,238
1/07/2019,maandag,375
2/07/2019,dinsdag,357
3/07/2019,woensdag,371
4/07/2019,donderdag,396
5/07/2019,vrijdag,370
6/07/2019,zaterdag,224
7/07/2019,zondag,238
8/07/2019,maandag,372
9/07/2019,dinsdag,397
10/07/2019,woensdag,380
11/07/2019,donderdag,403
12/07/2019,vrijdag,414
13/07/2019,zaterdag,210
14/07/2019,zondag,231
15/07/2019,maandag,381
16/07/2019,dinsdag,401
17/07/2019,woensdag,395
18/07/2019,donderdag,391
19/07/2019,vrijdag,441
20/07/2019,zaterdag,244
21/07/2019,zondag,235
22/07/2019,maandag,349
23/07/2019,dinsdag,410
24/07/2019,woensdag,423
25/07/2019,donderdag,410
26/07/2019,vrijdag,411
27/07/2019,zaterdag,253
28/07/2019,zondag,212
29/07/2019,maandag,341
30/07/2019,dinsdag,381
31/07/2019,woensdag,347
1/08/2019,donderdag,394
2/08/2019,vrijdag,380
3/08/2019,zaterdag,235
4/08/2019,zondag,203
5/08/2019,maandag,400
6/08/2019,dinsdag,389
7/08/2019,woensdag,401
8/08/2019,donderdag,394
9/08/2019,vrijdag,362
10/08/2019,zaterdag,200
11/08/2019,zondag,193
12/08/2019,maandag,413
13/08/2019,dinsdag,412
14/08/2019,woensdag,415
15/08/2019,donderdag,237
16/08/2019,vrijdag,349
17/08/2019,zaterdag,225
18/08/2019,zondag,205
19/08/2019,maandag,370
20/08/2019,dinsdag,399
21/08/2019,woensdag,353
22/08/2019,donderdag,389
23/08/2019,vrijdag,353
24/08/2019,zaterdag,238
25/08/2019,zondag,204
26/08/2019,maandag,368
27/08/2019,dinsdag,412
28/08/2019,woensdag,342
29/08/2019,donderdag,373
30/08/2019,vrijdag,394
31/08/2019,zaterdag,239
1/09/2019,zondag,218
2/09/2019,maandag,296
3/09/2019,dinsdag,364
4/09/2019,woensdag,419
5/09/2019,donderdag,369
6/09/2019,vrijdag,369
7/09/2019,zaterdag,244
8/09/2019,zondag,230
9/09/2019,maandag,339
10/09/2019,dinsdag,412
11/09/2019,woensdag,346
12/09/2019,donderdag,387
13/09/2019,vrijdag,378
14/09/2019,zaterdag,244
15/09/2019,zondag,205
16/09/2019,maandag,365
17/09/2019,dinsdag,399
18/09/2019,woensdag,381
19/09/2019,donderdag,391
20/09/2019,vrijdag,381
21/09/2019,zaterdag,244
22/09/2019,zondag,233
23/09/2019,maandag,358
24/09/2019,dinsdag,400
25/09/2019,woensdag,371
26/09/2019,donderdag,404
27/09/2019,vrijdag,386
28/09/2019,zaterdag,249
29/09/2019,zondag,198
30/09/2019,maandag,356
1/10/2019,dinsdag,417
2/10/2019,woensdag,352
3/10/2019,donderdag,359
4/10/2019,vrijdag,338
5/10/2019,zaterdag,213
6/10/2019,zondag,240
7/10/2019,maandag,360
8/10/2019,dinsdag,372
9/10/2019,woensdag,357
10/10/2019,donderdag,384
11/10/2019,vrijdag,357
12/10/2019,zaterdag,232
13/10/2019,zondag,222
14/10/2019,maandag,360
15/10/2019,dinsdag,372
16/10/2019,woensdag,357
17/10/2019,donderdag,364
18/10/2019,vrijdag,317
19/10/2019,zaterdag,225
20/10/2019,zondag,199
21/10/2019,maandag,354
22/10/2019,dinsdag,371
23/10/2019,woensdag,368
24/10/2019,donderdag,371
25/10/2019,vrijdag,366
26/10/2019,zaterdag,245
27/10/2019,zondag,204
28/10/2019,maandag,358
29/10/2019,dinsdag,349
30/10/2019,woensdag,366
31/10/2019,donderdag,381
1/11/2019,vrijdag,240
2/11/2019,zaterdag,215
3/11/2019,zondag,222
4/11/2019,maandag,361
5/11/2019,dinsdag,397
6/11/2019,woensdag,392
7/11/2019,donderdag,375
8/11/2019,vrijdag,402
9/11/2019,zaterdag,225
10/11/2019,zondag,193
11/11/2019,maandag,245
12/11/2019,dinsdag,400
13/11/2019,woensdag,376
14/11/2019,donderdag,386
15/11/2019,vrijdag,372
16/11/2019,zaterdag,227
17/11/2019,zondag,233
18/11/2019,maandag,360
19/11/2019,dinsdag,362
20/11/2019,woensdag,332
21/11/2019,donderdag,313
22/11/2019,vrijdag,354
23/11/2019,zaterdag,192
24/11/2019,zondag,211
25/11/2019,maandag,314
26/11/2019,dinsdag,373
27/11/2019,woensdag,340
28/11/2019,donderdag,358
29/11/2019,vrijdag,365
30/11/2019,zaterdag,199
1/12/2019,zondag,206
2/12/2019,maandag,325
3/12/2019,dinsdag,349
4/12/2019,woensdag,331
5/12/2019,donderdag,356
6/12/2019,vrijdag,337
7/12/2019,zaterdag,222
8/12/2019,zondag,217
9/12/2019,maandag,318
10/12/2019,dinsdag,354
11/12/2019,woensdag,329
12/12/2019,donderdag,374
13/12/2019,vrijdag,344
14/12/2019,zaterdag,227
15/12/2019,zondag,180
16/12/2019,maandag,316
17/12/2019,dinsdag,378
18/12/2019,woensdag,369
19/12/2019,donderdag,427
20/12/2019,vrijdag,426
21/12/2019,zaterdag,182
22/12/2019,zondag,162
23/12/2019,maandag,383
24/12/2019,dinsdag,277
25/12/2019,woensdag,175
26/12/2019,donderdag,349
27/12/2019,vrijdag,392
28/12/2019,zaterdag,204
29/12/2019,zondag,207
30/12/2019,maandag,310
31/12/2019,dinsdag,302
1/01/2020,woensdag,208
2/01/2020,donderdag,345
3/01/2020,vrijdag,379
4/01/2020,zaterdag,218
5/01/2020,zondag,194
6/01/2020,maandag,366
7/01/2020,dinsdag,387
8/01/2020,woensdag,338
9/01/2020,donderdag,358
10/01/2020,vrijdag,357
11/01/2020,zaterdag,204
12/01/2020,zondag,237
13/01/2020,maandag,349
14/01/2020,dinsdag,373
15/01/2020,woensdag,341
16/01/2020,donderdag,378
17/01/2020,vrijdag,367
18/01/2020,zaterdag,223
19/01/2020,zondag,183
20/01/2020,maandag,352
21/01/2020,dinsdag,368
22/01/2020,woensdag,366
23/01/2020,donderdag,365
24/01/2020,vrijdag,360
25/01/2020,zaterdag,214
26/01/2020,zondag,187
27/01/2020,maandag,329
28/01/2020,dinsdag,350
29/01/2020,woensdag,307
30/01/2020,donderdag,349
31/01/2020,vrijdag,316
1/02/2020,zaterdag,197
2/02/2020,zondag,203
3/02/2020,maandag,355
4/02/2020,dinsdag,302
5/02/2020,woensdag,351
6/02/2020,donderdag,348
7/02/2020,vrijdag,358
8/02/2020,zaterdag,215
9/02/2020,zondag,209
10/02/2020,maandag,333
11/02/2020,dinsdag,340
12/02/2020,woensdag,332
13/02/2020,donderdag,339
14/02/2020,vrijdag,351
15/02/2020,zaterdag,210
16/02/2020,zondag,179
17/02/2020,maandag,328
18/02/2020,dinsdag,333
19/02/2020,woensdag,360
20/02/2020,donderdag,373
21/02/2020,vrijdag,414
22/02/2020,zaterdag,202
23/02/2020,zondag,192
24/02/2020,maandag,301
25/02/2020,dinsdag,336
26/02/2020,woensdag,329
27/02/2020,donderdag,341
28/02/2020,vrijdag,339
29/02/2020,zaterdag,214
1/03/2020,zondag,208
2/03/2020,maandag,364
3/03/2020,dinsdag,397
4/03/2020,woensdag,355
5/03/2020,donderdag,351
6/03/2020,vrijdag,393
7/03/2020,zaterdag,203
8/03/2020,zondag,215
9/03/2020,maandag,346
10/03/2020,dinsdag,380
11/03/2020,woensdag,351
12/03/2020,donderdag,371
13/03/2020,vrijdag,360
14/03/2020,zaterdag,214
15/03/2020,zondag,198
16/03/2020,maandag,351
17/03/2020,dinsdag,365
18/03/2020,woensdag,343
19/03/2020,donderdag,354
20/03/2020,vrijdag,356
21/03/2020,zaterdag,224
22/03/2020,zondag,183
23/03/2020,maandag,346
24/03/2020,dinsdag,316
25/03/2020,woensdag,356
26/03/2020,donderdag,314
27/03/2020,vrijdag,358
28/03/2020,zaterdag,212
29/03/2020,zondag,199
30/03/2020,maandag,306
31/03/2020,dinsdag,398
1/04/2020,woensdag,329
2/04/2020,donderdag,363
3/04/2020,vrijdag,376
4/04/2020,zaterdag,232
5/04/2020,zondag,218
6/04/2020,maandag,355
7/04/2020,dinsdag,344
8/04/2020,woensdag,351
9/04/2020,donderdag,343
10/04/2020,vrijdag,357
11/04/2020,zaterdag,208
12/04/2020,zondag,196
13/04/2020,maandag,235
14/04/2020,dinsdag,335
15/04/2020,woensdag,360
16/04/2020,donderdag,336
17/04/2020,vrijdag,398
18/04/2020,zaterdag,206
19/04/2020,zondag,207
20/04/2020,maandag,367
21/04/2020,dinsdag,361
22/04/2020,woensdag,362
23/04/2020,donderdag,364
24/04/2020,vrijdag,388
25/04/2020,zaterdag,228
26/04/2020,zondag,209
27/04/2020,maandag,361
28/04/2020,dinsdag,393
29/04/2020,woensdag,340
30/04/2020,donderdag,371
1/05/2020,vrijdag,221
2/05/2020,zaterdag,204
3/05/2020,zondag,220
4/05/2020,maandag,382
5/05/2020,dinsdag,346
6/05/2020,woensdag,351
7/05/2020,donderdag,368
8/05/2020,vrijdag,366
9/05/2020,zaterdag,218
10/05/2020,zondag,202
11/05/2020,maandag,316
12/05/2020,dinsdag,338
13/05/2020,woensdag,363
14/05/2020,donderdag,372
15/05/2020,vrijdag,391
16/05/2020,zaterdag,224
17/05/2020,zondag,221
18/05/2020,maandag,366
19/05/2020,dinsdag,374
20/05/2020,woensdag,410
21/05/2020,donderdag,219
22/05/2020,vrijdag,340
23/05/2020,zaterdag,227
24/05/2020,zondag,187
25/05/2020,maandag,365
26/05/2020,dinsdag,380
27/05/2020,woensdag,367
28/05/2020,donderdag,365
29/05/2020,vrijdag,388
30/05/2020,zaterdag,253
31/05/2020,zondag,237
1/06/2020,maandag,226
2/06/2020,dinsdag,386
3/06/2020,woensdag,389
4/06/2020,donderdag,412
5/06/2020,vrijdag,389
6/06/2020,zaterdag,249
7/06/2020,zondag,209
8/06/2020,maandag,340
9/06/2020,dinsdag,378
10/06/2020,woensdag,362
11/06/2020,donderdag,357
12/06/2020,vrijdag,387
13/06/2020,zaterdag,208
14/06/2020,zondag,203
15/06/2020,maandag,382
16/06/2020,dinsdag,374
17/06/2020,woensdag,354
18/06/2020,donderdag,360
19/06/2020,vrijdag,370
20/06/2020,zaterdag,237
21/06/2020,zondag,229
22/06/2020,maandag,334
23/06/2020,dinsdag,346
24/06/2020,woensdag,374
25/06/2020,donderdag,367
26/06/2020,vrijdag,410
27/06/2020,zaterdag,246
28/06/2020,zondag,191
29/06/2020,maandag,336
30/06/2020,dinsdag,347
1/07/2020,woensdag,360
2/07/2020,donderdag,395
3/07/2020,vrijdag,394
4/07/2020,zaterdag,233
5/07/2020,zondag,201
6/07/2020,maandag,355
7/07/2020,dinsdag,373
8/07/2020,woensdag,351
9/07/2020,donderdag,350
10/07/2020,vrijdag,420
11/07/2020,zaterdag,214
12/07/2020,zondag,205
13/07/2020,maandag,342
14/07/2020,dinsdag,394
15/07/2020,woensdag,412
16/07/2020,donderdag,401
17/07/2020,vrijdag,411
18/07/2020,zaterdag,230
19/07/2020,zondag,222
20/07/2020,maandag,357
21/07/2020,dinsdag,250
22/07/2020,woensdag,381
23/07/2020,donderdag,398
24/07/2020,vrijdag,392
25/07/2020,zaterdag,252
26/07/2020,zondag,204
27/07/2020,maandag,394
28/07/2020,dinsdag,355
29/07/2020,woensdag,397
30/07/2020,donderdag,363
31/07/2020,vrijdag,407
1/08/2020,zaterdag,239
2/08/2020,zondag,218
3/08/2020,maandag,329
4/08/2020,dinsdag,391
5/08/2020,woensdag,326
6/08/2020,donderdag,371
7/08/2020,vrijdag,359
8/08/2020,zaterdag,206
9/08/2020,zondag,220
10/08/2020,maandag,368
11/08/2020,dinsdag,374
12/08/2020,woensdag,365
13/08/2020,donderdag,382
14/08/2020,vrijdag,402
15/08/2020,zaterdag,207
16/08/2020,zondag,178
17/08/2020,maandag,354
18/08/2020,dinsdag,369
19/08/2020,woensdag,365
20/08/2020,donderdag,421
21/08/2020,vrijdag,370
22/08/2020,zaterdag,202
23/08/2020,zondag,196
24/08/2020,maandag,319
25/08/2020,dinsdag,359
26/08/2020,woensdag,370
27/08/2020,donderdag,385
28/08/2020,vrijdag,387
29/08/2020,zaterdag,197
30/08/2020,zondag,209
31/08/2020,maandag,331
1/09/2020,dinsdag,326
2/09/2020,woensdag,363
3/09/2020,donderdag,341
4/09/2020,vrijdag,335
5/09/2020,zaterdag,221
6/09/2020,zondag,217
7/09/2020,maandag,325
8/09/2020,dinsdag,383
9/09/2020,woensdag,361
10/09/2020,donderdag,357
11/09/2020,vrijdag,364
12/09/2020,zaterdag,212
13/09/2020,zondag,212
14/09/2020,maandag,368
15/09/2020,dinsdag,386
16/09/2020,woensdag,367
17/09/2020,donderdag,373
18/09/2020,vrijdag,372
19/09/2020,zaterdag,236
20/09/2020,zondag,238
21/09/2020,maandag,338
22/09/2020,dinsdag,360
23/09/2020,woensdag,347
24/09/2020,donderdag,387
25/09/2020,vrijdag,368
26/09/2020,zaterdag,236
27/09/2020,zondag,233
28/09/2020,maandag,357
29/09/2020,dinsdag,367
30/09/2020,woensdag,356
1/10/2020,donderdag,343
2/10/2020,vrijdag,356
3/10/2020,zaterdag,238
4/10/2020,zondag,205
5/10/2020,maandag,359
6/10/2020,dinsdag,379
7/10/2020,woensdag,364
8/10/2020,donderdag,352
9/10/2020,vrijdag,330
10/10/2020,zaterdag,220
11/10/2020,zondag,202
12/10/2020,maandag,323
13/10/2020,dinsdag,351
14/10/2020,woensdag,338
15/10/2020,donderdag,373
16/10/2020,vrijdag,352
17/10/2020,zaterdag,198
18/10/2020,zondag,196
19/10/2020,maandag,325
20/10/2020,dinsdag,353
21/10/2020,woensdag,312
22/10/2020,donderdag,338
23/10/2020,vrijdag,400
24/10/2020,zaterdag,197
25/10/2020,zondag,241
26/10/2020,maandag,373
27/10/2020,dinsdag,343
28/10/2020,woensdag,312
29/10/2020,donderdag,352
30/10/2020,vrijdag,399
31/10/2020,zaterdag,184
1/11/2020,zondag,191
2/11/2020,maandag,300
3/11/2020,dinsdag,309
4/11/2020,woensdag,328
5/11/2020,donderdag,319
6/11/2020,vrijdag,337
7/11/2020,zaterdag,200
8/11/2020,zondag,208
9/11/2020,maandag,373
10/11/2020,dinsdag,369
11/11/2020,woensdag,220
12/11/2020,donderdag,392
13/11/2020,vrijdag,373
14/11/2020,zaterdag,206
15/11/2020,zondag,207
16/11/2020,maandag,358
17/11/2020,dinsdag,347
18/11/2020,woensdag,332
19/11/2020,donderdag,366
20/11/2020,vrijdag,354
21/11/2020,zaterdag,190
22/11/2020,zondag,179
23/11/2020,maandag,318
24/11/2020,dinsdag,331
25/11/2020,woensdag,304
26/11/2020,donderdag,331
27/11/2020,vrijdag,349
28/11/2020,zaterdag,164
29/11/2020,zondag,178
30/11/2020,maandag,300
1/12/2020,dinsdag,302
2/12/2020,woensdag,322
3/12/2020,donderdag,353
4/12/2020,vrijdag,322
5/12/2020,zaterdag,200
6/12/2020,zondag,196
7/12/2020,maandag,292
8/12/2020,dinsdag,296
9/12/2020,woensdag,305
10/12/2020,donderdag,324
11/12/2020,vrijdag,336
12/12/2020,zaterdag,177
13/12/2020,zondag,190
14/12/2020,maandag,347
15/12/2020,dinsdag,330
16/12/2020,woensdag,318
17/12/2020,donderdag,324
18/12/2020,vrijdag,358
19/12/2020,zaterdag,173
20/12/2020,zondag,179
21/12/2020,maandag,315
22/12/2020,dinsdag,360
23/12/2020,woensdag,332
24/12/2020,donderdag,256
25/12/2020,vrijdag,148
26/12/2020,zaterdag,181
27/12/2020,zondag,189
28/12/2020,maandag,351
29/12/2020,dinsdag,328
30/12/2020,woensdag,293
31/12/2020,donderdag,248
01/01/2021,vrijdag,205
02/01/2021,zaterdag,171
03/01/2021,zondag,188
04/01/2021,maandag,350
05/01/2021,dinsdag,383
06/01/2021,woensdag,348
07/01/2021,donderdag,341
08/01/2021,vrijdag,335
09/01/2021,zaterdag,191
10/01/2021,zondag,176
11/01/2021,maandag,339
12/01/2021,dinsdag,310
13/01/2021,woensdag,314
14/01/2021,donderdag,308
15/01/2021,vrijdag,327
16/01/2021,zaterdag,186
17/01/2021,zondag,206
18/01/2021,maandag,328
19/01/2021,dinsdag,322
20/01/2021,woensdag,320
21/01/2021,donderdag,336
22/01/2021,vrijdag,340
23/01/2021,zaterdag,205
24/01/2021,zondag,183
25/01/2021,maandag,321
26/01/2021,dinsdag,329
27/01/2021,woensdag,311
28/01/2021,donderdag,301
29/01/2021,vrijdag,311
30/01/2021,zaterdag,189
31/01/2021,zondag,182
01/02/2021,maandag,339
02/02/2021,dinsdag,336
03/02/2021,woensdag,334
04/02/2021,donderdag,350
05/02/2021,vrijdag,371
06/02/2021,zaterdag,216
07/02/2021,zondag,184
08/02/2021,maandag,347
09/02/2021,dinsdag,346
10/02/2021,woensdag,345
11/02/2021,donderdag,378
12/02/2021,vrijdag,375
13/02/2021,zaterdag,194
14/02/2021,zondag,211
15/02/2021,maandag,339
16/02/2021,dinsdag,352
17/02/2021,woensdag,330
18/02/2021,donderdag,348
19/02/2021,vrijdag,330
20/02/2021,zaterdag,205
21/02/2021,zondag,220
22/02/2021,maandag,369
23/02/2021,dinsdag,362
24/02/2021,woensdag,338
25/02/2021,donderdag,369
26/02/2021,vrijdag,377
27/02/2021,zaterdag,214
28/02/2021,zondag,210
01/03/2021,maandag,370
02/03/2021,dinsdag,384
03/03/2021,woensdag,349
04/03/2021,donderdag,369
05/03/2021,vrijdag,351
06/03/2021,zaterdag,201
07/03/2021,zondag,206
08/03/2021,maandag,369
09/03/2021,dinsdag,373
10/03/2021,woensdag,360
11/03/2021,donderdag,364
12/03/2021,vrijdag,365
13/03/2021,zaterdag,207
14/03/2021,zondag,179
15/03/2021,maandag,353
16/03/2021,dinsdag,374
17/03/2021,woensdag,327
18/03/2021,donderdag,344
19/03/2021,vrijdag,407
20/03/2021,zaterdag,210
21/03/2021,zondag,236
22/03/2021,maandag,340
23/03/2021,dinsdag,403
24/03/2021,woensdag,335
25/03/2021,donderdag,333
26/03/2021,vrijdag,342
27/03/2021,zaterdag,234
28/03/2021,zondag,200
29/03/2021,maandag,363
30/03/2021,dinsdag,381
31/03/2021,woensdag,361
01/04/2021,donderdag,377
02/04/2021,vrijdag,435
03/04/2021,zaterdag,205
04/04/2021,zondag,209
05/04/2021,maandag,216
06/04/2021,dinsdag,362
07/04/2021,woensdag,381
08/04/2021,donderdag,366
09/04/2021,vrijdag,384
10/04/2021,zaterdag,224
11/04/2021,zondag,208
12/04/2021,maandag,352
13/04/2021,dinsdag,343
14/04/2021,woensdag,358
15/04/2021,donderdag,382
16/04/2021,vrijdag,371
17/04/2021,zaterdag,208
18/04/2021,zondag,230
19/04/2021,maandag,343
20/04/2021,dinsdag,359
21/04/2021,woensdag,363
22/04/2021,donderdag,361
23/04/2021,vrijdag,342
24/04/2021,zaterdag,214
25/04/2021,zondag,224
26/04/2021,maandag,339
27/04/2021,dinsdag,385
28/04/2021,woensdag,370
29/04/2021,donderdag,374
30/04/2021,vrijdag,399
01/05/2021,zaterdag,242
02/05/2021,zondag,211
03/05/2021,maandag,398
04/05/2021,dinsdag,392
05/05/2021,woensdag,358
06/05/2021,donderdag,374
07/05/2021,vrijdag,384
08/05/2021,zaterdag,229
09/05/2021,zondag,246
10/05/2021,maandag,364
11/05/2021,dinsdag,380
12/05/2021,woensdag,386
13/05/2021,donderdag,245
14/05/2021,vrijdag,295
15/05/2021,zaterdag,213
16/05/2021,zondag,207
17/05/2021,maandag,338
18/05/2021,dinsdag,348
19/05/2021,woensdag,373
20/05/2021,donderdag,366
21/05/2021,vrijdag,396
22/05/2021,zaterdag,222
23/05/2021,zondag,215
24/05/2021,maandag,224
25/05/2021,dinsdag,343
26/05/2021,woensdag,383
27/05/2021,donderdag,361
28/05/2021,vrijdag,360
29/05/2021,zaterdag,215
30/05/2021,zondag,216
31/05/2021,maandag,331
01/06/2021,dinsdag,385
02/06/2021,woensdag,355
03/06/2021,donderdag,378
04/06/2021,vrijdag,373
05/06/2021,zaterdag,208
06/06/2021,zondag,225
07/06/2021,maandag,360
08/06/2021,dinsdag,362
09/06/2021,woensdag,379
10/06/2021,donderdag,338
11/06/2021,vrijdag,383
12/06/2021,zaterdag,240
13/06/2021,zondag,212
14/06/2021,maandag,381
15/06/2021,dinsdag,373
16/06/2021,woensdag,367
17/06/2021,donderdag,396
18/06/2021,vrijdag,401
19/06/2021,zaterdag,235
20/06/2021,zondag,215
21/06/2021,maandag,377
22/06/2021,dinsdag,359
23/06/2021,woensdag,354
24/06/2021,donderdag,338
25/06/2021,vrijdag,396
26/06/2021,zaterdag,225
27/06/2021,zondag,208
28/06/2021,maandag,383
29/06/2021,dinsdag,377
30/06/2021,woensdag,363
01/07/2021,donderdag,376
02/07/2021,vrijdag,373
03/07/2021,zaterdag,229
04/07/2021,zondag,210
05/07/2021,maandag,340
06/07/2021,dinsdag,374
07/07/2021,woensdag,397
08/07/2021,donderdag,391
09/07/2021,vrijdag,394
10/07/2021,zaterdag,223
11/07/2021,zondag,230
12/07/2021,maandag,391
13/07/2021,dinsdag,398
14/07/2021,woensdag,376
15/07/2021,donderdag,416
16/07/2021,vrijdag,400
17/07/2021,zaterdag,252
18/07/2021,zondag,199
19/07/2021,maandag,404
20/07/2021,dinsdag,403
21/07/2021,woensdag,268
22/07/2021,donderdag,448
23/07/2021,vrijdag,412
24/07/2021,zaterdag,281
25/07/2021,zondag,210
26/07/2021,maandag,364
27/07/2021,dinsdag,411
28/07/2021,woensdag,367
29/07/2021,donderdag,367
30/07/2021,vrijdag,401
31/07/2021,zaterdag,215
01/08/2021,zondag,225
02/08/2021,maandag,385
03/08/2021,dinsdag,373
04/08/2021,woensdag,379
05/08/2021,donderdag,410
06/08/2021,vrijdag,388
07/08/2021,zaterdag,239
08/08/2021,zondag,213
09/08/2021,maandag,367
10/08/2021,dinsdag,382
11/08/2021,woensdag,369
12/08/2021,donderdag,399
13/08/2021,vrijdag,389
14/08/2021,zaterdag,221
15/08/2021,zondag,195
16/08/2021,maandag,387
17/08/2021,dinsdag,379
18/08/2021,woensdag,371
19/08/2021,donderdag,370
20/08/2021,vrijdag,398
21/08/2021,zaterdag,215
22/08/2021,zondag,211
23/08/2021,maandag,393
24/08/2021,dinsdag,375
25/08/2021,woensdag,373
26/08/2021,donderdag,381
27/08/2021,vrijdag,411
28/08/2021,zaterdag,207
29/08/2021,zondag,222
30/08/2021,maandag,324
31/08/2021,dinsdag,370
01/09/2021,woensdag,328
02/09/2021,donderdag,402
03/09/2021,vrijdag,414
04/09/2021,zaterdag,253
05/09/2021,zondag,241
06/09/2021,maandag,391
07/09/2021,dinsdag,422
08/09/2021,woensdag,377
09/09/2021,donderdag,430
10/09/2021,vrijdag,428
11/09/2021,zaterdag,232
12/09/2021,zondag,210
13/09/2021,maandag,400
14/09/2021,dinsdag,402
15/09/2021,woensdag,383
16/09/2021,donderdag,407
17/09/2021,vrijdag,388
18/09/2021,zaterdag,237
19/09/2021,zondag,218
20/09/2021,maandag,388
21/09/2021,dinsdag,365
22/09/2021,woensdag,377
23/09/2021,donderdag,401
24/09/2021,vrijdag,405
25/09/2021,zaterdag,242
26/09/2021,zondag,222
27/09/2021,maandag,401
28/09/2021,dinsdag,413
29/09/2021,woensdag,409
30/09/2021,donderdag,402
01/10/2021,vrijdag,357
02/10/2021,zaterdag,254
03/10/2021,zondag,227
04/10/2021,maandag,370
05/10/2021,dinsdag,374
06/10/2021,woensdag,408
07/10/2021,donderdag,362
08/10/2021,vrijdag,377
09/10/2021,zaterdag,228
10/10/2021,zondag,205
11/10/2021,maandag,380
12/10/2021,dinsdag,400
13/10/2021,woensdag,342
14/10/2021,donderdag,395
15/10/2021,vrijdag,373
16/10/2021,zaterdag,244
17/10/2021,zondag,204
18/10/2021,maandag,361
19/10/2021,dinsdag,381
20/10/2021,woensdag,377
21/10/2021,donderdag,392
22/10/2021,vrijdag,385
23/10/2021,zaterdag,212
24/10/2021,zondag,219
25/10/2021,maandag,421
26/10/2021,dinsdag,411
27/10/2021,woensdag,405
28/10/2021,donderdag,405
29/10/2021,vrijdag,394
30/10/2021,zaterdag,259
31/10/2021,zondag,246
01/11/2021,maandag,195
02/11/2021,dinsdag,358
03/11/2021,woensdag,346
04/11/2021,donderdag,338
05/11/2021,vrijdag,397
06/11/2021,zaterdag,227
07/11/2021,zondag,237
08/11/2021,maandag,377
09/11/2021,dinsdag,417
10/11/2021,woensdag,424
11/11/2021,donderdag,242
12/11/2021,vrijdag,362
13/11/2021,zaterdag,225
14/11/2021,zondag,204
15/11/2021,maandag,376
16/11/2021,dinsdag,372
17/11/2021,woensdag,388
18/11/2021,donderdag,395
19/11/2021,vrijdag,359
20/11/2021,zaterdag,214
21/11/2021,zondag,219
22/11/2021,maandag,373
23/11/2021,dinsdag,365
24/11/2021,woensdag,368
25/11/2021,donderdag,337
26/11/2021,vrijdag,364
27/11/2021,zaterdag,218
28/11/2021,zondag,223
29/11/2021,maandag,342
30/11/2021,dinsdag,366
01/12/2021,woensdag,356
02/12/2021,donderdag,387
03/12/2021,vrijdag,346
04/12/2021,zaterdag,201
05/12/2021,zondag,206
06/12/2021,maandag,339
07/12/2021,dinsdag,305
08/12/2021,woensdag,374
09/12/2021,donderdag,397
10/12/2021,vrijdag,378
11/12/2021,zaterdag,251
12/12/2021,zondag,211
13/12/2021,maandag,352
14/12/2021,dinsdag,343
15/12/2021,woensdag,373
16/12/2021,donderdag,356
17/12/2021,vrijdag,374
18/12/2021,zaterdag,213
19/12/2021,zondag,211
20/12/2021,maandag,386
21/12/2021,dinsdag,420
22/12/2021,woensdag,359
23/12/2021,donderdag,401
24/12/2021,vrijdag,322
25/12/2021,zaterdag,222
26/12/2021,zondag,216
27/12/2021,maandag,341
28/12/2021,dinsdag,377
29/12/2021,woensdag,338
30/12/2021,donderdag,325
31/12/2021,vrijdag,229
