Dag;Datum;Overlijdens
1;1-1-1992;329
2;2-1-1992;298
3;3-1-1992;321
4;4-1-1992;336
5;5-1-1992;319
6;6-1-1992;328
7;7-1-1992;334
8;8-1-1992;331
9;9-1-1992;310
10;10-1-1992;332
11;11-1-1992;318
12;12-1-1992;283
13;13-1-1992;264
14;14-1-1992;341
15;15-1-1992;340
16;16-1-1992;316
17;17-1-1992;324
18;18-1-1992;311
19;19-1-1992;279
20;20-1-1992;310
21;21-1-1992;322
22;22-1-1992;305
23;23-1-1992;315
24;24-1-1992;326
25;25-1-1992;306
26;26-1-1992;339
27;27-1-1992;325
28;28-1-1992;323
29;29-1-1992;325
30;30-1-1992;328
31;31-1-1992;308
32;1-2-1992;304
33;2-2-1992;319
34;3-2-1992;331
35;4-2-1992;331
36;5-2-1992;349
37;6-2-1992;328
38;7-2-1992;361
39;8-2-1992;324
40;9-2-1992;316
41;10-2-1992;304
42;11-2-1992;328
43;12-2-1992;296
44;13-2-1992;331
45;14-2-1992;337
46;15-2-1992;325
47;16-2-1992;324
48;17-2-1992;345
49;18-2-1992;341
50;19-2-1992;306
51;20-2-1992;322
52;21-2-1992;326
53;22-2-1992;289
54;23-2-1992;317
55;24-2-1992;321
56;25-2-1992;321
57;26-2-1992;319
58;27-2-1992;308
59;28-2-1992;329
60;29-2-1992;331
61;1-3-1992;300
62;2-3-1992;303
63;3-3-1992;289
64;4-3-1992;273
65;5-3-1992;305
66;6-3-1992;291
67;7-3-1992;291
68;8-3-1992;292
69;9-3-1992;270
70;10-3-1992;307
71;11-3-1992;279
72;12-3-1992;272
73;13-3-1992;310
74;14-3-1992;286
75;15-3-1992;297
76;16-3-1992;264
77;17-3-1992;253
78;18-3-1992;285
79;19-3-1992;300
80;20-3-1992;268
81;21-3-1992;259
82;22-3-1992;270
83;23-3-1992;286
84;24-3-1992;283
85;25-3-1992;284
86;26-3-1992;294
87;27-3-1992;273
88;28-3-1992;282
89;29-3-1992;274
90;30-3-1992;287
91;31-3-1992;274
92;1-4-1992;307
93;2-4-1992;265
94;3-4-1992;305
95;4-4-1992;273
96;5-4-1992;258
97;6-4-1992;330
98;7-4-1992;272
99;8-4-1992;301
100;9-4-1992;293
101;10-4-1992;302
102;11-4-1992;309
103;12-4-1992;291
104;13-4-1992;306
105;14-4-1992;303
106;15-4-1992;268
107;16-4-1992;275
108;17-4-1992;313
109;18-4-1992;296
110;19-4-1992;276
111;20-4-1992;267
112;21-4-1992;337
113;22-4-1992;311
114;23-4-1992;266
115;24-4-1992;270
116;25-4-1992;280
117;26-4-1992;292
118;27-4-1992;287
119;28-4-1992;306
120;29-4-1992;298
121;30-4-1992;277
122;1-5-1992;278
123;2-5-1992;255
124;3-5-1992;261
125;4-5-1992;261
126;5-5-1992;290
127;6-5-1992;306
128;7-5-1992;263
129;8-5-1992;274
130;9-5-1992;297
131;10-5-1992;282
132;11-5-1992;266
133;12-5-1992;284
134;13-5-1992;279
135;14-5-1992;306
136;15-5-1992;326
137;16-5-1992;282
138;17-5-1992;265
139;18-5-1992;271
140;19-5-1992;291
141;20-5-1992;256
142;21-5-1992;305
143;22-5-1992;262
144;23-5-1992;268
145;24-5-1992;292
146;25-5-1992;261
147;26-5-1992;255
148;27-5-1992;285
149;28-5-1992;297
150;29-5-1992;284
151;30-5-1992;270
152;31-5-1992;276
153;1-6-1992;288
154;2-6-1992;268
155;3-6-1992;252
156;4-6-1992;234
157;5-6-1992;271
158;6-6-1992;291
159;7-6-1992;265
160;8-6-1992;291
161;9-6-1992;269
162;10-6-1992;283
163;11-6-1992;249
164;12-6-1992;278
165;13-6-1992;258
166;14-6-1992;276
167;15-6-1992;284
168;16-6-1992;285
169;17-6-1992;267
170;18-6-1992;242
171;19-6-1992;254
172;20-6-1992;261
173;21-6-1992;243
174;22-6-1992;271
175;23-6-1992;246
176;24-6-1992;278
177;25-6-1992;270
178;26-6-1992;288
179;27-6-1992;291
180;28-6-1992;265
181;29-6-1992;281
182;30-6-1992;289
183;1-7-1992;316
184;2-7-1992;301
185;3-7-1992;250
186;4-7-1992;259
187;5-7-1992;235
188;6-7-1992;265
189;7-7-1992;259
190;8-7-1992;279
191;9-7-1992;265
192;10-7-1992;250
193;11-7-1992;252
194;12-7-1992;264
195;13-7-1992;305
196;14-7-1992;225
197;15-7-1992;278
198;16-7-1992;269
199;17-7-1992;263
200;18-7-1992;251
201;19-7-1992;246
202;20-7-1992;326
203;21-7-1992;297
204;22-7-1992;242
205;23-7-1992;274
206;24-7-1992;292
207;25-7-1992;244
208;26-7-1992;245
209;27-7-1992;253
210;28-7-1992;261
211;29-7-1992;266
212;30-7-1992;261
213;31-7-1992;310
214;1-8-1992;306
215;2-8-1992;247
216;3-8-1992;269
217;4-8-1992;244
218;5-8-1992;250
219;6-8-1992;260
220;7-8-1992;260
221;8-8-1992;294
222;9-8-1992;305
223;10-8-1992;315
224;11-8-1992;237
225;12-8-1992;250
226;13-8-1992;230
227;14-8-1992;252
228;15-8-1992;242
229;16-8-1992;235
230;17-8-1992;257
231;18-8-1992;237
232;19-8-1992;276
233;20-8-1992;254
234;21-8-1992;277
235;22-8-1992;247
236;23-8-1992;234
237;24-8-1992;257
238;25-8-1992;242
239;26-8-1992;268
240;27-8-1992;285
241;28-8-1992;259
242;29-8-1992;237
243;30-8-1992;236
244;31-8-1992;263
245;1-9-1992;268
246;2-9-1992;270
247;3-9-1992;244
248;4-9-1992;256
249;5-9-1992;253
250;6-9-1992;243
251;7-9-1992;258
252;8-9-1992;251
253;9-9-1992;260
254;10-9-1992;291
255;11-9-1992;278
256;12-9-1992;244
257;13-9-1992;286
258;14-9-1992;289
259;15-9-1992;279
260;16-9-1992;246
261;17-9-1992;250
262;18-9-1992;267
263;19-9-1992;273
264;20-9-1992;256
265;21-9-1992;297
266;22-9-1992;275
267;23-9-1992;281
268;24-9-1992;254
269;25-9-1992;268
270;26-9-1992;295
271;27-9-1992;298
272;28-9-1992;292
273;29-9-1992;252
274;30-9-1992;265
275;1-10-1992;299
276;2-10-1992;263
277;3-10-1992;249
278;4-10-1992;273
279;5-10-1992;258
280;6-10-1992;264
281;7-10-1992;265
282;8-10-1992;260
283;9-10-1992;256
284;10-10-1992;285
285;11-10-1992;267
286;12-10-1992;294
287;13-10-1992;266
288;14-10-1992;277
289;15-10-1992;284
290;16-10-1992;294
291;17-10-1992;274
292;18-10-1992;300
293;19-10-1992;312
294;20-10-1992;275
295;21-10-1992;290
296;22-10-1992;289
297;23-10-1992;311
298;24-10-1992;272
299;25-10-1992;289
300;26-10-1992;270
301;27-10-1992;283
302;28-10-1992;297
303;29-10-1992;283
304;30-10-1992;308
305;31-10-1992;314
306;1-11-1992;285
307;2-11-1992;291
308;3-11-1992;286
309;4-11-1992;288
310;5-11-1992;297
311;6-11-1992;272
312;7-11-1992;289
313;8-11-1992;270
314;9-11-1992;290
315;10-11-1992;289
316;11-11-1992;252
317;12-11-1992;268
318;13-11-1992;286
319;14-11-1992;274
320;15-11-1992;303
321;16-11-1992;332
322;17-11-1992;283
323;18-11-1992;237
324;19-11-1992;263
325;20-11-1992;264
326;21-11-1992;272
327;22-11-1992;271
328;23-11-1992;326
329;24-11-1992;260
330;25-11-1992;293
331;26-11-1992;273
332;27-11-1992;287
333;28-11-1992;273
334;29-11-1992;260
335;30-11-1992;305
336;1-12-1992;284
337;2-12-1992;295
338;3-12-1992;247
339;4-12-1992;272
340;5-12-1992;259
341;6-12-1992;259
342;7-12-1992;261
343;8-12-1992;298
344;9-12-1992;301
345;10-12-1992;291
346;11-12-1992;291
347;12-12-1992;306
348;13-12-1992;271
349;14-12-1992;289
350;15-12-1992;269
351;16-12-1992;302
352;17-12-1992;293
353;18-12-1992;281
354;19-12-1992;266
355;20-12-1992;277
356;21-12-1992;284
357;22-12-1992;273
358;23-12-1992;285
359;24-12-1992;296
360;25-12-1992;259
361;26-12-1992;312
362;27-12-1992;266
363;28-12-1992;305
364;29-12-1992;296
365;30-12-1992;308
366;31-12-1992;335
367;1-1-1993;335
368;2-1-1993;325
369;3-1-1993;348
370;4-1-1993;323
371;5-1-1993;321
372;6-1-1993;357
373;7-1-1993;381
374;8-1-1993;377
375;9-1-1993;350
376;10-1-1993;323
377;11-1-1993;366
378;12-1-1993;312
379;13-1-1993;329
380;14-1-1993;322
381;15-1-1993;293
382;16-1-1993;318
383;17-1-1993;286
384;18-1-1993;316
385;19-1-1993;275
386;20-1-1993;284
387;21-1-1993;298
388;22-1-1993;317
389;23-1-1993;289
390;24-1-1993;317
391;25-1-1993;282
392;26-1-1993;298
393;27-1-1993;313
394;28-1-1993;284
395;29-1-1993;317
396;30-1-1993;282
397;31-1-1993;298
398;1-2-1993;278
399;2-2-1993;321
400;3-2-1993;285
401;4-2-1993;313
402;5-2-1993;307
403;6-2-1993;305
404;7-2-1993;292
405;8-2-1993;311
406;9-2-1993;270
407;10-2-1993;288
408;11-2-1993;323
409;12-2-1993;295
410;13-2-1993;284
411;14-2-1993;289
412;15-2-1993;317
413;16-2-1993;303
414;17-2-1993;308
415;18-2-1993;339
416;19-2-1993;339
417;20-2-1993;293
418;21-2-1993;323
419;22-2-1993;297
420;23-2-1993;313
421;24-2-1993;277
422;25-2-1993;307
423;26-2-1993;283
424;27-2-1993;354
425;28-2-1993;311
426;1-3-1993;338
427;2-3-1993;343
428;3-3-1993;336
429;4-3-1993;326
430;5-3-1993;336
431;6-3-1993;326
432;7-3-1993;323
433;8-3-1993;319
434;9-3-1993;342
435;10-3-1993;381
436;11-3-1993;346
437;12-3-1993;338
438;13-3-1993;344
439;14-3-1993;306
440;15-3-1993;347
441;16-3-1993;331
442;17-3-1993;344
443;18-3-1993;359
444;19-3-1993;320
445;20-3-1993;327
446;21-3-1993;311
447;22-3-1993;332
448;23-3-1993;364
449;24-3-1993;328
450;25-3-1993;339
451;26-3-1993;312
452;27-3-1993;337
453;28-3-1993;278
454;29-3-1993;311
455;30-3-1993;329
456;31-3-1993;301
457;1-4-1993;341
458;2-4-1993;290
459;3-4-1993;358
460;4-4-1993;311
461;5-4-1993;344
462;6-4-1993;295
463;7-4-1993;354
464;8-4-1993;305
465;9-4-1993;312
466;10-4-1993;321
467;11-4-1993;359
468;12-4-1993;322
469;13-4-1993;326
470;14-4-1993;329
471;15-4-1993;279
472;16-4-1993;338
473;17-4-1993;299
474;18-4-1993;316
475;19-4-1993;284
476;20-4-1993;314
477;21-4-1993;309
478;22-4-1993;281
479;23-4-1993;297
480;24-4-1993;327
481;25-4-1993;329
482;26-4-1993;276
483;27-4-1993;304
484;28-4-1993;301
485;29-4-1993;272
486;30-4-1993;292
487;1-5-1993;305
488;2-5-1993;267
489;3-5-1993;270
490;4-5-1993;243
491;5-5-1993;285
492;6-5-1993;298
493;7-5-1993;232
494;8-5-1993;302
495;9-5-1993;289
496;10-5-1993;297
497;11-5-1993;269
498;12-5-1993;317
499;13-5-1993;276
500;14-5-1993;265
501;15-5-1993;260
502;16-5-1993;256
503;17-5-1993;268
504;18-5-1993;296
505;19-5-1993;296
506;20-5-1993;287
507;21-5-1993;264
508;22-5-1993;235
509;23-5-1993;276
510;24-5-1993;281
511;25-5-1993;317
512;26-5-1993;285
513;27-5-1993;309
514;28-5-1993;264
515;29-5-1993;273
516;30-5-1993;237
517;31-5-1993;258
518;1-6-1993;284
519;2-6-1993;275
520;3-6-1993;281
521;4-6-1993;225
522;5-6-1993;282
523;6-6-1993;278
524;7-6-1993;282
525;8-6-1993;286
526;9-6-1993;276
527;10-6-1993;305
528;11-6-1993;300
529;12-6-1993;233
530;13-6-1993;250
531;14-6-1993;242
532;15-6-1993;244
533;16-6-1993;251
534;17-6-1993;233
535;18-6-1993;259
536;19-6-1993;260
537;20-6-1993;249
538;21-6-1993;257
539;22-6-1993;258
540;23-6-1993;287
541;24-6-1993;248
542;25-6-1993;256
543;26-6-1993;273
544;27-6-1993;266
545;28-6-1993;278
546;29-6-1993;303
547;30-6-1993;317
548;1-7-1993;273
549;2-7-1993;293
550;3-7-1993;289
551;4-7-1993;281
552;5-7-1993;291
553;6-7-1993;267
554;7-7-1993;268
555;8-7-1993;276
556;9-7-1993;260
557;10-7-1993;273
558;11-7-1993;280
559;12-7-1993;251
560;13-7-1993;263
561;14-7-1993;270
562;15-7-1993;258
563;16-7-1993;316
564;17-7-1993;264
565;18-7-1993;267
566;19-7-1993;262
567;20-7-1993;243
568;21-7-1993;262
569;22-7-1993;254
570;23-7-1993;266
571;24-7-1993;287
572;25-7-1993;259
573;26-7-1993;269
574;27-7-1993;252
575;28-7-1993;261
576;29-7-1993;269
577;30-7-1993;264
578;31-7-1993;231
579;1-8-1993;225
580;2-8-1993;267
581;3-8-1993;251
582;4-8-1993;261
583;5-8-1993;254
584;6-8-1993;254
585;7-8-1993;233
586;8-8-1993;226
587;9-8-1993;263
588;10-8-1993;281
589;11-8-1993;266
590;12-8-1993;243
591;13-8-1993;243
592;14-8-1993;274
593;15-8-1993;284
594;16-8-1993;256
595;17-8-1993;251
596;18-8-1993;254
597;19-8-1993;229
598;20-8-1993;238
599;21-8-1993;260
600;22-8-1993;220
601;23-8-1993;275
602;24-8-1993;248
603;25-8-1993;247
604;26-8-1993;240
605;27-8-1993;249
606;28-8-1993;257
607;29-8-1993;236
608;30-8-1993;250
609;31-8-1993;237
610;1-9-1993;283
611;2-9-1993;295
612;3-9-1993;293
613;4-9-1993;298
614;5-9-1993;278
615;6-9-1993;238
616;7-9-1993;287
617;8-9-1993;262
618;9-9-1993;280
619;10-9-1993;274
620;11-9-1993;271
621;12-9-1993;229
622;13-9-1993;263
623;14-9-1993;270
624;15-9-1993;243
625;16-9-1993;253
626;17-9-1993;268
627;18-9-1993;285
628;19-9-1993;266
629;20-9-1993;261
630;21-9-1993;307
631;22-9-1993;250
632;23-9-1993;278
633;24-9-1993;291
634;25-9-1993;258
635;26-9-1993;257
636;27-9-1993;280
637;28-9-1993;272
638;29-9-1993;258
639;30-9-1993;247
640;1-10-1993;267
641;2-10-1993;283
642;3-10-1993;278
643;4-10-1993;271
644;5-10-1993;264
645;6-10-1993;303
646;7-10-1993;270
647;8-10-1993;268
648;9-10-1993;260
649;10-10-1993;286
650;11-10-1993;289
651;12-10-1993;245
652;13-10-1993;261
653;14-10-1993;315
654;15-10-1993;232
655;16-10-1993;274
656;17-10-1993;269
657;18-10-1993;215
658;19-10-1993;265
659;20-10-1993;306
660;21-10-1993;299
661;22-10-1993;295
662;23-10-1993;278
663;24-10-1993;254
664;25-10-1993;271
665;26-10-1993;291
666;27-10-1993;266
667;28-10-1993;269
668;29-10-1993;278
669;30-10-1993;291
670;31-10-1993;310
671;1-11-1993;275
672;2-11-1993;274
673;3-11-1993;299
674;4-11-1993;337
675;5-11-1993;305
676;6-11-1993;265
677;7-11-1993;284
678;8-11-1993;274
679;9-11-1993;303
680;10-11-1993;297
681;11-11-1993;281
682;12-11-1993;285
683;13-11-1993;269
684;14-11-1993;287
685;15-11-1993;254
686;16-11-1993;294
687;17-11-1993;283
688;18-11-1993;291
689;19-11-1993;296
690;20-11-1993;294
691;21-11-1993;277
692;22-11-1993;324
693;23-11-1993;336
694;24-11-1993;304
695;25-11-1993;318
696;26-11-1993;299
697;27-11-1993;321
698;28-11-1993;294
699;29-11-1993;362
700;30-11-1993;352
701;1-12-1993;345
702;2-12-1993;327
703;3-12-1993;347
704;4-12-1993;336
705;5-12-1993;315
706;6-12-1993;362
707;7-12-1993;337
708;8-12-1993;347
709;9-12-1993;323
710;10-12-1993;320
711;11-12-1993;349
712;12-12-1993;301
713;13-12-1993;383
714;14-12-1993;332
715;15-12-1993;336
716;16-12-1993;333
717;17-12-1993;354
718;18-12-1993;323
719;19-12-1993;349
720;20-12-1993;369
721;21-12-1993;328
722;22-12-1993;364
723;23-12-1993;360
724;24-12-1993;330
725;25-12-1993;339
726;26-12-1993;335
727;27-12-1993;323
728;28-12-1993;295
729;29-12-1993;323
730;30-12-1993;333
731;31-12-1993;319
732;1-1-1994;317
733;2-1-1994;324
734;3-1-1994;346
735;4-1-1994;372
736;5-1-1994;325
737;6-1-1994;352
738;7-1-1994;321
739;8-1-1994;317
740;9-1-1994;294
741;10-1-1994;382
742;11-1-1994;335
743;12-1-1994;328
744;13-1-1994;342
745;14-1-1994;310
746;15-1-1994;307
747;16-1-1994;294
748;17-1-1994;319
749;18-1-1994;339
750;19-1-1994;317
751;20-1-1994;335
752;21-1-1994;304
753;22-1-1994;329
754;23-1-1994;308
755;24-1-1994;329
756;25-1-1994;300
757;26-1-1994;278
758;27-1-1994;273
759;28-1-1994;285
760;29-1-1994;301
761;30-1-1994;280
762;31-1-1994;305
763;1-2-1994;285
764;2-2-1994;283
765;3-2-1994;297
766;4-2-1994;323
767;5-2-1994;332
768;6-2-1994;282
769;7-2-1994;316
770;8-2-1994;331
771;9-2-1994;321
772;10-2-1994;304
773;11-2-1994;322
774;12-2-1994;277
775;13-2-1994;279
776;14-2-1994;301
777;15-2-1994;305
778;16-2-1994;285
779;17-2-1994;321
780;18-2-1994;317
781;19-2-1994;295
782;20-2-1994;280
783;21-2-1994;318
784;22-2-1994;313
785;23-2-1994;304
786;24-2-1994;306
787;25-2-1994;311
788;26-2-1994;322
789;27-2-1994;310
790;28-2-1994;338
791;1-3-1994;299
792;2-3-1994;299
793;3-3-1994;295
794;4-3-1994;291
795;5-3-1994;277
796;6-3-1994;273
797;7-3-1994;281
798;8-3-1994;294
799;9-3-1994;293
800;10-3-1994;287
801;11-3-1994;279
802;12-3-1994;314
803;13-3-1994;276
804;14-3-1994;271
805;15-3-1994;283
806;16-3-1994;271
807;17-3-1994;282
808;18-3-1994;292
809;19-3-1994;307
810;20-3-1994;263
811;21-3-1994;279
812;22-3-1994;290
813;23-3-1994;287
814;24-3-1994;296
815;25-3-1994;281
816;26-3-1994;316
817;27-3-1994;270
818;28-3-1994;290
819;29-3-1994;319
820;30-3-1994;287
821;31-3-1994;305
822;1-4-1994;283
823;2-4-1994;261
824;3-4-1994;252
825;4-4-1994;286
826;5-4-1994;280
827;6-4-1994;298
828;7-4-1994;250
829;8-4-1994;265
830;9-4-1994;293
831;10-4-1994;303
832;11-4-1994;271
833;12-4-1994;279
834;13-4-1994;307
835;14-4-1994;292
836;15-4-1994;285
837;16-4-1994;255
838;17-4-1994;306
839;18-4-1994;285
840;19-4-1994;267
841;20-4-1994;278
842;21-4-1994;268
843;22-4-1994;290
844;23-4-1994;328
845;24-4-1994;300
846;25-4-1994;283
847;26-4-1994;286
848;27-4-1994;295
849;28-4-1994;300
850;29-4-1994;287
851;30-4-1994;275
852;1-5-1994;273
853;2-5-1994;254
854;3-5-1994;263
855;4-5-1994;288
856;5-5-1994;270
857;6-5-1994;251
858;7-5-1994;267
859;8-5-1994;265
860;9-5-1994;271
861;10-5-1994;290
862;11-5-1994;284
863;12-5-1994;292
864;13-5-1994;272
865;14-5-1994;276
866;15-5-1994;260
867;16-5-1994;248
868;17-5-1994;302
869;18-5-1994;269
870;19-5-1994;223
871;20-5-1994;277
872;21-5-1994;268
873;22-5-1994;285
874;23-5-1994;272
875;24-5-1994;276
876;25-5-1994;251
877;26-5-1994;256
878;27-5-1994;257
879;28-5-1994;247
880;29-5-1994;238
881;30-5-1994;249
882;31-5-1994;262
883;1-6-1994;281
884;2-6-1994;294
885;3-6-1994;279
886;4-6-1994;280
887;5-6-1994;259
888;6-6-1994;281
889;7-6-1994;242
890;8-6-1994;317
891;9-6-1994;283
892;10-6-1994;276
893;11-6-1994;241
894;12-6-1994;283
895;13-6-1994;287
896;14-6-1994;284
897;15-6-1994;288
898;16-6-1994;274
899;17-6-1994;301
900;18-6-1994;264
901;19-6-1994;286
902;20-6-1994;280
903;21-6-1994;272
904;22-6-1994;265
905;23-6-1994;278
906;24-6-1994;285
907;25-6-1994;295
908;26-6-1994;247
909;27-6-1994;315
910;28-6-1994;321
911;29-6-1994;342
912;30-6-1994;271
913;1-7-1994;287
914;2-7-1994;329
915;3-7-1994;311
916;4-7-1994;345
917;5-7-1994;270
918;6-7-1994;258
919;7-7-1994;286
920;8-7-1994;275
921;9-7-1994;283
922;10-7-1994;268
923;11-7-1994;281
924;12-7-1994;325
925;13-7-1994;319
926;14-7-1994;318
927;15-7-1994;279
928;16-7-1994;277
929;17-7-1994;279
930;18-7-1994;286
931;19-7-1994;281
932;20-7-1994;293
933;21-7-1994;275
934;22-7-1994;314
935;23-7-1994;265
936;24-7-1994;338
937;25-7-1994;309
938;26-7-1994;333
939;27-7-1994;309
940;28-7-1994;321
941;29-7-1994;299
942;30-7-1994;306
943;31-7-1994;328
944;1-8-1994;333
945;2-8-1994;291
946;3-8-1994;273
947;4-8-1994;345
948;5-8-1994;317
949;6-8-1994;297
950;7-8-1994;264
951;8-8-1994;250
952;9-8-1994;246
953;10-8-1994;259
954;11-8-1994;261
955;12-8-1994;252
956;13-8-1994;255
957;14-8-1994;239
958;15-8-1994;240
959;16-8-1994;268
960;17-8-1994;252
961;18-8-1994;253
962;19-8-1994;280
963;20-8-1994;275
964;21-8-1994;268
965;22-8-1994;234
966;23-8-1994;278
967;24-8-1994;246
968;25-8-1994;271
969;26-8-1994;289
970;27-8-1994;220
971;28-8-1994;288
972;29-8-1994;260
973;30-8-1994;233
974;31-8-1994;229
975;1-9-1994;258
976;2-9-1994;279
977;3-9-1994;248
978;4-9-1994;257
979;5-9-1994;261
980;6-9-1994;268
981;7-9-1994;274
982;8-9-1994;259
983;9-9-1994;276
984;10-9-1994;273
985;11-9-1994;233
986;12-9-1994;270
987;13-9-1994;295
988;14-9-1994;274
989;15-9-1994;286
990;16-9-1994;262
991;17-9-1994;253
992;18-9-1994;276
993;19-9-1994;285
994;20-9-1994;228
995;21-9-1994;270
996;22-9-1994;301
997;23-9-1994;279
998;24-9-1994;278
999;25-9-1994;290
1000;26-9-1994;292
1001;27-9-1994;266
1002;28-9-1994;280
1003;29-9-1994;277
1004;30-9-1994;304
1005;1-10-1994;241
1006;2-10-1994;271
1007;3-10-1994;253
1008;4-10-1994;244
1009;5-10-1994;252
1010;6-10-1994;274
1011;7-10-1994;277
1012;8-10-1994;264
1013;9-10-1994;280
1014;10-10-1994;264
1015;11-10-1994;260
1016;12-10-1994;269
1017;13-10-1994;280
1018;14-10-1994;273
1019;15-10-1994;279
1020;16-10-1994;282
1021;17-10-1994;273
1022;18-10-1994;253
1023;19-10-1994;285
1024;20-10-1994;303
1025;21-10-1994;294
1026;22-10-1994;330
1027;23-10-1994;311
1028;24-10-1994;279
1029;25-10-1994;289
1030;26-10-1994;306
1031;27-10-1994;268
1032;28-10-1994;275
1033;29-10-1994;253
1034;30-10-1994;318
1035;31-10-1994;275
1036;1-11-1994;271
1037;2-11-1994;275
1038;3-11-1994;266
1039;4-11-1994;303
1040;5-11-1994;277
1041;6-11-1994;275
1042;7-11-1994;270
1043;8-11-1994;258
1044;9-11-1994;295
1045;10-11-1994;276
1046;11-11-1994;256
1047;12-11-1994;270
1048;13-11-1994;270
1049;14-11-1994;295
1050;15-11-1994;271
1051;16-11-1994;235
1052;17-11-1994;244
1053;18-11-1994;268
1054;19-11-1994;264
1055;20-11-1994;291
1056;21-11-1994;264
1057;22-11-1994;264
1058;23-11-1994;255
1059;24-11-1994;227
1060;25-11-1994;246
1061;26-11-1994;260
1062;27-11-1994;261
1063;28-11-1994;282
1064;29-11-1994;239
1065;30-11-1994;266
1066;1-12-1994;288
1067;2-12-1994;273
1068;3-12-1994;300
1069;4-12-1994;266
1070;5-12-1994;290
1071;6-12-1994;289
1072;7-12-1994;274
1073;8-12-1994;300
1074;9-12-1994;300
1075;10-12-1994;255
1076;11-12-1994;241
1077;12-12-1994;274
1078;13-12-1994;248
1079;14-12-1994;275
1080;15-12-1994;260
1081;16-12-1994;263
1082;17-12-1994;301
1083;18-12-1994;250
1084;19-12-1994;322
1085;20-12-1994;275
1086;21-12-1994;285
1087;22-12-1994;297
1088;23-12-1994;296
1089;24-12-1994;269
1090;25-12-1994;281
1091;26-12-1994;325
1092;27-12-1994;317
1093;28-12-1994;309
1094;29-12-1994;342
1095;30-12-1994;288
1096;31-12-1994;273
1097;1-1-1995;297
1098;2-1-1995;280
1099;3-1-1995;298
1100;4-1-1995;283
1101;5-1-1995;308
1102;6-1-1995;338
1103;7-1-1995;291
1104;8-1-1995;340
1105;9-1-1995;324
1106;10-1-1995;308
1107;11-1-1995;337
1108;12-1-1995;312
1109;13-1-1995;301
1110;14-1-1995;265
1111;15-1-1995;321
1112;16-1-1995;347
1113;17-1-1995;312
1114;18-1-1995;299
1115;19-1-1995;321
1116;20-1-1995;323
1117;21-1-1995;294
1118;22-1-1995;308
1119;23-1-1995;312
1120;24-1-1995;313
1121;25-1-1995;315
1122;26-1-1995;281
1123;27-1-1995;298
1124;28-1-1995;289
1125;29-1-1995;291
1126;30-1-1995;306
1127;31-1-1995;279
1128;1-2-1995;316
1129;2-2-1995;315
1130;3-2-1995;291
1131;4-2-1995;302
1132;5-2-1995;275
1133;6-2-1995;327
1134;7-2-1995;285
1135;8-2-1995;285
1136;9-2-1995;291
1137;10-2-1995;286
1138;11-2-1995;294
1139;12-2-1995;290
1140;13-2-1995;295
1141;14-2-1995;295
1142;15-2-1995;313
1143;16-2-1995;254
1144;17-2-1995;301
1145;18-2-1995;262
1146;19-2-1995;274
1147;20-2-1995;315
1148;21-2-1995;279
1149;22-2-1995;293
1150;23-2-1995;309
1151;24-2-1995;262
1152;25-2-1995;269
1153;26-2-1995;304
1154;27-2-1995;290
1155;28-2-1995;268
1156;1-3-1995;289
1157;2-3-1995;294
1158;3-3-1995;306
1159;4-3-1995;297
1160;5-3-1995;294
1161;6-3-1995;307
1162;7-3-1995;307
1163;8-3-1995;318
1164;9-3-1995;299
1165;10-3-1995;304
1166;11-3-1995;300
1167;12-3-1995;321
1168;13-3-1995;308
1169;14-3-1995;313
1170;15-3-1995;343
1171;16-3-1995;327
1172;17-3-1995;327
1173;18-3-1995;326
1174;19-3-1995;335
1175;20-3-1995;353
1176;21-3-1995;282
1177;22-3-1995;307
1178;23-3-1995;338
1179;24-3-1995;324
1180;25-3-1995;322
1181;26-3-1995;289
1182;27-3-1995;327
1183;28-3-1995;359
1184;29-3-1995;336
1185;30-3-1995;340
1186;31-3-1995;368
1187;1-4-1995;300
1188;2-4-1995;316
1189;3-4-1995;307
1190;4-4-1995;354
1191;5-4-1995;313
1192;6-4-1995;316
1193;7-4-1995;309
1194;8-4-1995;279
1195;9-4-1995;332
1196;10-4-1995;304
1197;11-4-1995;332
1198;12-4-1995;292
1199;13-4-1995;302
1200;14-4-1995;297
1201;15-4-1995;297
1202;16-4-1995;267
1203;17-4-1995;284
1204;18-4-1995;331
1205;19-4-1995;312
1206;20-4-1995;264
1207;21-4-1995;298
1208;22-4-1995;299
1209;23-4-1995;280
1210;24-4-1995;314
1211;25-4-1995;308
1212;26-4-1995;316
1213;27-4-1995;284
1214;28-4-1995;269
1215;29-4-1995;301
1216;30-4-1995;285
1217;1-5-1995;293
1218;2-5-1995;307
1219;3-5-1995;302
1220;4-5-1995;305
1221;5-5-1995;312
1222;6-5-1995;314
1223;7-5-1995;274
1224;8-5-1995;294
1225;9-5-1995;263
1226;10-5-1995;288
1227;11-5-1995;262
1228;12-5-1995;272
1229;13-5-1995;271
1230;14-5-1995;305
1231;15-5-1995;292
1232;16-5-1995;274
1233;17-5-1995;295
1234;18-5-1995;268
1235;19-5-1995;261
1236;20-5-1995;275
1237;21-5-1995;283
1238;22-5-1995;229
1239;23-5-1995;276
1240;24-5-1995;309
1241;25-5-1995;289
1242;26-5-1995;272
1243;27-5-1995;268
1244;28-5-1995;282
1245;29-5-1995;281
1246;30-5-1995;248
1247;31-5-1995;292
1248;1-6-1995;271
1249;2-6-1995;278
1250;3-6-1995;262
1251;4-6-1995;264
1252;5-6-1995;256
1253;6-6-1995;252
1254;7-6-1995;276
1255;8-6-1995;264
1256;9-6-1995;271
1257;10-6-1995;283
1258;11-6-1995;242
1259;12-6-1995;292
1260;13-6-1995;259
1261;14-6-1995;262
1262;15-6-1995;263
1263;16-6-1995;255
1264;17-6-1995;268
1265;18-6-1995;270
1266;19-6-1995;307
1267;20-6-1995;271
1268;21-6-1995;297
1269;22-6-1995;266
1270;23-6-1995;257
1271;24-6-1995;295
1272;25-6-1995;275
1273;26-6-1995;283
1274;27-6-1995;285
1275;28-6-1995;344
1276;29-6-1995;324
1277;30-6-1995;314
1278;1-7-1995;329
1279;2-7-1995;289
1280;3-7-1995;284
1281;4-7-1995;270
1282;5-7-1995;248
1283;6-7-1995;253
1284;7-7-1995;288
1285;8-7-1995;286
1286;9-7-1995;282
1287;10-7-1995;319
1288;11-7-1995;338
1289;12-7-1995;295
1290;13-7-1995;297
1291;14-7-1995;263
1292;15-7-1995;231
1293;16-7-1995;251
1294;17-7-1995;270
1295;18-7-1995;259
1296;19-7-1995;283
1297;20-7-1995;255
1298;21-7-1995;293
1299;22-7-1995;266
1300;23-7-1995;229
1301;24-7-1995;265
1302;25-7-1995;246
1303;26-7-1995;292
1304;27-7-1995;267
1305;28-7-1995;256
1306;29-7-1995;247
1307;30-7-1995;285
1308;31-7-1995;309
1309;1-8-1995;311
1310;2-8-1995;286
1311;3-8-1995;298
1312;4-8-1995;279
1313;5-8-1995;264
1314;6-8-1995;266
1315;7-8-1995;257
1316;8-8-1995;232
1317;9-8-1995;232
1318;10-8-1995;288
1319;11-8-1995;278
1320;12-8-1995;304
1321;13-8-1995;262
1322;14-8-1995;265
1323;15-8-1995;231
1324;16-8-1995;249
1325;17-8-1995;252
1326;18-8-1995;300
1327;19-8-1995;250
1328;20-8-1995;293
1329;21-8-1995;262
1330;22-8-1995;256
1331;23-8-1995;310
1332;24-8-1995;274
1333;25-8-1995;282
1334;26-8-1995;261
1335;27-8-1995;223
1336;28-8-1995;256
1337;29-8-1995;234
1338;30-8-1995;203
1339;31-8-1995;237
1340;1-9-1995;275
1341;2-9-1995;257
1342;3-9-1995;255
1343;4-9-1995;235
1344;5-9-1995;230
1345;6-9-1995;287
1346;7-9-1995;283
1347;8-9-1995;259
1348;9-9-1995;245
1349;10-9-1995;259
1350;11-9-1995;239
1351;12-9-1995;248
1352;13-9-1995;236
1353;14-9-1995;272
1354;15-9-1995;259
1355;16-9-1995;252
1356;17-9-1995;236
1357;18-9-1995;255
1358;19-9-1995;295
1359;20-9-1995;265
1360;21-9-1995;231
1361;22-9-1995;249
1362;23-9-1995;276
1363;24-9-1995;270
1364;25-9-1995;254
1365;26-9-1995;257
1366;27-9-1995;257
1367;28-9-1995;265
1368;29-9-1995;287
1369;30-9-1995;264
1370;1-10-1995;262
1371;2-10-1995;274
1372;3-10-1995;277
1373;4-10-1995;309
1374;5-10-1995;259
1375;6-10-1995;258
1376;7-10-1995;276
1377;8-10-1995;285
1378;9-10-1995;282
1379;10-10-1995;324
1380;11-10-1995;294
1381;12-10-1995;291
1382;13-10-1995;258
1383;14-10-1995;280
1384;15-10-1995;275
1385;16-10-1995;267
1386;17-10-1995;277
1387;18-10-1995;242
1388;19-10-1995;245
1389;20-10-1995;290
1390;21-10-1995;262
1391;22-10-1995;241
1392;23-10-1995;263
1393;24-10-1995;273
1394;25-10-1995;268
1395;26-10-1995;283
1396;27-10-1995;267
1397;28-10-1995;304
1398;29-10-1995;263
1399;30-10-1995;255
1400;31-10-1995;244
1401;1-11-1995;278
1402;2-11-1995;269
1403;3-11-1995;282
1404;4-11-1995;267
1405;5-11-1995;260
1406;6-11-1995;254
1407;7-11-1995;244
1408;8-11-1995;264
1409;9-11-1995;301
1410;10-11-1995;265
1411;11-11-1995;279
1412;12-11-1995;300
1413;13-11-1995;287
1414;14-11-1995;275
1415;15-11-1995;284
1416;16-11-1995;292
1417;17-11-1995;263
1418;18-11-1995;282
1419;19-11-1995;260
1420;20-11-1995;265
1421;21-11-1995;305
1422;22-11-1995;275
1423;23-11-1995;262
1424;24-11-1995;278
1425;25-11-1995;279
1426;26-11-1995;261
1427;27-11-1995;281
1428;28-11-1995;319
1429;29-11-1995;296
1430;30-11-1995;266
1431;1-12-1995;261
1432;2-12-1995;260
1433;3-12-1995;300
1434;4-12-1995;262
1435;5-12-1995;308
1436;6-12-1995;267
1437;7-12-1995;297
1438;8-12-1995;309
1439;9-12-1995;291
1440;10-12-1995;313
1441;11-12-1995;291
1442;12-12-1995;294
1443;13-12-1995;303
1444;14-12-1995;293
1445;15-12-1995;326
1446;16-12-1995;322
1447;17-12-1995;316
1448;18-12-1995;352
1449;19-12-1995;330
1450;20-12-1995;325
1451;21-12-1995;326
1452;22-12-1995;384
1453;23-12-1995;377
1454;24-12-1995;324
1455;25-12-1995;335
1456;26-12-1995;321
1457;27-12-1995;337
1458;28-12-1995;367
1459;29-12-1995;353
1460;30-12-1995;373
1461;31-12-1995;345
1462;1-1-1996;407
1463;2-1-1996;407
1464;3-1-1996;400
1465;4-1-1996;452
1466;5-1-1996;392
1467;6-1-1996;399
1468;7-1-1996;365
1469;8-1-1996;406
1470;9-1-1996;363
1471;10-1-1996;375
1472;11-1-1996;378
1473;12-1-1996;379
1474;13-1-1996;374
1475;14-1-1996;345
1476;15-1-1996;342
1477;16-1-1996;349
1478;17-1-1996;335
1479;18-1-1996;351
1480;19-1-1996;336
1481;20-1-1996;305
1482;21-1-1996;310
1483;22-1-1996;350
1484;23-1-1996;311
1485;24-1-1996;338
1486;25-1-1996;319
1487;26-1-1996;331
1488;27-1-1996;284
1489;28-1-1996;336
1490;29-1-1996;338
1491;30-1-1996;316
1492;31-1-1996;338
1493;1-2-1996;350
1494;2-2-1996;341
1495;3-2-1996;352
1496;4-2-1996;281
1497;5-2-1996;354
1498;6-2-1996;316
1499;7-2-1996;291
1500;8-2-1996;356
1501;9-2-1996;359
1502;10-2-1996;355
1503;11-2-1996;322
1504;12-2-1996;355
1505;13-2-1996;294
1506;14-2-1996;339
1507;15-2-1996;331
1508;16-2-1996;343
1509;17-2-1996;335
1510;18-2-1996;337
1511;19-2-1996;328
1512;20-2-1996;310
1513;21-2-1996;337
1514;22-2-1996;301
1515;23-2-1996;316
1516;24-2-1996;326
1517;25-2-1996;353
1518;26-2-1996;328
1519;27-2-1996;342
1520;28-2-1996;296
1521;29-2-1996;300
1522;1-3-1996;323
1523;2-3-1996;328
1524;3-3-1996;321
1525;4-3-1996;309
1526;5-3-1996;313
1527;6-3-1996;312
1528;7-3-1996;300
1529;8-3-1996;306
1530;9-3-1996;302
1531;10-3-1996;297
1532;11-3-1996;308
1533;12-3-1996;289
1534;13-3-1996;331
1535;14-3-1996;286
1536;15-3-1996;300
1537;16-3-1996;309
1538;17-3-1996;314
1539;18-3-1996;291
1540;19-3-1996;309
1541;20-3-1996;306
1542;21-3-1996;328
1543;22-3-1996;329
1544;23-3-1996;293
1545;24-3-1996;287
1546;25-3-1996;290
1547;26-3-1996;309
1548;27-3-1996;322
1549;28-3-1996;278
1550;29-3-1996;293
1551;30-3-1996;290
1552;31-3-1996;285
1553;1-4-1996;314
1554;2-4-1996;266
1555;3-4-1996;315
1556;4-4-1996;299
1557;5-4-1996;298
1558;6-4-1996;314
1559;7-4-1996;284
1560;8-4-1996;298
1561;9-4-1996;288
1562;10-4-1996;306
1563;11-4-1996;299
1564;12-4-1996;307
1565;13-4-1996;321
1566;14-4-1996;294
1567;15-4-1996;314
1568;16-4-1996;302
1569;17-4-1996;281
1570;18-4-1996;293
1571;19-4-1996;292
1572;20-4-1996;314
1573;21-4-1996;297
1574;22-4-1996;327
1575;23-4-1996;278
1576;24-4-1996;317
1577;25-4-1996;237
1578;26-4-1996;285
1579;27-4-1996;292
1580;28-4-1996;278
1581;29-4-1996;276
1582;30-4-1996;263
1583;1-5-1996;257
1584;2-5-1996;305
1585;3-5-1996;258
1586;4-5-1996;264
1587;5-5-1996;245
1588;6-5-1996;293
1589;7-5-1996;273
1590;8-5-1996;268
1591;9-5-1996;289
1592;10-5-1996;288
1593;11-5-1996;265
1594;12-5-1996;220
1595;13-5-1996;300
1596;14-5-1996;288
1597;15-5-1996;295
1598;16-5-1996;283
1599;17-5-1996;243
1600;18-5-1996;285
1601;19-5-1996;300
1602;20-5-1996;281
1603;21-5-1996;278
1604;22-5-1996;280
1605;23-5-1996;260
1606;24-5-1996;312
1607;25-5-1996;267
1608;26-5-1996;265
1609;27-5-1996;282
1610;28-5-1996;272
1611;29-5-1996;263
1612;30-5-1996;303
1613;31-5-1996;280
1614;1-6-1996;289
1615;2-6-1996;254
1616;3-6-1996;240
1617;4-6-1996;257
1618;5-6-1996;267
1619;6-6-1996;328
1620;7-6-1996;363
1621;8-6-1996;366
1622;9-6-1996;272
1623;10-6-1996;273
1624;11-6-1996;308
1625;12-6-1996;267
1626;13-6-1996;248
1627;14-6-1996;255
1628;15-6-1996;259
1629;16-6-1996;246
1630;17-6-1996;249
1631;18-6-1996;224
1632;19-6-1996;249
1633;20-6-1996;239
1634;21-6-1996;232
1635;22-6-1996;237
1636;23-6-1996;249
1637;24-6-1996;264
1638;25-6-1996;250
1639;26-6-1996;247
1640;27-6-1996;253
1641;28-6-1996;269
1642;29-6-1996;253
1643;30-6-1996;238
1644;1-7-1996;263
1645;2-7-1996;248
1646;3-7-1996;267
1647;4-7-1996;263
1648;5-7-1996;279
1649;6-7-1996;234
1650;7-7-1996;259
1651;8-7-1996;254
1652;9-7-1996;249
1653;10-7-1996;253
1654;11-7-1996;245
1655;12-7-1996;267
1656;13-7-1996;258
1657;14-7-1996;244
1658;15-7-1996;254
1659;16-7-1996;215
1660;17-7-1996;290
1661;18-7-1996;255
1662;19-7-1996;295
1663;20-7-1996;260
1664;21-7-1996;254
1665;22-7-1996;297
1666;23-7-1996;325
1667;24-7-1996;272
1668;25-7-1996;258
1669;26-7-1996;273
1670;27-7-1996;275
1671;28-7-1996;235
1672;29-7-1996;246
1673;30-7-1996;299
1674;31-7-1996;239
1675;1-8-1996;252
1676;2-8-1996;242
1677;3-8-1996;250
1678;4-8-1996;245
1679;5-8-1996;235
1680;6-8-1996;233
1681;7-8-1996;245
1682;8-8-1996;240
1683;9-8-1996;262
1684;10-8-1996;253
1685;11-8-1996;245
1686;12-8-1996;258
1687;13-8-1996;262
1688;14-8-1996;258
1689;15-8-1996;231
1690;16-8-1996;239
1691;17-8-1996;230
1692;18-8-1996;237
1693;19-8-1996;242
1694;20-8-1996;293
1695;21-8-1996;244
1696;22-8-1996;231
1697;23-8-1996;250
1698;24-8-1996;250
1699;25-8-1996;251
1700;26-8-1996;238
1701;27-8-1996;242
1702;28-8-1996;236
1703;29-8-1996;233
1704;30-8-1996;251
1705;31-8-1996;238
1706;1-9-1996;235
1707;2-9-1996;234
1708;3-9-1996;260
1709;4-9-1996;250
1710;5-9-1996;236
1711;6-9-1996;253
1712;7-9-1996;231
1713;8-9-1996;245
1714;9-9-1996;266
1715;10-9-1996;251
1716;11-9-1996;262
1717;12-9-1996;260
1718;13-9-1996;275
1719;14-9-1996;248
1720;15-9-1996;247
1721;16-9-1996;255
1722;17-9-1996;243
1723;18-9-1996;265
1724;19-9-1996;277
1725;20-9-1996;272
1726;21-9-1996;287
1727;22-9-1996;253
1728;23-9-1996;263
1729;24-9-1996;259
1730;25-9-1996;252
1731;26-9-1996;270
1732;27-9-1996;279
1733;28-9-1996;284
1734;29-9-1996;212
1735;30-9-1996;292
1736;1-10-1996;277
1737;2-10-1996;249
1738;3-10-1996;257
1739;4-10-1996;273
1740;5-10-1996;265
1741;6-10-1996;276
1742;7-10-1996;272
1743;8-10-1996;256
1744;9-10-1996;303
1745;10-10-1996;271
1746;11-10-1996;276
1747;12-10-1996;263
1748;13-10-1996;242
1749;14-10-1996;260
1750;15-10-1996;272
1751;16-10-1996;258
1752;17-10-1996;263
1753;18-10-1996;276
1754;19-10-1996;256
1755;20-10-1996;230
1756;21-10-1996;246
1757;22-10-1996;265
1758;23-10-1996;267
1759;24-10-1996;258
1760;25-10-1996;269
1761;26-10-1996;237
1762;27-10-1996;250
1763;28-10-1996;290
1764;29-10-1996;279
1765;30-10-1996;243
1766;31-10-1996;227
1767;1-11-1996;256
1768;2-11-1996;246
1769;3-11-1996;249
1770;4-11-1996;270
1771;5-11-1996;276
1772;6-11-1996;280
1773;7-11-1996;281
1774;8-11-1996;257
1775;9-11-1996;267
1776;10-11-1996;270
1777;11-11-1996;293
1778;12-11-1996;264
1779;13-11-1996;257
1780;14-11-1996;267
1781;15-11-1996;248
1782;16-11-1996;242
1783;17-11-1996;267
1784;18-11-1996;263
1785;19-11-1996;284
1786;20-11-1996;303
1787;21-11-1996;285
1788;22-11-1996;292
1789;23-11-1996;257
1790;24-11-1996;249
1791;25-11-1996;282
1792;26-11-1996;278
1793;27-11-1996;288
1794;28-11-1996;279
1795;29-11-1996;300
1796;30-11-1996;303
1797;1-12-1996;269
1798;2-12-1996;298
1799;3-12-1996;261
1800;4-12-1996;269
1801;5-12-1996;270
1802;6-12-1996;303
1803;7-12-1996;265
1804;8-12-1996;265
1805;9-12-1996;308
1806;10-12-1996;297
1807;11-12-1996;280
1808;12-12-1996;284
1809;13-12-1996;280
1810;14-12-1996;256
1811;15-12-1996;261
1812;16-12-1996;297
1813;17-12-1996;304
1814;18-12-1996;301
1815;19-12-1996;287
1816;20-12-1996;299
1817;21-12-1996;261
1818;22-12-1996;293
1819;23-12-1996;299
1820;24-12-1996;305
1821;25-12-1996;287
1822;26-12-1996;327
1823;27-12-1996;335
1824;28-12-1996;315
1825;29-12-1996;318
1826;30-12-1996;353
1827;31-12-1996;352
1828;1-1-1997;325
1829;2-1-1997;369
1830;3-1-1997;409
1831;4-1-1997;364
1832;5-1-1997;412
1833;6-1-1997;419
1834;7-1-1997;417
1835;8-1-1997;425
1836;9-1-1997;420
1837;10-1-1997;426
1838;11-1-1997;456
1839;12-1-1997;416
1840;13-1-1997;461
1841;14-1-1997;423
1842;15-1-1997;442
1843;16-1-1997;421
1844;17-1-1997;459
1845;18-1-1997;427
1846;19-1-1997;378
1847;20-1-1997;435
1848;21-1-1997;427
1849;22-1-1997;363
1850;23-1-1997;429
1851;24-1-1997;372
1852;25-1-1997;371
1853;26-1-1997;337
1854;27-1-1997;391
1855;28-1-1997;366
1856;29-1-1997;354
1857;30-1-1997;310
1858;31-1-1997;383
1859;1-2-1997;353
1860;2-2-1997;354
1861;3-2-1997;342
1862;4-2-1997;367
1863;5-2-1997;386
1864;6-2-1997;367
1865;7-2-1997;354
1866;8-2-1997;320
1867;9-2-1997;302
1868;10-2-1997;330
1869;11-2-1997;331
1870;12-2-1997;339
1871;13-2-1997;320
1872;14-2-1997;343
1873;15-2-1997;337
1874;16-2-1997;303
1875;17-2-1997;349
1876;18-2-1997;348
1877;19-2-1997;304
1878;20-2-1997;304
1879;21-2-1997;306
1880;22-2-1997;282
1881;23-2-1997;279
1882;24-2-1997;325
1883;25-2-1997;317
1884;26-2-1997;265
1885;27-2-1997;304
1886;28-2-1997;282
1887;1-3-1997;275
1888;2-3-1997;299
1889;3-3-1997;296
1890;4-3-1997;282
1891;5-3-1997;298
1892;6-3-1997;274
1893;7-3-1997;288
1894;8-3-1997;291
1895;9-3-1997;252
1896;10-3-1997;286
1897;11-3-1997;256
1898;12-3-1997;288
1899;13-3-1997;290
1900;14-3-1997;290
1901;15-3-1997;282
1902;16-3-1997;275
1903;17-3-1997;295
1904;18-3-1997;294
1905;19-3-1997;273
1906;20-3-1997;253
1907;21-3-1997;282
1908;22-3-1997;274
1909;23-3-1997;262
1910;24-3-1997;300
1911;25-3-1997;292
1912;26-3-1997;306
1913;27-3-1997;286
1914;28-3-1997;283
1915;29-3-1997;250
1916;30-3-1997;248
1917;31-3-1997;292
1918;1-4-1997;287
1919;2-4-1997;276
1920;3-4-1997;282
1921;4-4-1997;263
1922;5-4-1997;276
1923;6-4-1997;249
1924;7-4-1997;238
1925;8-4-1997;275
1926;9-4-1997;259
1927;10-4-1997;327
1928;11-4-1997;278
1929;12-4-1997;263
1930;13-4-1997;266
1931;14-4-1997;272
1932;15-4-1997;271
1933;16-4-1997;307
1934;17-4-1997;263
1935;18-4-1997;249
1936;19-4-1997;270
1937;20-4-1997;249
1938;21-4-1997;280
1939;22-4-1997;273
1940;23-4-1997;247
1941;24-4-1997;281
1942;25-4-1997;289
1943;26-4-1997;260
1944;27-4-1997;271
1945;28-4-1997;241
1946;29-4-1997;291
1947;30-4-1997;281
1948;1-5-1997;273
1949;2-5-1997;273
1950;3-5-1997;277
1951;4-5-1997;306
1952;5-5-1997;305
1953;6-5-1997;258
1954;7-5-1997;249
1955;8-5-1997;259
1956;9-5-1997;249
1957;10-5-1997;285
1958;11-5-1997;258
1959;12-5-1997;261
1960;13-5-1997;263
1961;14-5-1997;260
1962;15-5-1997;269
1963;16-5-1997;307
1964;17-5-1997;283
1965;18-5-1997;259
1966;19-5-1997;261
1967;20-5-1997;279
1968;21-5-1997;302
1969;22-5-1997;262
1970;23-5-1997;285
1971;24-5-1997;245
1972;25-5-1997;252
1973;26-5-1997;240
1974;27-5-1997;258
1975;28-5-1997;241
1976;29-5-1997;261
1977;30-5-1997;255
1978;31-5-1997;231
1979;1-6-1997;278
1980;2-6-1997;257
1981;3-6-1997;257
1982;4-6-1997;282
1983;5-6-1997;276
1984;6-6-1997;328
1985;7-6-1997;294
1986;8-6-1997;276
1987;9-6-1997;254
1988;10-6-1997;300
1989;11-6-1997;294
1990;12-6-1997;290
1991;13-6-1997;266
1992;14-6-1997;251
1993;15-6-1997;234
1994;16-6-1997;224
1995;17-6-1997;273
1996;18-6-1997;226
1997;19-6-1997;261
1998;20-6-1997;262
1999;21-6-1997;259
2000;22-6-1997;233
2001;23-6-1997;254
2002;24-6-1997;268
2003;25-6-1997;261
2004;26-6-1997;274
2005;27-6-1997;238
2006;28-6-1997;247
2007;29-6-1997;245
2008;30-6-1997;258
2009;1-7-1997;274
2010;2-7-1997;286
2011;3-7-1997;237
2012;4-7-1997;265
2013;5-7-1997;237
2014;6-7-1997;268
2015;7-7-1997;260
2016;8-7-1997;286
2017;9-7-1997;255
2018;10-7-1997;262
2019;11-7-1997;265
2020;12-7-1997;256
2021;13-7-1997;272
2022;14-7-1997;259
2023;15-7-1997;304
2024;16-7-1997;230
2025;17-7-1997;261
2026;18-7-1997;276
2027;19-7-1997;249
2028;20-7-1997;255
2029;21-7-1997;253
2030;22-7-1997;243
2031;23-7-1997;253
2032;24-7-1997;262
2033;25-7-1997;243
2034;26-7-1997;259
2035;27-7-1997;224
2036;28-7-1997;253
2037;29-7-1997;263
2038;30-7-1997;261
2039;31-7-1997;275
2040;1-8-1997;243
2041;2-8-1997;235
2042;3-8-1997;260
2043;4-8-1997;239
2044;5-8-1997;254
2045;6-8-1997;250
2046;7-8-1997;267
2047;8-8-1997;261
2048;9-8-1997;301
2049;10-8-1997;280
2050;11-8-1997;269
2051;12-8-1997;322
2052;13-8-1997;336
2053;14-8-1997;301
2054;15-8-1997;266
2055;16-8-1997;250
2056;17-8-1997;270
2057;18-8-1997;269
2058;19-8-1997;260
2059;20-8-1997;282
2060;21-8-1997;267
2061;22-8-1997;272
2062;23-8-1997;252
2063;24-8-1997;242
2064;25-8-1997;273
2065;26-8-1997;241
2066;27-8-1997;243
2067;28-8-1997;253
2068;29-8-1997;231
2069;30-8-1997;263
2070;31-8-1997;196
2071;1-9-1997;229
2072;2-9-1997;250
2073;3-9-1997;235
2074;4-9-1997;245
2075;5-9-1997;256
2076;6-9-1997;257
2077;7-9-1997;252
2078;8-9-1997;229
2079;9-9-1997;239
2080;10-9-1997;264
2081;11-9-1997;249
2082;12-9-1997;243
2083;13-9-1997;274
2084;14-9-1997;241
2085;15-9-1997;261
2086;16-9-1997;296
2087;17-9-1997;267
2088;18-9-1997;280
2089;19-9-1997;240
2090;20-9-1997;237
2091;21-9-1997;236
2092;22-9-1997;268
2093;23-9-1997;256
2094;24-9-1997;234
2095;25-9-1997;246
2096;26-9-1997;260
2097;27-9-1997;289
2098;28-9-1997;254
2099;29-9-1997;244
2100;30-9-1997;280
2101;1-10-1997;323
2102;2-10-1997;276
2103;3-10-1997;263
2104;4-10-1997;231
2105;5-10-1997;251
2106;6-10-1997;291
2107;7-10-1997;249
2108;8-10-1997;294
2109;9-10-1997;276
2110;10-10-1997;289
2111;11-10-1997;257
2112;12-10-1997;263
2113;13-10-1997;224
2114;14-10-1997;301
2115;15-10-1997;263
2116;16-10-1997;241
2117;17-10-1997;298
2118;18-10-1997;295
2119;19-10-1997;242
2120;20-10-1997;298
2121;21-10-1997;261
2122;22-10-1997;255
2123;23-10-1997;303
2124;24-10-1997;247
2125;25-10-1997;243
2126;26-10-1997;282
2127;27-10-1997;277
2128;28-10-1997;274
2129;29-10-1997;274
2130;30-10-1997;286
2131;31-10-1997;300
2132;1-11-1997;300
2133;2-11-1997;293
2134;3-11-1997;314
2135;4-11-1997;311
2136;5-11-1997;309
2137;6-11-1997;309
2138;7-11-1997;273
2139;8-11-1997;278
2140;9-11-1997;295
2141;10-11-1997;261
2142;11-11-1997;292
2143;12-11-1997;270
2144;13-11-1997;296
2145;14-11-1997;300
2146;15-11-1997;270
2147;16-11-1997;308
2148;17-11-1997;271
2149;18-11-1997;297
2150;19-11-1997;247
2151;20-11-1997;277
2152;21-11-1997;250
2153;22-11-1997;271
2154;23-11-1997;257
2155;24-11-1997;271
2156;25-11-1997;245
2157;26-11-1997;260
2158;27-11-1997;284
2159;28-11-1997;299
2160;29-11-1997;295
2161;30-11-1997;272
2162;1-12-1997;246
2163;2-12-1997;269
2164;3-12-1997;248
2165;4-12-1997;252
2166;5-12-1997;266
2167;6-12-1997;268
2168;7-12-1997;264
2169;8-12-1997;297
2170;9-12-1997;295
2171;10-12-1997;292
2172;11-12-1997;318
2173;12-12-1997;290
2174;13-12-1997;273
2175;14-12-1997;282
2176;15-12-1997;261
2177;16-12-1997;241
2178;17-12-1997;249
2179;18-12-1997;316
2180;19-12-1997;287
2181;20-12-1997;258
2182;21-12-1997;273
2183;22-12-1997;273
2184;23-12-1997;268
2185;24-12-1997;300
2186;25-12-1997;272
2187;26-12-1997;298
2188;27-12-1997;282
2189;28-12-1997;289
2190;29-12-1997;303
2191;30-12-1997;269
2192;31-12-1997;264
2193;1-1-1998;303
2194;2-1-1998;310
2195;3-1-1998;306
2196;4-1-1998;298
2197;5-1-1998;292
2198;6-1-1998;282
2199;7-1-1998;298
2200;8-1-1998;275
2201;9-1-1998;285
2202;10-1-1998;305
2203;11-1-1998;279
2204;12-1-1998;298
2205;13-1-1998;304
2206;14-1-1998;291
2207;15-1-1998;296
2208;16-1-1998;276
2209;17-1-1998;302
2210;18-1-1998;320
2211;19-1-1998;305
2212;20-1-1998;278
2213;21-1-1998;302
2214;22-1-1998;259
2215;23-1-1998;277
2216;24-1-1998;250
2217;25-1-1998;290
2218;26-1-1998;261
2219;27-1-1998;274
2220;28-1-1998;288
2221;29-1-1998;290
2222;30-1-1998;300
2223;31-1-1998;303
2224;1-2-1998;261
2225;2-2-1998;314
2226;3-2-1998;365
2227;4-2-1998;301
2228;5-2-1998;281
2229;6-2-1998;313
2230;7-2-1998;313
2231;8-2-1998;318
2232;9-2-1998;284
2233;10-2-1998;329
2234;11-2-1998;314
2235;12-2-1998;310
2236;13-2-1998;307
2237;14-2-1998;337
2238;15-2-1998;312
2239;16-2-1998;318
2240;17-2-1998;326
2241;18-2-1998;341
2242;19-2-1998;339
2243;20-2-1998;353
2244;21-2-1998;357
2245;22-2-1998;329
2246;23-2-1998;303
2247;24-2-1998;281
2248;25-2-1998;297
2249;26-2-1998;324
2250;27-2-1998;327
2251;28-2-1998;306
2252;1-3-1998;298
2253;2-3-1998;328
2254;3-3-1998;320
2255;4-3-1998;323
2256;5-3-1998;319
2257;6-3-1998;315
2258;7-3-1998;349
2259;8-3-1998;346
2260;9-3-1998;324
2261;10-3-1998;317
2262;11-3-1998;382
2263;12-3-1998;329
2264;13-3-1998;339
2265;14-3-1998;291
2266;15-3-1998;343
2267;16-3-1998;322
2268;17-3-1998;354
2269;18-3-1998;365
2270;19-3-1998;314
2271;20-3-1998;333
2272;21-3-1998;328
2273;22-3-1998;352
2274;23-3-1998;341
2275;24-3-1998;340
2276;25-3-1998;356
2277;26-3-1998;357
2278;27-3-1998;399
2279;28-3-1998;387
2280;29-3-1998;341
2281;30-3-1998;346
2282;31-3-1998;332
2283;1-4-1998;307
2284;2-4-1998;344
2285;3-4-1998;361
2286;4-4-1998;321
2287;5-4-1998;295
2288;6-4-1998;377
2289;7-4-1998;350
2290;8-4-1998;326
2291;9-4-1998;302
2292;10-4-1998;328
2293;11-4-1998;362
2294;12-4-1998;308
2295;13-4-1998;313
2296;14-4-1998;316
2297;15-4-1998;311
2298;16-4-1998;329
2299;17-4-1998;339
2300;18-4-1998;292
2301;19-4-1998;311
2302;20-4-1998;307
2303;21-4-1998;328
2304;22-4-1998;318
2305;23-4-1998;297
2306;24-4-1998;282
2307;25-4-1998;292
2308;26-4-1998;274
2309;27-4-1998;287
2310;28-4-1998;280
2311;29-4-1998;251
2312;30-4-1998;260
2313;1-5-1998;262
2314;2-5-1998;282
2315;3-5-1998;262
2316;4-5-1998;293
2317;5-5-1998;263
2318;6-5-1998;252
2319;7-5-1998;278
2320;8-5-1998;272
2321;9-5-1998;268
2322;10-5-1998;295
2323;11-5-1998;323
2324;12-5-1998;304
2325;13-5-1998;348
2326;14-5-1998;345
2327;15-5-1998;296
2328;16-5-1998;285
2329;17-5-1998;255
2330;18-5-1998;261
2331;19-5-1998;293
2332;20-5-1998;279
2333;21-5-1998;273
2334;22-5-1998;258
2335;23-5-1998;232
2336;24-5-1998;255
2337;25-5-1998;297
2338;26-5-1998;269
2339;27-5-1998;263
2340;28-5-1998;243
2341;29-5-1998;283
2342;30-5-1998;240
2343;31-5-1998;271
2344;1-6-1998;259
2345;2-6-1998;275
2346;3-6-1998;278
2347;4-6-1998;252
2348;5-6-1998;288
2349;6-6-1998;279
2350;7-6-1998;263
2351;8-6-1998;247
2352;9-6-1998;269
2353;10-6-1998;269
2354;11-6-1998;274
2355;12-6-1998;247
2356;13-6-1998;273
2357;14-6-1998;237
2358;15-6-1998;252
2359;16-6-1998;263
2360;17-6-1998;266
2361;18-6-1998;267
2362;19-6-1998;273
2363;20-6-1998;277
2364;21-6-1998;301
2365;22-6-1998;288
2366;23-6-1998;247
2367;24-6-1998;318
2368;25-6-1998;296
2369;26-6-1998;264
2370;27-6-1998;253
2371;28-6-1998;243
2372;29-6-1998;238
2373;30-6-1998;276
2374;1-7-1998;266
2375;2-7-1998;234
2376;3-7-1998;235
2377;4-7-1998;237
2378;5-7-1998;267
2379;6-7-1998;261
2380;7-7-1998;219
2381;8-7-1998;250
2382;9-7-1998;265
2383;10-7-1998;275
2384;11-7-1998;219
2385;12-7-1998;236
2386;13-7-1998;257
2387;14-7-1998;250
2388;15-7-1998;263
2389;16-7-1998;250
2390;17-7-1998;272
2391;18-7-1998;243
2392;19-7-1998;230
2393;20-7-1998;301
2394;21-7-1998;292
2395;22-7-1998;271
2396;23-7-1998;279
2397;24-7-1998;272
2398;25-7-1998;250
2399;26-7-1998;262
2400;27-7-1998;245
2401;28-7-1998;256
2402;29-7-1998;273
2403;30-7-1998;224
2404;31-7-1998;241
2405;1-8-1998;245
2406;2-8-1998;244
2407;3-8-1998;281
2408;4-8-1998;241
2409;5-8-1998;293
2410;6-8-1998;243
2411;7-8-1998;286
2412;8-8-1998;257
2413;9-8-1998;273
2414;10-8-1998;295
2415;11-8-1998;319
2416;12-8-1998;324
2417;13-8-1998;266
2418;14-8-1998;265
2419;15-8-1998;216
2420;16-8-1998;234
2421;17-8-1998;211
2422;18-8-1998;243
2423;19-8-1998;278
2424;20-8-1998;257
2425;21-8-1998;281
2426;22-8-1998;206
2427;23-8-1998;238
2428;24-8-1998;248
2429;25-8-1998;233
2430;26-8-1998;244
2431;27-8-1998;246
2432;28-8-1998;264
2433;29-8-1998;233
2434;30-8-1998;237
2435;31-8-1998;262
2436;1-9-1998;257
2437;2-9-1998;259
2438;3-9-1998;282
2439;4-9-1998;300
2440;5-9-1998;233
2441;6-9-1998;229
2442;7-9-1998;279
2443;8-9-1998;273
2444;9-9-1998;266
2445;10-9-1998;253
2446;11-9-1998;257
2447;12-9-1998;278
2448;13-9-1998;264
2449;14-9-1998;281
2450;15-9-1998;247
2451;16-9-1998;285
2452;17-9-1998;234
2453;18-9-1998;259
2454;19-9-1998;263
2455;20-9-1998;282
2456;21-9-1998;266
2457;22-9-1998;266
2458;23-9-1998;271
2459;24-9-1998;285
2460;25-9-1998;253
2461;26-9-1998;301
2462;27-9-1998;254
2463;28-9-1998;240
2464;29-9-1998;271
2465;30-9-1998;271
2466;1-10-1998;270
2467;2-10-1998;284
2468;3-10-1998;283
2469;4-10-1998;251
2470;5-10-1998;234
2471;6-10-1998;301
2472;7-10-1998;265
2473;8-10-1998;268
2474;9-10-1998;245
2475;10-10-1998;280
2476;11-10-1998;244
2477;12-10-1998;305
2478;13-10-1998;290
2479;14-10-1998;302
2480;15-10-1998;260
2481;16-10-1998;284
2482;17-10-1998;290
2483;18-10-1998;271
2484;19-10-1998;293
2485;20-10-1998;245
2486;21-10-1998;253
2487;22-10-1998;287
2488;23-10-1998;293
2489;24-10-1998;264
2490;25-10-1998;308
2491;26-10-1998;290
2492;27-10-1998;263
2493;28-10-1998;253
2494;29-10-1998;244
2495;30-10-1998;280
2496;31-10-1998;277
2497;1-11-1998;285
2498;2-11-1998;277
2499;3-11-1998;265
2500;4-11-1998;277
2501;5-11-1998;259
2502;6-11-1998;257
2503;7-11-1998;278
2504;8-11-1998;257
2505;9-11-1998;290
2506;10-11-1998;312
2507;11-11-1998;262
2508;12-11-1998;316
2509;13-11-1998;261
2510;14-11-1998;259
2511;15-11-1998;257
2512;16-11-1998;265
2513;17-11-1998;265
2514;18-11-1998;270
2515;19-11-1998;267
2516;20-11-1998;295
2517;21-11-1998;263
2518;22-11-1998;288
2519;23-11-1998;277
2520;24-11-1998;329
2521;25-11-1998;254
2522;26-11-1998;298
2523;27-11-1998;286
2524;28-11-1998;315
2525;29-11-1998;282
2526;30-11-1998;317
2527;1-12-1998;307
2528;2-12-1998;281
2529;3-12-1998;291
2530;4-12-1998;316
2531;5-12-1998;283
2532;6-12-1998;301
2533;7-12-1998;318
2534;8-12-1998;324
2535;9-12-1998;296
2536;10-12-1998;328
2537;11-12-1998;349
2538;12-12-1998;319
2539;13-12-1998;294
2540;14-12-1998;341
2541;15-12-1998;332
2542;16-12-1998;312
2543;17-12-1998;318
2544;18-12-1998;311
2545;19-12-1998;279
2546;20-12-1998;295
2547;21-12-1998;286
2548;22-12-1998;301
2549;23-12-1998;279
2550;24-12-1998;352
2551;25-12-1998;318
2552;26-12-1998;310
2553;27-12-1998;303
2554;28-12-1998;335
2555;29-12-1998;330
2556;30-12-1998;277
2557;31-12-1998;297
2558;1-1-1999;307
2559;2-1-1999;335
2560;3-1-1999;292
2561;4-1-1999;339
2562;5-1-1999;283
2563;6-1-1999;293
2564;7-1-1999;301
2565;8-1-1999;311
2566;9-1-1999;305
2567;10-1-1999;261
2568;11-1-1999;308
2569;12-1-1999;307
2570;13-1-1999;325
2571;14-1-1999;317
2572;15-1-1999;308
2573;16-1-1999;311
2574;17-1-1999;304
2575;18-1-1999;344
2576;19-1-1999;293
2577;20-1-1999;293
2578;21-1-1999;310
2579;22-1-1999;307
2580;23-1-1999;319
2581;24-1-1999;305
2582;25-1-1999;319
2583;26-1-1999;302
2584;27-1-1999;309
2585;28-1-1999;286
2586;29-1-1999;316
2587;30-1-1999;285
2588;31-1-1999;294
2589;1-2-1999;319
2590;2-2-1999;293
2591;3-2-1999;320
2592;4-2-1999;350
2593;5-2-1999;310
2594;6-2-1999;312
2595;7-2-1999;314
2596;8-2-1999;317
2597;9-2-1999;310
2598;10-2-1999;298
2599;11-2-1999;289
2600;12-2-1999;332
2601;13-2-1999;299
2602;14-2-1999;290
2603;15-2-1999;329
2604;16-2-1999;329
2605;17-2-1999;364
2606;18-2-1999;356
2607;19-2-1999;326
2608;20-2-1999;344
2609;21-2-1999;356
2610;22-2-1999;336
2611;23-2-1999;326
2612;24-2-1999;330
2613;25-2-1999;361
2614;26-2-1999;340
2615;27-2-1999;372
2616;28-2-1999;350
2617;1-3-1999;346
2618;2-3-1999;347
2619;3-3-1999;318
2620;4-3-1999;350
2621;5-3-1999;339
2622;6-3-1999;322
2623;7-3-1999;297
2624;8-3-1999;315
2625;9-3-1999;353
2626;10-3-1999;350
2627;11-3-1999;356
2628;12-3-1999;294
2629;13-3-1999;335
2630;14-3-1999;307
2631;15-3-1999;285
2632;16-3-1999;332
2633;17-3-1999;330
2634;18-3-1999;314
2635;19-3-1999;312
2636;20-3-1999;314
2637;21-3-1999;364
2638;22-3-1999;318
2639;23-3-1999;313
2640;24-3-1999;323
2641;25-3-1999;338
2642;26-3-1999;322
2643;27-3-1999;300
2644;28-3-1999;254
2645;29-3-1999;310
2646;30-3-1999;320
2647;31-3-1999;318
2648;1-4-1999;319
2649;2-4-1999;309
2650;3-4-1999;295
2651;4-4-1999;313
2652;5-4-1999;285
2653;6-4-1999;320
2654;7-4-1999;281
2655;8-4-1999;293
2656;9-4-1999;275
2657;10-4-1999;298
2658;11-4-1999;293
2659;12-4-1999;312
2660;13-4-1999;279
2661;14-4-1999;269
2662;15-4-1999;276
2663;16-4-1999;261
2664;17-4-1999;266
2665;18-4-1999;252
2666;19-4-1999;291
2667;20-4-1999;269
2668;21-4-1999;285
2669;22-4-1999;272
2670;23-4-1999;265
2671;24-4-1999;270
2672;25-4-1999;243
2673;26-4-1999;290
2674;27-4-1999;278
2675;28-4-1999;261
2676;29-4-1999;305
2677;30-4-1999;286
2678;1-5-1999;266
2679;2-5-1999;263
2680;3-5-1999;278
2681;4-5-1999;274
2682;5-5-1999;260
2683;6-5-1999;270
2684;7-5-1999;286
2685;8-5-1999;294
2686;9-5-1999;254
2687;10-5-1999;272
2688;11-5-1999;258
2689;12-5-1999;235
2690;13-5-1999;256
2691;14-5-1999;257
2692;15-5-1999;290
2693;16-5-1999;245
2694;17-5-1999;271
2695;18-5-1999;284
2696;19-5-1999;266
2697;20-5-1999;249
2698;21-5-1999;279
2699;22-5-1999;270
2700;23-5-1999;234
2701;24-5-1999;248
2702;25-5-1999;296
2703;26-5-1999;251
2704;27-5-1999;292
2705;28-5-1999;291
2706;29-5-1999;291
2707;30-5-1999;325
2708;31-5-1999;272
2709;1-6-1999;275
2710;2-6-1999;281
2711;3-6-1999;272
2712;4-6-1999;274
2713;5-6-1999;252
2714;6-6-1999;252
2715;7-6-1999;239
2716;8-6-1999;282
2717;9-6-1999;274
2718;10-6-1999;261
2719;11-6-1999;215
2720;12-6-1999;267
2721;13-6-1999;275
2722;14-6-1999;281
2723;15-6-1999;265
2724;16-6-1999;296
2725;17-6-1999;256
2726;18-6-1999;259
2727;19-6-1999;263
2728;20-6-1999;255
2729;21-6-1999;249
2730;22-6-1999;225
2731;23-6-1999;260
2732;24-6-1999;264
2733;25-6-1999;257
2734;26-6-1999;291
2735;27-6-1999;295
2736;28-6-1999;233
2737;29-6-1999;261
2738;30-6-1999;277
2739;1-7-1999;261
2740;2-7-1999;259
2741;3-7-1999;288
2742;4-7-1999;263
2743;5-7-1999;248
2744;6-7-1999;241
2745;7-7-1999;241
2746;8-7-1999;260
2747;9-7-1999;256
2748;10-7-1999;278
2749;11-7-1999;247
2750;12-7-1999;314
2751;13-7-1999;298
2752;14-7-1999;281
2753;15-7-1999;265
2754;16-7-1999;241
2755;17-7-1999;258
2756;18-7-1999;303
2757;19-7-1999;358
2758;20-7-1999;291
2759;21-7-1999;245
2760;22-7-1999;236
2761;23-7-1999;258
2762;24-7-1999;271
2763;25-7-1999;240
2764;26-7-1999;238
2765;27-7-1999;239
2766;28-7-1999;270
2767;29-7-1999;290
2768;30-7-1999;285
2769;31-7-1999;303
2770;1-8-1999;288
2771;2-8-1999;285
2772;3-8-1999;293
2773;4-8-1999;291
2774;5-8-1999;295
2775;6-8-1999;291
2776;7-8-1999;284
2777;8-8-1999;290
2778;9-8-1999;269
2779;10-8-1999;280
2780;11-8-1999;239
2781;12-8-1999;239
2782;13-8-1999;277
2783;14-8-1999;267
2784;15-8-1999;260
2785;16-8-1999;267
2786;17-8-1999;254
2787;18-8-1999;243
2788;19-8-1999;266
2789;20-8-1999;229
2790;21-8-1999;239
2791;22-8-1999;254
2792;23-8-1999;242
2793;24-8-1999;236
2794;25-8-1999;291
2795;26-8-1999;269
2796;27-8-1999;272
2797;28-8-1999;263
2798;29-8-1999;248
2799;30-8-1999;268
2800;31-8-1999;283
2801;1-9-1999;263
2802;2-9-1999;261
2803;3-9-1999;249
2804;4-9-1999;265
2805;5-9-1999;297
2806;6-9-1999;229
2807;7-9-1999;271
2808;8-9-1999;279
2809;9-9-1999;270
2810;10-9-1999;269
2811;11-9-1999;254
2812;12-9-1999;257
2813;13-9-1999;267
2814;14-9-1999;273
2815;15-9-1999;255
2816;16-9-1999;251
2817;17-9-1999;235
2818;18-9-1999;252
2819;19-9-1999;223
2820;20-9-1999;236
2821;21-9-1999;267
2822;22-9-1999;266
2823;23-9-1999;258
2824;24-9-1999;268
2825;25-9-1999;280
2826;26-9-1999;274
2827;27-9-1999;225
2828;28-9-1999;240
2829;29-9-1999;245
2830;30-9-1999;260
2831;1-10-1999;263
2832;2-10-1999;273
2833;3-10-1999;249
2834;4-10-1999;282
2835;5-10-1999;254
2836;6-10-1999;293
2837;7-10-1999;296
2838;8-10-1999;272
2839;9-10-1999;273
2840;10-10-1999;276
2841;11-10-1999;255
2842;12-10-1999;271
2843;13-10-1999;277
2844;14-10-1999;247
2845;15-10-1999;269
2846;16-10-1999;294
2847;17-10-1999;259
2848;18-10-1999;281
2849;19-10-1999;279
2850;20-10-1999;297
2851;21-10-1999;297
2852;22-10-1999;306
2853;23-10-1999;283
2854;24-10-1999;277
2855;25-10-1999;298
2856;26-10-1999;282
2857;27-10-1999;302
2858;28-10-1999;288
2859;29-10-1999;293
2860;30-10-1999;280
2861;31-10-1999;268
2862;1-11-1999;284
2863;2-11-1999;265
2864;3-11-1999;270
2865;4-11-1999;290
2866;5-11-1999;272
2867;6-11-1999;273
2868;7-11-1999;257
2869;8-11-1999;285
2870;9-11-1999;266
2871;10-11-1999;283
2872;11-11-1999;295
2873;12-11-1999;293
2874;13-11-1999;272
2875;14-11-1999;283
2876;15-11-1999;274
2877;16-11-1999;283
2878;17-11-1999;267
2879;18-11-1999;310
2880;19-11-1999;260
2881;20-11-1999;290
2882;21-11-1999;264
2883;22-11-1999;317
2884;23-11-1999;311
2885;24-11-1999;295
2886;25-11-1999;267
2887;26-11-1999;323
2888;27-11-1999;291
2889;28-11-1999;234
2890;29-11-1999;268
2891;30-11-1999;295
2892;1-12-1999;282
2893;2-12-1999;308
2894;3-12-1999;278
2895;4-12-1999;285
2896;5-12-1999;276
2897;6-12-1999;274
2898;7-12-1999;324
2899;8-12-1999;295
2900;9-12-1999;312
2901;10-12-1999;295
2902;11-12-1999;285
2903;12-12-1999;309
2904;13-12-1999;296
2905;14-12-1999;309
2906;15-12-1999;278
2907;16-12-1999;293
2908;17-12-1999;338
2909;18-12-1999;311
2910;19-12-1999;298
2911;20-12-1999;336
2912;21-12-1999;347
2913;22-12-1999;326
2914;23-12-1999;340
2915;24-12-1999;368
2916;25-12-1999;423
2917;26-12-1999;385
2918;27-12-1999;357
2919;28-12-1999;394
2920;29-12-1999;395
2921;30-12-1999;385
2922;31-12-1999;372
2923;1-1-2000;424
2924;2-1-2000;404
2925;3-1-2000;424
2926;4-1-2000;413
2927;5-1-2000;388
2928;6-1-2000;439
2929;7-1-2000;397
2930;8-1-2000;381
2931;9-1-2000;372
2932;10-1-2000;416
2933;11-1-2000;416
2934;12-1-2000;407
2935;13-1-2000;378
2936;14-1-2000;404
2937;15-1-2000;367
2938;16-1-2000;373
2939;17-1-2000;407
2940;18-1-2000;410
2941;19-1-2000;377
2942;20-1-2000;345
2943;21-1-2000;372
2944;22-1-2000;360
2945;23-1-2000;369
2946;24-1-2000;390
2947;25-1-2000;389
2948;26-1-2000;334
2949;27-1-2000;404
2950;28-1-2000;353
2951;29-1-2000;390
2952;30-1-2000;373
2953;31-1-2000;334
2954;1-2-2000;373
2955;2-2-2000;369
2956;3-2-2000;316
2957;4-2-2000;355
2958;5-2-2000;313
2959;6-2-2000;343
2960;7-2-2000;319
2961;8-2-2000;332
2962;9-2-2000;302
2963;10-2-2000;327
2964;11-2-2000;316
2965;12-2-2000;311
2966;13-2-2000;294
2967;14-2-2000;330
2968;15-2-2000;321
2969;16-2-2000;315
2970;17-2-2000;312
2971;18-2-2000;303
2972;19-2-2000;304
2973;20-2-2000;283
2974;21-2-2000;295
2975;22-2-2000;311
2976;23-2-2000;292
2977;24-2-2000;306
2978;25-2-2000;282
2979;26-2-2000;313
2980;27-2-2000;328
2981;28-2-2000;314
2982;29-2-2000;293
2983;1-3-2000;301
2984;2-3-2000;324
2985;3-3-2000;304
2986;4-3-2000;259
2987;5-3-2000;260
2988;6-3-2000;278
2989;7-3-2000;289
2990;8-3-2000;274
2991;9-3-2000;302
2992;10-3-2000;320
2993;11-3-2000;298
2994;12-3-2000;268
2995;13-3-2000;285
2996;14-3-2000;302
2997;15-3-2000;318
2998;16-3-2000;246
2999;17-3-2000;320
3000;18-3-2000;270
3001;19-3-2000;271
3002;20-3-2000;303
3003;21-3-2000;268
3004;22-3-2000;293
3005;23-3-2000;248
3006;24-3-2000;314
3007;25-3-2000;260
3008;26-3-2000;245
3009;27-3-2000;267
3010;28-3-2000;279
3011;29-3-2000;269
3012;30-3-2000;295
3013;31-3-2000;259
3014;1-4-2000;279
3015;2-4-2000;246
3016;3-4-2000;284
3017;4-4-2000;291
3018;5-4-2000;282
3019;6-4-2000;283
3020;7-4-2000;283
3021;8-4-2000;256
3022;9-4-2000;294
3023;10-4-2000;267
3024;11-4-2000;290
3025;12-4-2000;272
3026;13-4-2000;299
3027;14-4-2000;310
3028;15-4-2000;271
3029;16-4-2000;293
3030;17-4-2000;282
3031;18-4-2000;284
3032;19-4-2000;286
3033;20-4-2000;274
3034;21-4-2000;269
3035;22-4-2000;268
3036;23-4-2000;289
3037;24-4-2000;289
3038;25-4-2000;284
3039;26-4-2000;299
3040;27-4-2000;263
3041;28-4-2000;307
3042;29-4-2000;278
3043;30-4-2000;246
3044;1-5-2000;255
3045;2-5-2000;254
3046;3-5-2000;279
3047;4-5-2000;277
3048;5-5-2000;279
3049;6-5-2000;299
3050;7-5-2000;264
3051;8-5-2000;302
3052;9-5-2000;282
3053;10-5-2000;296
3054;11-5-2000;295
3055;12-5-2000;257
3056;13-5-2000;252
3057;14-5-2000;269
3058;15-5-2000;274
3059;16-5-2000;308
3060;17-5-2000;257
3061;18-5-2000;261
3062;19-5-2000;235
3063;20-5-2000;238
3064;21-5-2000;261
3065;22-5-2000;268
3066;23-5-2000;246
3067;24-5-2000;233
3068;25-5-2000;269
3069;26-5-2000;259
3070;27-5-2000;257
3071;28-5-2000;257
3072;29-5-2000;233
3073;30-5-2000;246
3074;31-5-2000;286
3075;1-6-2000;275
3076;2-6-2000;277
3077;3-6-2000;257
3078;4-6-2000;290
3079;5-6-2000;276
3080;6-6-2000;258
3081;7-6-2000;267
3082;8-6-2000;290
3083;9-6-2000;309
3084;10-6-2000;270
3085;11-6-2000;267
3086;12-6-2000;236
3087;13-6-2000;278
3088;14-6-2000;267
3089;15-6-2000;262
3090;16-6-2000;244
3091;17-6-2000;252
3092;18-6-2000;260
3093;19-6-2000;302
3094;20-6-2000;334
3095;21-6-2000;304
3096;22-6-2000;292
3097;23-6-2000;280
3098;24-6-2000;269
3099;25-6-2000;245
3100;26-6-2000;269
3101;27-6-2000;267
3102;28-6-2000;271
3103;29-6-2000;276
3104;30-6-2000;253
3105;1-7-2000;296
3106;2-7-2000;287
3107;3-7-2000;298
3108;4-7-2000;289
3109;5-7-2000;250
3110;6-7-2000;308
3111;7-7-2000;287
3112;8-7-2000;222
3113;9-7-2000;268
3114;10-7-2000;276
3115;11-7-2000;236
3116;12-7-2000;275
3117;13-7-2000;294
3118;14-7-2000;235
3119;15-7-2000;254
3120;16-7-2000;224
3121;17-7-2000;271
3122;18-7-2000;269
3123;19-7-2000;246
3124;20-7-2000;266
3125;21-7-2000;233
3126;22-7-2000;243
3127;23-7-2000;253
3128;24-7-2000;277
3129;25-7-2000;267
3130;26-7-2000;272
3131;27-7-2000;256
3132;28-7-2000;281
3133;29-7-2000;279
3134;30-7-2000;269
3135;31-7-2000;259
3136;1-8-2000;273
3137;2-8-2000;261
3138;3-8-2000;283
3139;4-8-2000;275
3140;5-8-2000;239
3141;6-8-2000;281
3142;7-8-2000;250
3143;8-8-2000;271
3144;9-8-2000;269
3145;10-8-2000;309
3146;11-8-2000;287
3147;12-8-2000;254
3148;13-8-2000;287
3149;14-8-2000;280
3150;15-8-2000;275
3151;16-8-2000;296
3152;17-8-2000;271
3153;18-8-2000;222
3154;19-8-2000;299
3155;20-8-2000;261
3156;21-8-2000;270
3157;22-8-2000;272
3158;23-8-2000;253
3159;24-8-2000;248
3160;25-8-2000;260
3161;26-8-2000;277
3162;27-8-2000;266
3163;28-8-2000;229
3164;29-8-2000;243
3165;30-8-2000;244
3166;31-8-2000;250
3167;1-9-2000;260
3168;2-9-2000;219
3169;3-9-2000;226
3170;4-9-2000;240
3171;5-9-2000;272
3172;6-9-2000;251
3173;7-9-2000;242
3174;8-9-2000;258
3175;9-9-2000;277
3176;10-9-2000;271
3177;11-9-2000;263
3178;12-9-2000;285
3179;13-9-2000;219
3180;14-9-2000;224
3181;15-9-2000;260
3182;16-9-2000;235
3183;17-9-2000;258
3184;18-9-2000;228
3185;19-9-2000;243
3186;20-9-2000;262
3187;21-9-2000;245
3188;22-9-2000;275
3189;23-9-2000;305
3190;24-9-2000;282
3191;25-9-2000;268
3192;26-9-2000;270
3193;27-9-2000;274
3194;28-9-2000;280
3195;29-9-2000;268
3196;30-9-2000;275
3197;1-10-2000;256
3198;2-10-2000;249
3199;3-10-2000;283
3200;4-10-2000;252
3201;5-10-2000;283
3202;6-10-2000;246
3203;7-10-2000;254
3204;8-10-2000;285
3205;9-10-2000;320
3206;10-10-2000;269
3207;11-10-2000;286
3208;12-10-2000;262
3209;13-10-2000;278
3210;14-10-2000;282
3211;15-10-2000;264
3212;16-10-2000;258
3213;17-10-2000;258
3214;18-10-2000;235
3215;19-10-2000;282
3216;20-10-2000;271
3217;21-10-2000;245
3218;22-10-2000;277
3219;23-10-2000;274
3220;24-10-2000;265
3221;25-10-2000;272
3222;26-10-2000;259
3223;27-10-2000;277
3224;28-10-2000;273
3225;29-10-2000;269
3226;30-10-2000;285
3227;31-10-2000;298
3228;1-11-2000;273
3229;2-11-2000;279
3230;3-11-2000;292
3231;4-11-2000;285
3232;5-11-2000;254
3233;6-11-2000;312
3234;7-11-2000;309
3235;8-11-2000;286
3236;9-11-2000;271
3237;10-11-2000;288
3238;11-11-2000;310
3239;12-11-2000;296
3240;13-11-2000;318
3241;14-11-2000;272
3242;15-11-2000;276
3243;16-11-2000;308
3244;17-11-2000;259
3245;18-11-2000;309
3246;19-11-2000;279
3247;20-11-2000;270
3248;21-11-2000;292
3249;22-11-2000;291
3250;23-11-2000;291
3251;24-11-2000;295
3252;25-11-2000;251
3253;26-11-2000;274
3254;27-11-2000;294
3255;28-11-2000;309
3256;29-11-2000;277
3257;30-11-2000;307
3258;1-12-2000;287
3259;2-12-2000;272
3260;3-12-2000;285
3261;4-12-2000;249
3262;5-12-2000;282
3263;6-12-2000;299
3264;7-12-2000;265
3265;8-12-2000;281
3266;9-12-2000;269
3267;10-12-2000;266
3268;11-12-2000;301
3269;12-12-2000;292
3270;13-12-2000;251
3271;14-12-2000;258
3272;15-12-2000;278
3273;16-12-2000;266
3274;17-12-2000;279
3275;18-12-2000;275
3276;19-12-2000;284
3277;20-12-2000;264
3278;21-12-2000;304
3279;22-12-2000;319
3280;23-12-2000;282
3281;24-12-2000;278
3282;25-12-2000;292
3283;26-12-2000;318
3284;27-12-2000;323
3285;28-12-2000;303
3286;29-12-2000;306
3287;30-12-2000;300
3288;31-12-2000;335
3289;1-1-2001;337
3290;2-1-2001;334
3291;3-1-2001;350
3292;4-1-2001;287
3293;5-1-2001;327
3294;6-1-2001;335
3295;7-1-2001;312
3296;8-1-2001;306
3297;9-1-2001;360
3298;10-1-2001;291
3299;11-1-2001;340
3300;12-1-2001;315
3301;13-1-2001;331
3302;14-1-2001;301
3303;15-1-2001;312
3304;16-1-2001;322
3305;17-1-2001;334
3306;18-1-2001;344
3307;19-1-2001;339
3308;20-1-2001;320
3309;21-1-2001;329
3310;22-1-2001;333
3311;23-1-2001;325
3312;24-1-2001;341
3313;25-1-2001;339
3314;26-1-2001;316
3315;27-1-2001;331
3316;28-1-2001;317
3317;29-1-2001;281
3318;30-1-2001;350
3319;31-1-2001;349
3320;1-2-2001;315
3321;2-2-2001;286
3322;3-2-2001;327
3323;4-2-2001;333
3324;5-2-2001;298
3325;6-2-2001;339
3326;7-2-2001;332
3327;8-2-2001;341
3328;9-2-2001;305
3329;10-2-2001;311
3330;11-2-2001;313
3331;12-2-2001;300
3332;13-2-2001;308
3333;14-2-2001;262
3334;15-2-2001;290
3335;16-2-2001;311
3336;17-2-2001;293
3337;18-2-2001;291
3338;19-2-2001;304
3339;20-2-2001;273
3340;21-2-2001;306
3341;22-2-2001;273
3342;23-2-2001;291
3343;24-2-2001;304
3344;25-2-2001;237
3345;26-2-2001;299
3346;27-2-2001;301
3347;28-2-2001;322
3348;1-3-2001;303
3349;2-3-2001;324
3350;3-3-2001;307
3351;4-3-2001;278
3352;5-3-2001;275
3353;6-3-2001;301
3354;7-3-2001;309
3355;8-3-2001;338
3356;9-3-2001;307
3357;10-3-2001;326
3358;11-3-2001;321
3359;12-3-2001;301
3360;13-3-2001;283
3361;14-3-2001;277
3362;15-3-2001;302
3363;16-3-2001;294
3364;17-3-2001;294
3365;18-3-2001;265
3366;19-3-2001;261
3367;20-3-2001;260
3368;21-3-2001;303
3369;22-3-2001;277
3370;23-3-2001;305
3371;24-3-2001;321
3372;25-3-2001;233
3373;26-3-2001;306
3374;27-3-2001;304
3375;28-3-2001;269
3376;29-3-2001;291
3377;30-3-2001;309
3378;31-3-2001;272
3379;1-4-2001;299
3380;2-4-2001;329
3381;3-4-2001;313
3382;4-4-2001;271
3383;5-4-2001;300
3384;6-4-2001;322
3385;7-4-2001;290
3386;8-4-2001;282
3387;9-4-2001;288
3388;10-4-2001;259
3389;11-4-2001;276
3390;12-4-2001;287
3391;13-4-2001;250
3392;14-4-2001;285
3393;15-4-2001;247
3394;16-4-2001;257
3395;17-4-2001;300
3396;18-4-2001;282
3397;19-4-2001;268
3398;20-4-2001;327
3399;21-4-2001;284
3400;22-4-2001;268
3401;23-4-2001;291
3402;24-4-2001;277
3403;25-4-2001;293
3404;26-4-2001;309
3405;27-4-2001;270
3406;28-4-2001;265
3407;29-4-2001;284
3408;30-4-2001;291
3409;1-5-2001;267
3410;2-5-2001;303
3411;3-5-2001;295
3412;4-5-2001;282
3413;5-5-2001;298
3414;6-5-2001;285
3415;7-5-2001;267
3416;8-5-2001;310
3417;9-5-2001;285
3418;10-5-2001;329
3419;11-5-2001;285
3420;12-5-2001;322
3421;13-5-2001;298
3422;14-5-2001;303
3423;15-5-2001;298
3424;16-5-2001;267
3425;17-5-2001;295
3426;18-5-2001;264
3427;19-5-2001;278
3428;20-5-2001;224
3429;21-5-2001;268
3430;22-5-2001;270
3431;23-5-2001;251
3432;24-5-2001;297
3433;25-5-2001;289
3434;26-5-2001;269
3435;27-5-2001;279
3436;28-5-2001;320
3437;29-5-2001;296
3438;30-5-2001;301
3439;31-5-2001;279
3440;1-6-2001;276
3441;2-6-2001;278
3442;3-6-2001;258
3443;4-6-2001;254
3444;5-6-2001;261
3445;6-6-2001;289
3446;7-6-2001;264
3447;8-6-2001;267
3448;9-6-2001;280
3449;10-6-2001;277
3450;11-6-2001;245
3451;12-6-2001;269
3452;13-6-2001;262
3453;14-6-2001;308
3454;15-6-2001;297
3455;16-6-2001;304
3456;17-6-2001;274
3457;18-6-2001;248
3458;19-6-2001;299
3459;20-6-2001;261
3460;21-6-2001;314
3461;22-6-2001;284
3462;23-6-2001;284
3463;24-6-2001;246
3464;25-6-2001;256
3465;26-6-2001;293
3466;27-6-2001;311
3467;28-6-2001;271
3468;29-6-2001;296
3469;30-6-2001;276
3470;1-7-2001;275
3471;2-7-2001;298
3472;3-7-2001;269
3473;4-7-2001;283
3474;5-7-2001;311
3475;6-7-2001;330
3476;7-7-2001;281
3477;8-7-2001;236
3478;9-7-2001;246
3479;10-7-2001;276
3480;11-7-2001;233
3481;12-7-2001;232
3482;13-7-2001;271
3483;14-7-2001;257
3484;15-7-2001;233
3485;16-7-2001;242
3486;17-7-2001;235
3487;18-7-2001;262
3488;19-7-2001;265
3489;20-7-2001;271
3490;21-7-2001;252
3491;22-7-2001;276
3492;23-7-2001;262
3493;24-7-2001;259
3494;25-7-2001;277
3495;26-7-2001;251
3496;27-7-2001;280
3497;28-7-2001;297
3498;29-7-2001;269
3499;30-7-2001;293
3500;31-7-2001;281
3501;1-8-2001;232
3502;2-8-2001;273
3503;3-8-2001;295
3504;4-8-2001;268
3505;5-8-2001;265
3506;6-8-2001;250
3507;7-8-2001;237
3508;8-8-2001;260
3509;9-8-2001;253
3510;10-8-2001;235
3511;11-8-2001;224
3512;12-8-2001;238
3513;13-8-2001;250
3514;14-8-2001;285
3515;15-8-2001;288
3516;16-8-2001;286
3517;17-8-2001;272
3518;18-8-2001;280
3519;19-8-2001;268
3520;20-8-2001;252
3521;21-8-2001;264
3522;22-8-2001;278
3523;23-8-2001;270
3524;24-8-2001;295
3525;25-8-2001;331
3526;26-8-2001;278
3527;27-8-2001;278
3528;28-8-2001;273
3529;29-8-2001;279
3530;30-8-2001;254
3531;31-8-2001;269
3532;1-9-2001;253
3533;2-9-2001;248
3534;3-9-2001;246
3535;4-9-2001;256
3536;5-9-2001;245
3537;6-9-2001;224
3538;7-9-2001;230
3539;8-9-2001;261
3540;9-9-2001;270
3541;10-9-2001;273
3542;11-9-2001;236
3543;12-9-2001;248
3544;13-9-2001;254
3545;14-9-2001;249
3546;15-9-2001;236
3547;16-9-2001;227
3548;17-9-2001;258
3549;18-9-2001;255
3550;19-9-2001;244
3551;20-9-2001;290
3552;21-9-2001;267
3553;22-9-2001;270
3554;23-9-2001;261
3555;24-9-2001;252
3556;25-9-2001;293
3557;26-9-2001;296
3558;27-9-2001;256
3559;28-9-2001;287
3560;29-9-2001;285
3561;30-9-2001;270
3562;1-10-2001;268
3563;2-10-2001;278
3564;3-10-2001;268
3565;4-10-2001;267
3566;5-10-2001;244
3567;6-10-2001;280
3568;7-10-2001;236
3569;8-10-2001;218
3570;9-10-2001;292
3571;10-10-2001;267
3572;11-10-2001;255
3573;12-10-2001;279
3574;13-10-2001;266
3575;14-10-2001;288
3576;15-10-2001;251
3577;16-10-2001;236
3578;17-10-2001;237
3579;18-10-2001;256
3580;19-10-2001;277
3581;20-10-2001;268
3582;21-10-2001;240
3583;22-10-2001;259
3584;23-10-2001;280
3585;24-10-2001;224
3586;25-10-2001;243
3587;26-10-2001;258
3588;27-10-2001;238
3589;28-10-2001;217
3590;29-10-2001;280
3591;30-10-2001;265
3592;31-10-2001;240
3593;1-11-2001;246
3594;2-11-2001;250
3595;3-11-2001;255
3596;4-11-2001;252
3597;5-11-2001;284
3598;6-11-2001;265
3599;7-11-2001;243
3600;8-11-2001;284
3601;9-11-2001;259
3602;10-11-2001;272
3603;11-11-2001;281
3604;12-11-2001;291
3605;13-11-2001;298
3606;14-11-2001;256
3607;15-11-2001;261
3608;16-11-2001;266
3609;17-11-2001;267
3610;18-11-2001;303
3611;19-11-2001;271
3612;20-11-2001;292
3613;21-11-2001;299
3614;22-11-2001;310
3615;23-11-2001;276
3616;24-11-2001;292
3617;25-11-2001;285
3618;26-11-2001;283
3619;27-11-2001;275
3620;28-11-2001;275
3621;29-11-2001;280
3622;30-11-2001;298
3623;1-12-2001;304
3624;2-12-2001;263
3625;3-12-2001;264
3626;4-12-2001;279
3627;5-12-2001;257
3628;6-12-2001;283
3629;7-12-2001;283
3630;8-12-2001;287
3631;9-12-2001;251
3632;10-12-2001;268
3633;11-12-2001;311
3634;12-12-2001;274
3635;13-12-2001;273
3636;14-12-2001;316
3637;15-12-2001;352
3638;16-12-2001;293
3639;17-12-2001;289
3640;18-12-2001;301
3641;19-12-2001;359
3642;20-12-2001;313
3643;21-12-2001;320
3644;22-12-2001;329
3645;23-12-2001;298
3646;24-12-2001;330
3647;25-12-2001;353
3648;26-12-2001;332
3649;27-12-2001;340
3650;28-12-2001;334
3651;29-12-2001;322
3652;30-12-2001;347
3653;31-12-2001;353
3654;1-1-2002;328
3655;2-1-2002;283
3656;3-1-2002;415
3657;4-1-2002;362
3658;5-1-2002;362
3659;6-1-2002;329
3660;7-1-2002;378
3661;8-1-2002;345
3662;9-1-2002;321
3663;10-1-2002;357
3664;11-1-2002;369
3665;12-1-2002;342
3666;13-1-2002;372
3667;14-1-2002;350
3668;15-1-2002;370
3669;16-1-2002;375
3670;17-1-2002;366
3671;18-1-2002;349
3672;19-1-2002;361
3673;20-1-2002;371
3674;21-1-2002;371
3675;22-1-2002;407
3676;23-1-2002;369
3677;24-1-2002;379
3678;25-1-2002;372
3679;26-1-2002;340
3680;27-1-2002;335
3681;28-1-2002;347
3682;29-1-2002;343
3683;30-1-2002;371
3684;31-1-2002;367
3685;1-2-2002;341
3686;2-2-2002;348
3687;3-2-2002;356
3688;4-2-2002;347
3689;5-2-2002;387
3690;6-2-2002;349
3691;7-2-2002;306
3692;8-2-2002;352
3693;9-2-2002;331
3694;10-2-2002;297
3695;11-2-2002;322
3696;12-2-2002;351
3697;13-2-2002;331
3698;14-2-2002;316
3699;15-2-2002;293
3700;16-2-2002;278
3701;17-2-2002;282
3702;18-2-2002;320
3703;19-2-2002;326
3704;20-2-2002;293
3705;21-2-2002;323
3706;22-2-2002;304
3707;23-2-2002;302
3708;24-2-2002;311
3709;25-2-2002;349
3710;26-2-2002;302
3711;27-2-2002;250
3712;28-2-2002;298
3713;1-3-2002;292
3714;2-3-2002;289
3715;3-3-2002;306
3716;4-3-2002;345
3717;5-3-2002;307
3718;6-3-2002;345
3719;7-3-2002;294
3720;8-3-2002;301
3721;9-3-2002;287
3722;10-3-2002;277
3723;11-3-2002;299
3724;12-3-2002;296
3725;13-3-2002;307
3726;14-3-2002;304
3727;15-3-2002;307
3728;16-3-2002;288
3729;17-3-2002;303
3730;18-3-2002;281
3731;19-3-2002;302
3732;20-3-2002;282
3733;21-3-2002;291
3734;22-3-2002;310
3735;23-3-2002;295
3736;24-3-2002;259
3737;25-3-2002;277
3738;26-3-2002;289
3739;27-3-2002;281
3740;28-3-2002;300
3741;29-3-2002;299
3742;30-3-2002;270
3743;31-3-2002;290
3744;1-4-2002;290
3745;2-4-2002;308
3746;3-4-2002;295
3747;4-4-2002;305
3748;5-4-2002;318
3749;6-4-2002;292
3750;7-4-2002;282
3751;8-4-2002;290
3752;9-4-2002;278
3753;10-4-2002;313
3754;11-4-2002;297
3755;12-4-2002;292
3756;13-4-2002;267
3757;14-4-2002;288
3758;15-4-2002;303
3759;16-4-2002;300
3760;17-4-2002;267
3761;18-4-2002;292
3762;19-4-2002;307
3763;20-4-2002;261
3764;21-4-2002;304
3765;22-4-2002;329
3766;23-4-2002;323
3767;24-4-2002;312
3768;25-4-2002;286
3769;26-4-2002;259
3770;27-4-2002;281
3771;28-4-2002;251
3772;29-4-2002;264
3773;30-4-2002;286
3774;1-5-2002;276
3775;2-5-2002;272
3776;3-5-2002;265
3777;4-5-2002;261
3778;5-5-2002;268
3779;6-5-2002;272
3780;7-5-2002;276
3781;8-5-2002;266
3782;9-5-2002;267
3783;10-5-2002;281
3784;11-5-2002;270
3785;12-5-2002;251
3786;13-5-2002;282
3787;14-5-2002;300
3788;15-5-2002;292
3789;16-5-2002;295
3790;17-5-2002;274
3791;18-5-2002;292
3792;19-5-2002;263
3793;20-5-2002;268
3794;21-5-2002;307
3795;22-5-2002;267
3796;23-5-2002;249
3797;24-5-2002;269
3798;25-5-2002;253
3799;26-5-2002;264
3800;27-5-2002;262
3801;28-5-2002;264
3802;29-5-2002;273
3803;30-5-2002;273
3804;31-5-2002;290
3805;1-6-2002;247
3806;2-6-2002;257
3807;3-6-2002;289
3808;4-6-2002;325
3809;5-6-2002;283
3810;6-6-2002;263
3811;7-6-2002;249
3812;8-6-2002;281
3813;9-6-2002;262
3814;10-6-2002;250
3815;11-6-2002;255
3816;12-6-2002;271
3817;13-6-2002;254
3818;14-6-2002;281
3819;15-6-2002;288
3820;16-6-2002;279
3821;17-6-2002;263
3822;18-6-2002;314
3823;19-6-2002;290
3824;20-6-2002;294
3825;21-6-2002;248
3826;22-6-2002;282
3827;23-6-2002;231
3828;24-6-2002;288
3829;25-6-2002;258
3830;26-6-2002;271
3831;27-6-2002;268
3832;28-6-2002;220
3833;29-6-2002;278
3834;30-6-2002;241
3835;1-7-2002;264
3836;2-7-2002;283
3837;3-7-2002;256
3838;4-7-2002;273
3839;5-7-2002;250
3840;6-7-2002;260
3841;7-7-2002;256
3842;8-7-2002;269
3843;9-7-2002;271
3844;10-7-2002;277
3845;11-7-2002;265
3846;12-7-2002;284
3847;13-7-2002;260
3848;14-7-2002;237
3849;15-7-2002;245
3850;16-7-2002;266
3851;17-7-2002;295
3852;18-7-2002;257
3853;19-7-2002;228
3854;20-7-2002;233
3855;21-7-2002;258
3856;22-7-2002;264
3857;23-7-2002;262
3858;24-7-2002;274
3859;25-7-2002;263
3860;26-7-2002;298
3861;27-7-2002;277
3862;28-7-2002;264
3863;29-7-2002;331
3864;30-7-2002;398
3865;31-7-2002;293
3866;1-8-2002;311
3867;2-8-2002;288
3868;3-8-2002;275
3869;4-8-2002;238
3870;5-8-2002;237
3871;6-8-2002;248
3872;7-8-2002;247
3873;8-8-2002;257
3874;9-8-2002;251
3875;10-8-2002;248
3876;11-8-2002;240
3877;12-8-2002;264
3878;13-8-2002;242
3879;14-8-2002;241
3880;15-8-2002;266
3881;16-8-2002;273
3882;17-8-2002;275
3883;18-8-2002;327
3884;19-8-2002;294
3885;20-8-2002;306
3886;21-8-2002;256
3887;22-8-2002;269
3888;23-8-2002;286
3889;24-8-2002;264
3890;25-8-2002;266
3891;26-8-2002;279
3892;27-8-2002;244
3893;28-8-2002;276
3894;29-8-2002;299
3895;30-8-2002;263
3896;31-8-2002;262
3897;1-9-2002;231
3898;2-9-2002;237
3899;3-9-2002;251
3900;4-9-2002;268
3901;5-9-2002;299
3902;6-9-2002;245
3903;7-9-2002;270
3904;8-9-2002;259
3905;9-9-2002;274
3906;10-9-2002;241
3907;11-9-2002;229
3908;12-9-2002;258
3909;13-9-2002;283
3910;14-9-2002;267
3911;15-9-2002;237
3912;16-9-2002;259
3913;17-9-2002;250
3914;18-9-2002;244
3915;19-9-2002;273
3916;20-9-2002;250
3917;21-9-2002;285
3918;22-9-2002;251
3919;23-9-2002;246
3920;24-9-2002;256
3921;25-9-2002;264
3922;26-9-2002;301
3923;27-9-2002;270
3924;28-9-2002;255
3925;29-9-2002;255
3926;30-9-2002;302
3927;1-10-2002;241
3928;2-10-2002;310
3929;3-10-2002;295
3930;4-10-2002;299
3931;5-10-2002;267
3932;6-10-2002;272
3933;7-10-2002;272
3934;8-10-2002;273
3935;9-10-2002;267
3936;10-10-2002;298
3937;11-10-2002;278
3938;12-10-2002;262
3939;13-10-2002;278
3940;14-10-2002;283
3941;15-10-2002;260
3942;16-10-2002;319
3943;17-10-2002;282
3944;18-10-2002;270
3945;19-10-2002;257
3946;20-10-2002;270
3947;21-10-2002;295
3948;22-10-2002;269
3949;23-10-2002;282
3950;24-10-2002;267
3951;25-10-2002;309
3952;26-10-2002;287
3953;27-10-2002;253
3954;28-10-2002;259
3955;29-10-2002;274
3956;30-10-2002;299
3957;31-10-2002;269
3958;1-11-2002;261
3959;2-11-2002;289
3960;3-11-2002;284
3961;4-11-2002;285
3962;5-11-2002;274
3963;6-11-2002;274
3964;7-11-2002;282
3965;8-11-2002;277
3966;9-11-2002;284
3967;10-11-2002;289
3968;11-11-2002;257
3969;12-11-2002;251
3970;13-11-2002;321
3971;14-11-2002;320
3972;15-11-2002;257
3973;16-11-2002;255
3974;17-11-2002;269
3975;18-11-2002;252
3976;19-11-2002;293
3977;20-11-2002;253
3978;21-11-2002;310
3979;22-11-2002;314
3980;23-11-2002;236
3981;24-11-2002;283
3982;25-11-2002;264
3983;26-11-2002;248
3984;27-11-2002;302
3985;28-11-2002;265
3986;29-11-2002;285
3987;30-11-2002;283
3988;1-12-2002;296
3989;2-12-2002;281
3990;3-12-2002;265
3991;4-12-2002;298
3992;5-12-2002;287
3993;6-12-2002;318
3994;7-12-2002;271
3995;8-12-2002;264
3996;9-12-2002;265
3997;10-12-2002;289
3998;11-12-2002;348
3999;12-12-2002;295
4000;13-12-2002;333
4001;14-12-2002;321
4002;15-12-2002;314
4003;16-12-2002;301
4004;17-12-2002;313
4005;18-12-2002;352
4006;19-12-2002;339
4007;20-12-2002;304
4008;21-12-2002;354
4009;22-12-2002;335
4010;23-12-2002;334
4011;24-12-2002;360
4012;25-12-2002;304
4013;26-12-2002;334
4014;27-12-2002;302
4015;28-12-2002;320
4016;29-12-2002;338
4017;30-12-2002;320
4018;31-12-2002;340
4019;1-1-2003;326
4020;2-1-2003;324
4021;3-1-2003;349
4022;4-1-2003;316
4023;5-1-2003;285
4024;6-1-2003;326
4025;7-1-2003;337
4026;8-1-2003;307
4027;9-1-2003;304
4028;10-1-2003;309
4029;11-1-2003;334
4030;12-1-2003;321
4031;13-1-2003;312
4032;14-1-2003;351
4033;15-1-2003;350
4034;16-1-2003;335
4035;17-1-2003;294
4036;18-1-2003;299
4037;19-1-2003;306
4038;20-1-2003;357
4039;21-1-2003;365
4040;22-1-2003;323
4041;23-1-2003;299
4042;24-1-2003;298
4043;25-1-2003;279
4044;26-1-2003;299
4045;27-1-2003;307
4046;28-1-2003;323
4047;29-1-2003;354
4048;30-1-2003;318
4049;31-1-2003;306
4050;1-2-2003;293
4051;2-2-2003;319
4052;3-2-2003;328
4053;4-2-2003;309
4054;5-2-2003;328
4055;6-2-2003;336
4056;7-2-2003;304
4057;8-2-2003;322
4058;9-2-2003;310
4059;10-2-2003;299
4060;11-2-2003;281
4061;12-2-2003;299
4062;13-2-2003;325
4063;14-2-2003;323
4064;15-2-2003;312
4065;16-2-2003;318
4066;17-2-2003;304
4067;18-2-2003;301
4068;19-2-2003;331
4069;20-2-2003;339
4070;21-2-2003;318
4071;22-2-2003;320
4072;23-2-2003;353
4073;24-2-2003;311
4074;25-2-2003;342
4075;26-2-2003;322
4076;27-2-2003;323
4077;28-2-2003;345
4078;1-3-2003;317
4079;2-3-2003;333
4080;3-3-2003;331
4081;4-3-2003;323
4082;5-3-2003;319
4083;6-3-2003;316
4084;7-3-2003;311
4085;8-3-2003;331
4086;9-3-2003;293
4087;10-3-2003;315
4088;11-3-2003;310
4089;12-3-2003;315
4090;13-3-2003;289
4091;14-3-2003;298
4092;15-3-2003;315
4093;16-3-2003;315
4094;17-3-2003;303
4095;18-3-2003;282
4096;19-3-2003;283
4097;20-3-2003;309
4098;21-3-2003;287
4099;22-3-2003;285
4100;23-3-2003;260
4101;24-3-2003;303
4102;25-3-2003;306
4103;26-3-2003;301
4104;27-3-2003;306
4105;28-3-2003;279
4106;29-3-2003;325
4107;30-3-2003;293
4108;31-3-2003;303
4109;1-4-2003;274
4110;2-4-2003;276
4111;3-4-2003;294
4112;4-4-2003;302
4113;5-4-2003;287
4114;6-4-2003;285
4115;7-4-2003;270
4116;8-4-2003;331
4117;9-4-2003;297
4118;10-4-2003;302
4119;11-4-2003;302
4120;12-4-2003;316
4121;13-4-2003;310
4122;14-4-2003;325
4123;15-4-2003;338
4124;16-4-2003;358
4125;17-4-2003;315
4126;18-4-2003;344
4127;19-4-2003;303
4128;20-4-2003;268
4129;21-4-2003;333
4130;22-4-2003;327
4131;23-4-2003;316
4132;24-4-2003;284
4133;25-4-2003;319
4134;26-4-2003;267
4135;27-4-2003;276
4136;28-4-2003;287
4137;29-4-2003;305
4138;30-4-2003;303
4139;1-5-2003;279
4140;2-5-2003;259
4141;3-5-2003;271
4142;4-5-2003;276
4143;5-5-2003;289
4144;6-5-2003;323
4145;7-5-2003;308
4146;8-5-2003;276
4147;9-5-2003;276
4148;10-5-2003;243
4149;11-5-2003;247
4150;12-5-2003;284
4151;13-5-2003;270
4152;14-5-2003;265
4153;15-5-2003;270
4154;16-5-2003;263
4155;17-5-2003;250
4156;18-5-2003;258
4157;19-5-2003;267
4158;20-5-2003;259
4159;21-5-2003;249
4160;22-5-2003;282
4161;23-5-2003;260
4162;24-5-2003;277
4163;25-5-2003;239
4164;26-5-2003;287
4165;27-5-2003;301
4166;28-5-2003;277
4167;29-5-2003;284
4168;30-5-2003;275
4169;31-5-2003;311
4170;1-6-2003;332
4171;2-6-2003;293
4172;3-6-2003;316
4173;4-6-2003;279
4174;5-6-2003;282
4175;6-6-2003;263
4176;7-6-2003;295
4177;8-6-2003;282
4178;9-6-2003;252
4179;10-6-2003;269
4180;11-6-2003;275
4181;12-6-2003;302
4182;13-6-2003;274
4183;14-6-2003;267
4184;15-6-2003;261
4185;16-6-2003;266
4186;17-6-2003;296
4187;18-6-2003;262
4188;19-6-2003;268
4189;20-6-2003;272
4190;21-6-2003;253
4191;22-6-2003;256
4192;23-6-2003;296
4193;24-6-2003;284
4194;25-6-2003;234
4195;26-6-2003;277
4196;27-6-2003;267
4197;28-6-2003;264
4198;29-6-2003;275
4199;30-6-2003;223
4200;1-7-2003;281
4201;2-7-2003;243
4202;3-7-2003;250
4203;4-7-2003;243
4204;5-7-2003;244
4205;6-7-2003;229
4206;7-7-2003;275
4207;8-7-2003;240
4208;9-7-2003;242
4209;10-7-2003;307
4210;11-7-2003;278
4211;12-7-2003;244
4212;13-7-2003;248
4213;14-7-2003;297
4214;15-7-2003;348
4215;16-7-2003;361
4216;17-7-2003;288
4217;18-7-2003;288
4218;19-7-2003;267
4219;20-7-2003;287
4220;21-7-2003;266
4221;22-7-2003;265
4222;23-7-2003;306
4223;24-7-2003;294
4224;25-7-2003;257
4225;26-7-2003;252
4226;27-7-2003;209
4227;28-7-2003;245
4228;29-7-2003;278
4229;30-7-2003;305
4230;31-7-2003;251
4231;1-8-2003;252
4232;2-8-2003;259
4233;3-8-2003;257
4234;4-8-2003;259
4235;5-8-2003;293
4236;6-8-2003;274
4237;7-8-2003;352
4238;8-8-2003;334
4239;9-8-2003;295
4240;10-8-2003;255
4241;11-8-2003;337
4242;12-8-2003;431
4243;13-8-2003;370
4244;14-8-2003;325
4245;15-8-2003;264
4246;16-8-2003;274
4247;17-8-2003;254
4248;18-8-2003;280
4249;19-8-2003;239
4250;20-8-2003;255
4251;21-8-2003;255
4252;22-8-2003;243
4253;23-8-2003;255
4254;24-8-2003;239
4255;25-8-2003;283
4256;26-8-2003;253
4257;27-8-2003;254
4258;28-8-2003;242
4259;29-8-2003;269
4260;30-8-2003;261
4261;31-8-2003;215
4262;1-9-2003;246
4263;2-9-2003;268
4264;3-9-2003;273
4265;4-9-2003;276
4266;5-9-2003;281
4267;6-9-2003;270
4268;7-9-2003;275
4269;8-9-2003;277
4270;9-9-2003;279
4271;10-9-2003;277
4272;11-9-2003;259
4273;12-9-2003;246
4274;13-9-2003;260
4275;14-9-2003;299
4276;15-9-2003;277
4277;16-9-2003;284
4278;17-9-2003;314
4279;18-9-2003;289
4280;19-9-2003;264
4281;20-9-2003;270
4282;21-9-2003;297
4283;22-9-2003;282
4284;23-9-2003;256
4285;24-9-2003;270
4286;25-9-2003;276
4287;26-9-2003;256
4288;27-9-2003;301
4289;28-9-2003;281
4290;29-9-2003;266
4291;30-9-2003;253
4292;1-10-2003;243
4293;2-10-2003;281
4294;3-10-2003;303
4295;4-10-2003;300
4296;5-10-2003;261
4297;6-10-2003;289
4298;7-10-2003;285
4299;8-10-2003;257
4300;9-10-2003;282
4301;10-10-2003;256
4302;11-10-2003;261
4303;12-10-2003;282
4304;13-10-2003;261
4305;14-10-2003;278
4306;15-10-2003;244
4307;16-10-2003;308
4308;17-10-2003;255
4309;18-10-2003;273
4310;19-10-2003;266
4311;20-10-2003;287
4312;21-10-2003;292
4313;22-10-2003;265
4314;23-10-2003;277
4315;24-10-2003;268
4316;25-10-2003;280
4317;26-10-2003;298
4318;27-10-2003;301
4319;28-10-2003;273
4320;29-10-2003;323
4321;30-10-2003;289
4322;31-10-2003;312
4323;1-11-2003;302
4324;2-11-2003;258
4325;3-11-2003;281
4326;4-11-2003;272
4327;5-11-2003;287
4328;6-11-2003;278
4329;7-11-2003;282
4330;8-11-2003;296
4331;9-11-2003;272
4332;10-11-2003;272
4333;11-11-2003;277
4334;12-11-2003;313
4335;13-11-2003;323
4336;14-11-2003;285
4337;15-11-2003;302
4338;16-11-2003;290
4339;17-11-2003;280
4340;18-11-2003;291
4341;19-11-2003;280
4342;20-11-2003;278
4343;21-11-2003;306
4344;22-11-2003;293
4345;23-11-2003;302
4346;24-11-2003;289
4347;25-11-2003;279
4348;26-11-2003;289
4349;27-11-2003;303
4350;28-11-2003;270
4351;29-11-2003;288
4352;30-11-2003;289
4353;1-12-2003;319
4354;2-12-2003;287
4355;3-12-2003;291
4356;4-12-2003;304
4357;5-12-2003;266
4358;6-12-2003;291
4359;7-12-2003;295
4360;8-12-2003;317
4361;9-12-2003;347
4362;10-12-2003;313
4363;11-12-2003;349
4364;12-12-2003;328
4365;13-12-2003;342
4366;14-12-2003;325
4367;15-12-2003;354
4368;16-12-2003;335
4369;17-12-2003;328
4370;18-12-2003;336
4371;19-12-2003;351
4372;20-12-2003;386
4373;21-12-2003;336
4374;22-12-2003;372
4375;23-12-2003;370
4376;24-12-2003;363
4377;25-12-2003;360
4378;26-12-2003;398
4379;27-12-2003;366
4380;28-12-2003;389
4381;29-12-2003;362
4382;30-12-2003;333
4383;31-12-2003;332
4384;1-1-2004;360
4385;2-1-2004;350
4386;3-1-2004;344
4387;4-1-2004;355
4388;5-1-2004;337
4389;6-1-2004;386
4390;7-1-2004;351
4391;8-1-2004;370
4392;9-1-2004;351
4393;10-1-2004;361
4394;11-1-2004;380
4395;12-1-2004;350
4396;13-1-2004;347
4397;14-1-2004;340
4398;15-1-2004;317
4399;16-1-2004;309
4400;17-1-2004;353
4401;18-1-2004;296
4402;19-1-2004;303
4403;20-1-2004;343
4404;21-1-2004;337
4405;22-1-2004;246
4406;23-1-2004;319
4407;24-1-2004;320
4408;25-1-2004;294
4409;26-1-2004;306
4410;27-1-2004;307
4411;28-1-2004;299
4412;29-1-2004;322
4413;30-1-2004;356
4414;31-1-2004;349
4415;1-2-2004;301
4416;2-2-2004;299
4417;3-2-2004;314
4418;4-2-2004;312
4419;5-2-2004;304
4420;6-2-2004;310
4421;7-2-2004;297
4422;8-2-2004;300
4423;9-2-2004;263
4424;10-2-2004;267
4425;11-2-2004;295
4426;12-2-2004;293
4427;13-2-2004;291
4428;14-2-2004;317
4429;15-2-2004;277
4430;16-2-2004;310
4431;17-2-2004;315
4432;18-2-2004;257
4433;19-2-2004;284
4434;20-2-2004;296
4435;21-2-2004;294
4436;22-2-2004;288
4437;23-2-2004;310
4438;24-2-2004;318
4439;25-2-2004;300
4440;26-2-2004;294
4441;27-2-2004;304
4442;28-2-2004;312
4443;29-2-2004;267
4444;1-3-2004;290
4445;2-3-2004;286
4446;3-3-2004;299
4447;4-3-2004;284
4448;5-3-2004;311
4449;6-3-2004;283
4450;7-3-2004;279
4451;8-3-2004;270
4452;9-3-2004;294
4453;10-3-2004;285
4454;11-3-2004;290
4455;12-3-2004;269
4456;13-3-2004;296
4457;14-3-2004;298
4458;15-3-2004;276
4459;16-3-2004;322
4460;17-3-2004;338
4461;18-3-2004;260
4462;19-3-2004;284
4463;20-3-2004;309
4464;21-3-2004;304
4465;22-3-2004;291
4466;23-3-2004;309
4467;24-3-2004;288
4468;25-3-2004;278
4469;26-3-2004;270
4470;27-3-2004;243
4471;28-3-2004;255
4472;29-3-2004;282
4473;30-3-2004;264
4474;31-3-2004;287
4475;1-4-2004;275
4476;2-4-2004;311
4477;3-4-2004;284
4478;4-4-2004;283
4479;5-4-2004;261
4480;6-4-2004;279
4481;7-4-2004;264
4482;8-4-2004;267
4483;9-4-2004;291
4484;10-4-2004;265
4485;11-4-2004;250
4486;12-4-2004;283
4487;13-4-2004;296
4488;14-4-2004;273
4489;15-4-2004;315
4490;16-4-2004;279
4491;17-4-2004;295
4492;18-4-2004;301
4493;19-4-2004;276
4494;20-4-2004;263
4495;21-4-2004;271
4496;22-4-2004;287
4497;23-4-2004;264
4498;24-4-2004;268
4499;25-4-2004;263
4500;26-4-2004;254
4501;27-4-2004;285
4502;28-4-2004;279
4503;29-4-2004;257
4504;30-4-2004;290
4505;1-5-2004;268
4506;2-5-2004;254
4507;3-5-2004;281
4508;4-5-2004;258
4509;5-5-2004;259
4510;6-5-2004;240
4511;7-5-2004;260
4512;8-5-2004;256
4513;9-5-2004;262
4514;10-5-2004;272
4515;11-5-2004;277
4516;12-5-2004;254
4517;13-5-2004;295
4518;14-5-2004;256
4519;15-5-2004;242
4520;16-5-2004;261
4521;17-5-2004;252
4522;18-5-2004;254
4523;19-5-2004;277
4524;20-5-2004;277
4525;21-5-2004;263
4526;22-5-2004;247
4527;23-5-2004;255
4528;24-5-2004;257
4529;25-5-2004;270
4530;26-5-2004;273
4531;27-5-2004;241
4532;28-5-2004;268
4533;29-5-2004;250
4534;30-5-2004;250
4535;31-5-2004;274
4536;1-6-2004;294
4537;2-6-2004;263
4538;3-6-2004;278
4539;4-6-2004;271
4540;5-6-2004;248
4541;6-6-2004;257
4542;7-6-2004;278
4543;8-6-2004;308
4544;9-6-2004;297
4545;10-6-2004;252
4546;11-6-2004;267
4547;12-6-2004;251
4548;13-6-2004;252
4549;14-6-2004;257
4550;15-6-2004;252
4551;16-6-2004;269
4552;17-6-2004;262
4553;18-6-2004;251
4554;19-6-2004;260
4555;20-6-2004;248
4556;21-6-2004;238
4557;22-6-2004;266
4558;23-6-2004;224
4559;24-6-2004;260
4560;25-6-2004;238
4561;26-6-2004;303
4562;27-6-2004;270
4563;28-6-2004;252
4564;29-6-2004;259
4565;30-6-2004;299
4566;1-7-2004;276
4567;2-7-2004;247
4568;3-7-2004;279
4569;4-7-2004;241
4570;5-7-2004;242
4571;6-7-2004;260
4572;7-7-2004;255
4573;8-7-2004;257
4574;9-7-2004;244
4575;10-7-2004;253
4576;11-7-2004;242
4577;12-7-2004;240
4578;13-7-2004;267
4579;14-7-2004;264
4580;15-7-2004;264
4581;16-7-2004;262
4582;17-7-2004;301
4583;18-7-2004;247
4584;19-7-2004;265
4585;20-7-2004;273
4586;21-7-2004;270
4587;22-7-2004;262
4588;23-7-2004;241
4589;24-7-2004;264
4590;25-7-2004;248
4591;26-7-2004;266
4592;27-7-2004;286
4593;28-7-2004;282
4594;29-7-2004;269
4595;30-7-2004;294
4596;31-7-2004;261
4597;1-8-2004;231
4598;2-8-2004;273
4599;3-8-2004;293
4600;4-8-2004;273
4601;5-8-2004;281
4602;6-8-2004;296
4603;7-8-2004;252
4604;8-8-2004;264
4605;9-8-2004;270
4606;10-8-2004;286
4607;11-8-2004;230
4608;12-8-2004;263
4609;13-8-2004;252
4610;14-8-2004;235
4611;15-8-2004;267
4612;16-8-2004;226
4613;17-8-2004;256
4614;18-8-2004;249
4615;19-8-2004;250
4616;20-8-2004;240
4617;21-8-2004;248
4618;22-8-2004;228
4619;23-8-2004;227
4620;24-8-2004;264
4621;25-8-2004;274
4622;26-8-2004;245
4623;27-8-2004;243
4624;28-8-2004;237
4625;29-8-2004;213
4626;30-8-2004;232
4627;31-8-2004;240
4628;1-9-2004;265
4629;2-9-2004;266
4630;3-9-2004;275
4631;4-9-2004;262
4632;5-9-2004;263
4633;6-9-2004;265
4634;7-9-2004;260
4635;8-9-2004;246
4636;9-9-2004;244
4637;10-9-2004;281
4638;11-9-2004;248
4639;12-9-2004;247
4640;13-9-2004;255
4641;14-9-2004;243
4642;15-9-2004;254
4643;16-9-2004;240
4644;17-9-2004;242
4645;18-9-2004;230
4646;19-9-2004;267
4647;20-9-2004;278
4648;21-9-2004;273
4649;22-9-2004;238
4650;23-9-2004;256
4651;24-9-2004;246
4652;25-9-2004;277
4653;26-9-2004;257
4654;27-9-2004;258
4655;28-9-2004;266
4656;29-9-2004;243
4657;30-9-2004;291
4658;1-10-2004;270
4659;2-10-2004;246
4660;3-10-2004;263
4661;4-10-2004;287
4662;5-10-2004;275
4663;6-10-2004;251
4664;7-10-2004;277
4665;8-10-2004;242
4666;9-10-2004;263
4667;10-10-2004;249
4668;11-10-2004;251
4669;12-10-2004;289
4670;13-10-2004;291
4671;14-10-2004;271
4672;15-10-2004;304
4673;16-10-2004;272
4674;17-10-2004;260
4675;18-10-2004;279
4676;19-10-2004;256
4677;20-10-2004;317
4678;21-10-2004;274
4679;22-10-2004;297
4680;23-10-2004;286
4681;24-10-2004;284
4682;25-10-2004;251
4683;26-10-2004;256
4684;27-10-2004;265
4685;28-10-2004;275
4686;29-10-2004;297
4687;30-10-2004;236
4688;31-10-2004;273
4689;1-11-2004;256
4690;2-11-2004;271
4691;3-11-2004;277
4692;4-11-2004;287
4693;5-11-2004;266
4694;6-11-2004;229
4695;7-11-2004;255
4696;8-11-2004;270
4697;9-11-2004;262
4698;10-11-2004;294
4699;11-11-2004;261
4700;12-11-2004;289
4701;13-11-2004;282
4702;14-11-2004;274
4703;15-11-2004;265
4704;16-11-2004;273
4705;17-11-2004;267
4706;18-11-2004;283
4707;19-11-2004;289
4708;20-11-2004;264
4709;21-11-2004;273
4710;22-11-2004;310
4711;23-11-2004;273
4712;24-11-2004;270
4713;25-11-2004;259
4714;26-11-2004;284
4715;27-11-2004;270
4716;28-11-2004;282
4717;29-11-2004;298
4718;30-11-2004;278
4719;1-12-2004;292
4720;2-12-2004;279
4721;3-12-2004;301
4722;4-12-2004;297
4723;5-12-2004;278
4724;6-12-2004;302
4725;7-12-2004;280
4726;8-12-2004;292
4727;9-12-2004;281
4728;10-12-2004;282
4729;11-12-2004;244
4730;12-12-2004;269
4731;13-12-2004;287
4732;14-12-2004;312
4733;15-12-2004;302
4734;16-12-2004;297
4735;17-12-2004;334
4736;18-12-2004;289
4737;19-12-2004;296
4738;20-12-2004;308
4739;21-12-2004;281
4740;22-12-2004;292
4741;23-12-2004;346
4742;24-12-2004;365
4743;25-12-2004;355
4744;26-12-2004;293
4745;27-12-2004;326
4746;28-12-2004;349
4747;29-12-2004;335
4748;30-12-2004;341
4749;31-12-2004;348
4750;1-1-2005;324
4751;2-1-2005;313
4752;3-1-2005;325
4753;4-1-2005;346
4754;5-1-2005;341
4755;6-1-2005;335
4756;7-1-2005;350
4757;8-1-2005;323
4758;9-1-2005;319
4759;10-1-2005;337
4760;11-1-2005;335
4761;12-1-2005;347
4762;13-1-2005;325
4763;14-1-2005;308
4764;15-1-2005;339
4765;16-1-2005;301
4766;17-1-2005;348
4767;18-1-2005;317
4768;19-1-2005;342
4769;20-1-2005;303
4770;21-1-2005;350
4771;22-1-2005;314
4772;23-1-2005;303
4773;24-1-2005;307
4774;25-1-2005;283
4775;26-1-2005;317
4776;27-1-2005;323
4777;28-1-2005;322
4778;29-1-2005;306
4779;30-1-2005;323
4780;31-1-2005;316
4781;1-2-2005;303
4782;2-2-2005;337
4783;3-2-2005;334
4784;4-2-2005;346
4785;5-2-2005;340
4786;6-2-2005;316
4787;7-2-2005;318
4788;8-2-2005;314
4789;9-2-2005;346
4790;10-2-2005;348
4791;11-2-2005;352
4792;12-2-2005;343
4793;13-2-2005;316
4794;14-2-2005;335
4795;15-2-2005;357
4796;16-2-2005;326
4797;17-2-2005;328
4798;18-2-2005;354
4799;19-2-2005;325
4800;20-2-2005;344
4801;21-2-2005;324
4802;22-2-2005;355
4803;23-2-2005;334
4804;24-2-2005;340
4805;25-2-2005;325
4806;26-2-2005;341
4807;27-2-2005;338
4808;28-2-2005;374
4809;1-3-2005;380
4810;2-3-2005;336
4811;3-3-2005;334
4812;4-3-2005;386
4813;5-3-2005;357
4814;6-3-2005;297
4815;7-3-2005;345
4816;8-3-2005;365
4817;9-3-2005;371
4818;10-3-2005;368
4819;11-3-2005;331
4820;12-3-2005;344
4821;13-3-2005;333
4822;14-3-2005;299
4823;15-3-2005;364
4824;16-3-2005;393
4825;17-3-2005;341
4826;18-3-2005;389
4827;19-3-2005;336
4828;20-3-2005;313
4829;21-3-2005;339
4830;22-3-2005;333
4831;23-3-2005;344
4832;24-3-2005;349
4833;25-3-2005;290
4834;26-3-2005;315
4835;27-3-2005;293
4836;28-3-2005;266
4837;29-3-2005;318
4838;30-3-2005;308
4839;31-3-2005;272
4840;1-4-2005;303
4841;2-4-2005;285
4842;3-4-2005;319
4843;4-4-2005;274
4844;5-4-2005;290
4845;6-4-2005;314
4846;7-4-2005;275
4847;8-4-2005;292
4848;9-4-2005;263
4849;10-4-2005;289
4850;11-4-2005;294
4851;12-4-2005;280
4852;13-4-2005;308
4853;14-4-2005;281
4854;15-4-2005;272
4855;16-4-2005;258
4856;17-4-2005;272
4857;18-4-2005;274
4858;19-4-2005;246
4859;20-4-2005;280
4860;21-4-2005;247
4861;22-4-2005;254
4862;23-4-2005;309
4863;24-4-2005;279
4864;25-4-2005;277
4865;26-4-2005;302
4866;27-4-2005;274
4867;28-4-2005;279
4868;29-4-2005;292
4869;30-4-2005;286
4870;1-5-2005;266
4871;2-5-2005;277
4872;3-5-2005;279
4873;4-5-2005;245
4874;5-5-2005;236
4875;6-5-2005;265
4876;7-5-2005;276
4877;8-5-2005;251
4878;9-5-2005;261
4879;10-5-2005;248
4880;11-5-2005;246
4881;12-5-2005;260
4882;13-5-2005;277
4883;14-5-2005;285
4884;15-5-2005;258
4885;16-5-2005;282
4886;17-5-2005;280
4887;18-5-2005;261
4888;19-5-2005;299
4889;20-5-2005;292
4890;21-5-2005;295
4891;22-5-2005;240
4892;23-5-2005;285
4893;24-5-2005;229
4894;25-5-2005;298
4895;26-5-2005;286
4896;27-5-2005;344
4897;28-5-2005;339
4898;29-5-2005;252
4899;30-5-2005;269
4900;31-5-2005;284
4901;1-6-2005;266
4902;2-6-2005;262
4903;3-6-2005;270
4904;4-6-2005;254
4905;5-6-2005;250
4906;6-6-2005;262
4907;7-6-2005;229
4908;8-6-2005;264
4909;9-6-2005;270
4910;10-6-2005;231
4911;11-6-2005;248
4912;12-6-2005;242
4913;13-6-2005;290
4914;14-6-2005;261
4915;15-6-2005;230
4916;16-6-2005;277
4917;17-6-2005;322
4918;18-6-2005;247
4919;19-6-2005;272
4920;20-6-2005;296
4921;21-6-2005;276
4922;22-6-2005;292
4923;23-6-2005;288
4924;24-6-2005;329
4925;25-6-2005;295
4926;26-6-2005;281
4927;27-6-2005;274
4928;28-6-2005;272
4929;29-6-2005;288
4930;30-6-2005;266
4931;1-7-2005;258
4932;2-7-2005;241
4933;3-7-2005;207
4934;4-7-2005;259
4935;5-7-2005;228
4936;6-7-2005;226
4937;7-7-2005;253
4938;8-7-2005;239
4939;9-7-2005;226
4940;10-7-2005;219
4941;11-7-2005;257
4942;12-7-2005;248
4943;13-7-2005;264
4944;14-7-2005;253
4945;15-7-2005;271
4946;16-7-2005;241
4947;17-7-2005;245
4948;18-7-2005;245
4949;19-7-2005;249
4950;20-7-2005;264
4951;21-7-2005;256
4952;22-7-2005;241
4953;23-7-2005;231
4954;24-7-2005;239
4955;25-7-2005;277
4956;26-7-2005;238
4957;27-7-2005;253
4958;28-7-2005;246
4959;29-7-2005;278
4960;30-7-2005;259
4961;31-7-2005;218
4962;1-8-2005;249
4963;2-8-2005;231
4964;3-8-2005;242
4965;4-8-2005;240
4966;5-8-2005;216
4967;6-8-2005;213
4968;7-8-2005;228
4969;8-8-2005;241
4970;9-8-2005;224
4971;10-8-2005;224
4972;11-8-2005;256
4973;12-8-2005;225
4974;13-8-2005;253
4975;14-8-2005;235
4976;15-8-2005;215
4977;16-8-2005;241
4978;17-8-2005;254
4979;18-8-2005;255
4980;19-8-2005;287
4981;20-8-2005;259
4982;21-8-2005;240
4983;22-8-2005;262
4984;23-8-2005;238
4985;24-8-2005;276
4986;25-8-2005;230
4987;26-8-2005;272
4988;27-8-2005;226
4989;28-8-2005;235
4990;29-8-2005;251
4991;30-8-2005;238
4992;31-8-2005;259
4993;1-9-2005;301
4994;2-9-2005;285
4995;3-9-2005;232
4996;4-9-2005;253
4997;5-9-2005;264
4998;6-9-2005;273
4999;7-9-2005;259
5000;8-9-2005;265
5001;9-9-2005;273
5002;10-9-2005;287
5003;11-9-2005;260
5004;12-9-2005;238
5005;13-9-2005;255
5006;14-9-2005;234
5007;15-9-2005;229
5008;16-9-2005;231
5009;17-9-2005;228
5010;18-9-2005;237
5011;19-9-2005;228
5012;20-9-2005;264
5013;21-9-2005;247
5014;22-9-2005;211
5015;23-9-2005;230
5016;24-9-2005;241
5017;25-9-2005;237
5018;26-9-2005;251
5019;27-9-2005;226
5020;28-9-2005;254
5021;29-9-2005;251
5022;30-9-2005;270
5023;1-10-2005;238
5024;2-10-2005;236
5025;3-10-2005;249
5026;4-10-2005;256
5027;5-10-2005;261
5028;6-10-2005;289
5029;7-10-2005;257
5030;8-10-2005;277
5031;9-10-2005;267
5032;10-10-2005;278
5033;11-10-2005;264
5034;12-10-2005;271
5035;13-10-2005;300
5036;14-10-2005;251
5037;15-10-2005;282
5038;16-10-2005;248
5039;17-10-2005;263
5040;18-10-2005;265
5041;19-10-2005;271
5042;20-10-2005;279
5043;21-10-2005;264
5044;22-10-2005;260
5045;23-10-2005;280
5046;24-10-2005;257
5047;25-10-2005;257
5048;26-10-2005;270
5049;27-10-2005;283
5050;28-10-2005;296
5051;29-10-2005;283
5052;30-10-2005;275
5053;31-10-2005;267
5054;1-11-2005;251
5055;2-11-2005;278
5056;3-11-2005;268
5057;4-11-2005;255
5058;5-11-2005;248
5059;6-11-2005;249
5060;7-11-2005;254
5061;8-11-2005;265
5062;9-11-2005;278
5063;10-11-2005;273
5064;11-11-2005;274
5065;12-11-2005;273
5066;13-11-2005;275
5067;14-11-2005;285
5068;15-11-2005;272
5069;16-11-2005;267
5070;17-11-2005;267
5071;18-11-2005;261
5072;19-11-2005;238
5073;20-11-2005;257
5074;21-11-2005;255
5075;22-11-2005;271
5076;23-11-2005;244
5077;24-11-2005;287
5078;25-11-2005;330
5079;26-11-2005;269
5080;27-11-2005;260
5081;28-11-2005;295
5082;29-11-2005;301
5083;30-11-2005;268
5084;1-12-2005;295
5085;2-12-2005;313
5086;3-12-2005;325
5087;4-12-2005;301
5088;5-12-2005;316
5089;6-12-2005;338
5090;7-12-2005;288
5091;8-12-2005;291
5092;9-12-2005;302
5093;10-12-2005;311
5094;11-12-2005;275
5095;12-12-2005;276
5096;13-12-2005;298
5097;14-12-2005;290
5098;15-12-2005;301
5099;16-12-2005;327
5100;17-12-2005;303
5101;18-12-2005;274
5102;19-12-2005;281
5103;20-12-2005;304
5104;21-12-2005;323
5105;22-12-2005;298
5106;23-12-2005;313
5107;24-12-2005;273
5108;25-12-2005;331
5109;26-12-2005;318
5110;27-12-2005;301
5111;28-12-2005;327
5112;29-12-2005;265
5113;30-12-2005;308
5114;31-12-2005;318
5115;1-1-2006;330
5116;2-1-2006;313
5117;3-1-2006;342
5118;4-1-2006;289
5119;5-1-2006;315
5120;6-1-2006;319
5121;7-1-2006;320
5122;8-1-2006;349
5123;9-1-2006;324
5124;10-1-2006;299
5125;11-1-2006;290
5126;12-1-2006;312
5127;13-1-2006;313
5128;14-1-2006;310
5129;15-1-2006;321
5130;16-1-2006;325
5131;17-1-2006;329
5132;18-1-2006;311
5133;19-1-2006;324
5134;20-1-2006;344
5135;21-1-2006;315
5136;22-1-2006;272
5137;23-1-2006;339
5138;24-1-2006;298
5139;25-1-2006;294
5140;26-1-2006;311
5141;27-1-2006;291
5142;28-1-2006;304
5143;29-1-2006;315
5144;30-1-2006;265
5145;31-1-2006;324
5146;1-2-2006;314
5147;2-2-2006;273
5148;3-2-2006;303
5149;4-2-2006;324
5150;5-2-2006;273
5151;6-2-2006;287
5152;7-2-2006;326
5153;8-2-2006;321
5154;9-2-2006;322
5155;10-2-2006;326
5156;11-2-2006;304
5157;12-2-2006;278
5158;13-2-2006;320
5159;14-2-2006;320
5160;15-2-2006;318
5161;16-2-2006;332
5162;17-2-2006;312
5163;18-2-2006;321
5164;19-2-2006;280
5165;20-2-2006;299
5166;21-2-2006;343
5167;22-2-2006;294
5168;23-2-2006;277
5169;24-2-2006;302
5170;25-2-2006;293
5171;26-2-2006;320
5172;27-2-2006;320
5173;28-2-2006;283
5174;1-3-2006;325
5175;2-3-2006;279
5176;3-3-2006;312
5177;4-3-2006;288
5178;5-3-2006;297
5179;6-3-2006;320
5180;7-3-2006;336
5181;8-3-2006;287
5182;9-3-2006;291
5183;10-3-2006;308
5184;11-3-2006;320
5185;12-3-2006;250
5186;13-3-2006;298
5187;14-3-2006;322
5188;15-3-2006;319
5189;16-3-2006;302
5190;17-3-2006;292
5191;18-3-2006;323
5192;19-3-2006;317
5193;20-3-2006;308
5194;21-3-2006;322
5195;22-3-2006;286
5196;23-3-2006;294
5197;24-3-2006;301
5198;25-3-2006;306
5199;26-3-2006;296
5200;27-3-2006;300
5201;28-3-2006;328
5202;29-3-2006;347
5203;30-3-2006;289
5204;31-3-2006;313
5205;1-4-2006;289
5206;2-4-2006;235
5207;3-4-2006;286
5208;4-4-2006;252
5209;5-4-2006;276
5210;6-4-2006;284
5211;7-4-2006;280
5212;8-4-2006;303
5213;9-4-2006;277
5214;10-4-2006;309
5215;11-4-2006;306
5216;12-4-2006;299
5217;13-4-2006;292
5218;14-4-2006;310
5219;15-4-2006;263
5220;16-4-2006;273
5221;17-4-2006;269
5222;18-4-2006;286
5223;19-4-2006;302
5224;20-4-2006;245
5225;21-4-2006;273
5226;22-4-2006;280
5227;23-4-2006;238
5228;24-4-2006;296
5229;25-4-2006;291
5230;26-4-2006;286
5231;27-4-2006;254
5232;28-4-2006;256
5233;29-4-2006;259
5234;30-4-2006;251
5235;1-5-2006;238
5236;2-5-2006;275
5237;3-5-2006;288
5238;4-5-2006;305
5239;5-5-2006;292
5240;6-5-2006;284
5241;7-5-2006;287
5242;8-5-2006;262
5243;9-5-2006;244
5244;10-5-2006;249
5245;11-5-2006;273
5246;12-5-2006;268
5247;13-5-2006;289
5248;14-5-2006;241
5249;15-5-2006;278
5250;16-5-2006;278
5251;17-5-2006;247
5252;18-5-2006;265
5253;19-5-2006;275
5254;20-5-2006;282
5255;21-5-2006;256
5256;22-5-2006;250
5257;23-5-2006;251
5258;24-5-2006;231
5259;25-5-2006;244
5260;26-5-2006;268
5261;27-5-2006;262
5262;28-5-2006;235
5263;29-5-2006;275
5264;30-5-2006;260
5265;31-5-2006;262
5266;1-6-2006;248
5267;2-6-2006;241
5268;3-6-2006;244
5269;4-6-2006;272
5270;5-6-2006;261
5271;6-6-2006;259
5272;7-6-2006;271
5273;8-6-2006;239
5274;9-6-2006;277
5275;10-6-2006;282
5276;11-6-2006;277
5277;12-6-2006;343
5278;13-6-2006;352
5279;14-6-2006;327
5280;15-6-2006;277
5281;16-6-2006;258
5282;17-6-2006;234
5283;18-6-2006;269
5284;19-6-2006;278
5285;20-6-2006;265
5286;21-6-2006;294
5287;22-6-2006;237
5288;23-6-2006;271
5289;24-6-2006;270
5290;25-6-2006;263
5291;26-6-2006;259
5292;27-6-2006;240
5293;28-6-2006;252
5294;29-6-2006;252
5295;30-6-2006;251
5296;1-7-2006;269
5297;2-7-2006;287
5298;3-7-2006;281
5299;4-7-2006;369
5300;5-7-2006;290
5301;6-7-2006;328
5302;7-7-2006;243
5303;8-7-2006;259
5304;9-7-2006;268
5305;10-7-2006;244
5306;11-7-2006;250
5307;12-7-2006;242
5308;13-7-2006;233
5309;14-7-2006;263
5310;15-7-2006;260
5311;16-7-2006;270
5312;17-7-2006;294
5313;18-7-2006;281
5314;19-7-2006;328
5315;20-7-2006;351
5316;21-7-2006;332
5317;22-7-2006;327
5318;23-7-2006;315
5319;24-7-2006;300
5320;25-7-2006;315
5321;26-7-2006;372
5322;27-7-2006;366
5323;28-7-2006;350
5324;29-7-2006;316
5325;30-7-2006;267
5326;31-7-2006;244
5327;1-8-2006;271
5328;2-8-2006;243
5329;3-8-2006;252
5330;4-8-2006;257
5331;5-8-2006;241
5332;6-8-2006;243
5333;7-8-2006;248
5334;8-8-2006;254
5335;9-8-2006;242
5336;10-8-2006;259
5337;11-8-2006;233
5338;12-8-2006;237
5339;13-8-2006;230
5340;14-8-2006;241
5341;15-8-2006;243
5342;16-8-2006;279
5343;17-8-2006;250
5344;18-8-2006;259
5345;19-8-2006;263
5346;20-8-2006;253
5347;21-8-2006;228
5348;22-8-2006;236
5349;23-8-2006;234
5350;24-8-2006;253
5351;25-8-2006;256
5352;26-8-2006;258
5353;27-8-2006;222
5354;28-8-2006;280
5355;29-8-2006;244
5356;30-8-2006;234
5357;31-8-2006;266
5358;1-9-2006;237
5359;2-9-2006;252
5360;3-9-2006;264
5361;4-9-2006;275
5362;5-9-2006;263
5363;6-9-2006;269
5364;7-9-2006;258
5365;8-9-2006;230
5366;9-9-2006;251
5367;10-9-2006;242
5368;11-9-2006;243
5369;12-9-2006;268
5370;13-9-2006;313
5371;14-9-2006;276
5372;15-9-2006;292
5373;16-9-2006;269
5374;17-9-2006;253
5375;18-9-2006;242
5376;19-9-2006;267
5377;20-9-2006;230
5378;21-9-2006;240
5379;22-9-2006;254
5380;23-9-2006;258
5381;24-9-2006;221
5382;25-9-2006;233
5383;26-9-2006;300
5384;27-9-2006;262
5385;28-9-2006;252
5386;29-9-2006;239
5387;30-9-2006;229
5388;1-10-2006;234
5389;2-10-2006;243
5390;3-10-2006;268
5391;4-10-2006;251
5392;5-10-2006;247
5393;6-10-2006;260
5394;7-10-2006;289
5395;8-10-2006;240
5396;9-10-2006;234
5397;10-10-2006;274
5398;11-10-2006;267
5399;12-10-2006;243
5400;13-10-2006;271
5401;14-10-2006;251
5402;15-10-2006;249
5403;16-10-2006;257
5404;17-10-2006;254
5405;18-10-2006;266
5406;19-10-2006;270
5407;20-10-2006;239
5408;21-10-2006;256
5409;22-10-2006;269
5410;23-10-2006;252
5411;24-10-2006;267
5412;25-10-2006;231
5413;26-10-2006;269
5414;27-10-2006;259
5415;28-10-2006;253
5416;29-10-2006;309
5417;30-10-2006;260
5418;31-10-2006;284
5419;1-11-2006;238
5420;2-11-2006;255
5421;3-11-2006;266
5422;4-11-2006;217
5423;5-11-2006;209
5424;6-11-2006;243
5425;7-11-2006;262
5426;8-11-2006;284
5427;9-11-2006;249
5428;10-11-2006;266
5429;11-11-2006;279
5430;12-11-2006;243
5431;13-11-2006;311
5432;14-11-2006;303
5433;15-11-2006;262
5434;16-11-2006;297
5435;17-11-2006;292
5436;18-11-2006;256
5437;19-11-2006;273
5438;20-11-2006;282
5439;21-11-2006;253
5440;22-11-2006;265
5441;23-11-2006;280
5442;24-11-2006;300
5443;25-11-2006;278
5444;26-11-2006;256
5445;27-11-2006;269
5446;28-11-2006;289
5447;29-11-2006;263
5448;30-11-2006;268
5449;1-12-2006;296
5450;2-12-2006;278
5451;3-12-2006;245
5452;4-12-2006;244
5453;5-12-2006;289
5454;6-12-2006;283
5455;7-12-2006;276
5456;8-12-2006;285
5457;9-12-2006;292
5458;10-12-2006;245
5459;11-12-2006;268
5460;12-12-2006;283
5461;13-12-2006;254
5462;14-12-2006;293
5463;15-12-2006;306
5464;16-12-2006;275
5465;17-12-2006;259
5466;18-12-2006;280
5467;19-12-2006;293
5468;20-12-2006;310
5469;21-12-2006;278
5470;22-12-2006;291
5471;23-12-2006;262
5472;24-12-2006;266
5473;25-12-2006;264
5474;26-12-2006;294
5475;27-12-2006;299
5476;28-12-2006;320
5477;29-12-2006;301
5478;30-12-2006;282
5479;31-12-2006;309
5480;1-1-2007;326
5481;2-1-2007;339
5482;3-1-2007;294
5483;4-1-2007;308
5484;5-1-2007;327
5485;6-1-2007;320
5486;7-1-2007;299
5487;8-1-2007;327
5488;9-1-2007;319
5489;10-1-2007;300
5490;11-1-2007;323
5491;12-1-2007;301
5492;13-1-2007;318
5493;14-1-2007;309
5494;15-1-2007;311
5495;16-1-2007;298
5496;17-1-2007;293
5497;18-1-2007;339
5498;19-1-2007;326
5499;20-1-2007;343
5500;21-1-2007;276
5501;22-1-2007;277
5502;23-1-2007;294
5503;24-1-2007;302
5504;25-1-2007;304
5505;26-1-2007;279
5506;27-1-2007;311
5507;28-1-2007;253
5508;29-1-2007;303
5509;30-1-2007;303
5510;31-1-2007;278
5511;1-2-2007;330
5512;2-2-2007;320
5513;3-2-2007;314
5514;4-2-2007;267
5515;5-2-2007;329
5516;6-2-2007;314
5517;7-2-2007;306
5518;8-2-2007;329
5519;9-2-2007;361
5520;10-2-2007;317
5521;11-2-2007;338
5522;12-2-2007;346
5523;13-2-2007;312
5524;14-2-2007;346
5525;15-2-2007;316
5526;16-2-2007;340
5527;17-2-2007;298
5528;18-2-2007;320
5529;19-2-2007;347
5530;20-2-2007;346
5531;21-2-2007;314
5532;22-2-2007;362
5533;23-2-2007;332
5534;24-2-2007;321
5535;25-2-2007;303
5536;26-2-2007;333
5537;27-2-2007;326
5538;28-2-2007;334
5539;1-3-2007;330
5540;2-3-2007;329
5541;3-3-2007;316
5542;4-3-2007;287
5543;5-3-2007;333
5544;6-3-2007;298
5545;7-3-2007;290
5546;8-3-2007;309
5547;9-3-2007;320
5548;10-3-2007;282
5549;11-3-2007;300
5550;12-3-2007;293
5551;13-3-2007;318
5552;14-3-2007;286
5553;15-3-2007;285
5554;16-3-2007;300
5555;17-3-2007;279
5556;18-3-2007;254
5557;19-3-2007;292
5558;20-3-2007;266
5559;21-3-2007;275
5560;22-3-2007;288
5561;23-3-2007;295
5562;24-3-2007;275
5563;25-3-2007;230
5564;26-3-2007;274
5565;27-3-2007;308
5566;28-3-2007;279
5567;29-3-2007;281
5568;30-3-2007;289
5569;31-3-2007;275
5570;1-4-2007;294
5571;2-4-2007;279
5572;3-4-2007;330
5573;4-4-2007;306
5574;5-4-2007;296
5575;6-4-2007;293
5576;7-4-2007;283
5577;8-4-2007;241
5578;9-4-2007;274
5579;10-4-2007;297
5580;11-4-2007;266
5581;12-4-2007;281
5582;13-4-2007;296
5583;14-4-2007;289
5584;15-4-2007;285
5585;16-4-2007;278
5586;17-4-2007;300
5587;18-4-2007;308
5588;19-4-2007;264
5589;20-4-2007;277
5590;21-4-2007;288
5591;22-4-2007;271
5592;23-4-2007;259
5593;24-4-2007;315
5594;25-4-2007;273
5595;26-4-2007;263
5596;27-4-2007;271
5597;28-4-2007;277
5598;29-4-2007;257
5599;30-4-2007;274
5600;1-5-2007;234
5601;2-5-2007;256
5602;3-5-2007;247
5603;4-5-2007;283
5604;5-5-2007;292
5605;6-5-2007;248
5606;7-5-2007;244
5607;8-5-2007;258
5608;9-5-2007;239
5609;10-5-2007;246
5610;11-5-2007;245
5611;12-5-2007;256
5612;13-5-2007;252
5613;14-5-2007;277
5614;15-5-2007;279
5615;16-5-2007;257
5616;17-5-2007;244
5617;18-5-2007;251
5618;19-5-2007;251
5619;20-5-2007;261
5620;21-5-2007;242
5621;22-5-2007;288
5622;23-5-2007;243
5623;24-5-2007;287
5624;25-5-2007;269
5625;26-5-2007;295
5626;27-5-2007;234
5627;28-5-2007;222
5628;29-5-2007;271
5629;30-5-2007;239
5630;31-5-2007;256
5631;1-6-2007;297
5632;2-6-2007;255
5633;3-6-2007;255
5634;4-6-2007;273
5635;5-6-2007;244
5636;6-6-2007;286
5637;7-6-2007;291
5638;8-6-2007;303
5639;9-6-2007;267
5640;10-6-2007;267
5641;11-6-2007;282
5642;12-6-2007;285
5643;13-6-2007;247
5644;14-6-2007;265
5645;15-6-2007;246
5646;16-6-2007;256
5647;17-6-2007;242
5648;18-6-2007;248
5649;19-6-2007;284
5650;20-6-2007;242
5651;21-6-2007;260
5652;22-6-2007;253
5653;23-6-2007;252
5654;24-6-2007;223
5655;25-6-2007;266
5656;26-6-2007;255
5657;27-6-2007;207
5658;28-6-2007;226
5659;29-6-2007;259
5660;30-6-2007;243
5661;1-7-2007;275
5662;2-7-2007;248
5663;3-7-2007;273
5664;4-7-2007;232
5665;5-7-2007;251
5666;6-7-2007;250
5667;7-7-2007;254
5668;8-7-2007;241
5669;9-7-2007;256
5670;10-7-2007;211
5671;11-7-2007;277
5672;12-7-2007;245
5673;13-7-2007;270
5674;14-7-2007;248
5675;15-7-2007;294
5676;16-7-2007;302
5677;17-7-2007;277
5678;18-7-2007;303
5679;19-7-2007;249
5680;20-7-2007;280
5681;21-7-2007;249
5682;22-7-2007;240
5683;23-7-2007;240
5684;24-7-2007;240
5685;25-7-2007;260
5686;26-7-2007;236
5687;27-7-2007;257
5688;28-7-2007;226
5689;29-7-2007;216
5690;30-7-2007;214
5691;31-7-2007;233
5692;1-8-2007;244
5693;2-8-2007;245
5694;3-8-2007;220
5695;4-8-2007;240
5696;5-8-2007;270
5697;6-8-2007;280
5698;7-8-2007;255
5699;8-8-2007;258
5700;9-8-2007;222
5701;10-8-2007;242
5702;11-8-2007;246
5703;12-8-2007;230
5704;13-8-2007;240
5705;14-8-2007;254
5706;15-8-2007;252
5707;16-8-2007;225
5708;17-8-2007;249
5709;18-8-2007;227
5710;19-8-2007;221
5711;20-8-2007;237
5712;21-8-2007;267
5713;22-8-2007;257
5714;23-8-2007;274
5715;24-8-2007;276
5716;25-8-2007;275
5717;26-8-2007;226
5718;27-8-2007;233
5719;28-8-2007;244
5720;29-8-2007;235
5721;30-8-2007;234
5722;31-8-2007;241
5723;1-9-2007;253
5724;2-9-2007;244
5725;3-9-2007;250
5726;4-9-2007;254
5727;5-9-2007;276
5728;6-9-2007;252
5729;7-9-2007;256
5730;8-9-2007;254
5731;9-9-2007;257
5732;10-9-2007;224
5733;11-9-2007;259
5734;12-9-2007;234
5735;13-9-2007;244
5736;14-9-2007;245
5737;15-9-2007;258
5738;16-9-2007;266
5739;17-9-2007;273
5740;18-9-2007;236
5741;19-9-2007;234
5742;20-9-2007;263
5743;21-9-2007;286
5744;22-9-2007;269
5745;23-9-2007;256
5746;24-9-2007;267
5747;25-9-2007;257
5748;26-9-2007;267
5749;27-9-2007;275
5750;28-9-2007;265
5751;29-9-2007;269
5752;30-9-2007;231
5753;1-10-2007;257
5754;2-10-2007;249
5755;3-10-2007;250
5756;4-10-2007;273
5757;5-10-2007;246
5758;6-10-2007;256
5759;7-10-2007;277
5760;8-10-2007;271
5761;9-10-2007;245
5762;10-10-2007;282
5763;11-10-2007;284
5764;12-10-2007;281
5765;13-10-2007;243
5766;14-10-2007;267
5767;15-10-2007;295
5768;16-10-2007;275
5769;17-10-2007;297
5770;18-10-2007;234
5771;19-10-2007;259
5772;20-10-2007;286
5773;21-10-2007;237
5774;22-10-2007;276
5775;23-10-2007;264
5776;24-10-2007;260
5777;25-10-2007;290
5778;26-10-2007;278
5779;27-10-2007;259
5780;28-10-2007;283
5781;29-10-2007;285
5782;30-10-2007;297
5783;31-10-2007;294
5784;1-11-2007;281
5785;2-11-2007;288
5786;3-11-2007;289
5787;4-11-2007;298
5788;5-11-2007;303
5789;6-11-2007;304
5790;7-11-2007;300
5791;8-11-2007;303
5792;9-11-2007;285
5793;10-11-2007;273
5794;11-11-2007;267
5795;12-11-2007;285
5796;13-11-2007;294
5797;14-11-2007;291
5798;15-11-2007;263
5799;16-11-2007;283
5800;17-11-2007;277
5801;18-11-2007;308
5802;19-11-2007;317
5803;20-11-2007;318
5804;21-11-2007;295
5805;22-11-2007;309
5806;23-11-2007;311
5807;24-11-2007;271
5808;25-11-2007;298
5809;26-11-2007;296
5810;27-11-2007;306
5811;28-11-2007;297
5812;29-11-2007;328
5813;30-11-2007;312
5814;1-12-2007;309
5815;2-12-2007;304
5816;3-12-2007;279
5817;4-12-2007;298
5818;5-12-2007;304
5819;6-12-2007;314
5820;7-12-2007;321
5821;8-12-2007;319
5822;9-12-2007;301
5823;10-12-2007;299
5824;11-12-2007;287
5825;12-12-2007;308
5826;13-12-2007;286
5827;14-12-2007;332
5828;15-12-2007;308
5829;16-12-2007;287
5830;17-12-2007;298
5831;18-12-2007;327
5832;19-12-2007;342
5833;20-12-2007;313
5834;21-12-2007;347
5835;22-12-2007;342
5836;23-12-2007;327
5837;24-12-2007;349
5838;25-12-2007;325
5839;26-12-2007;333
5840;27-12-2007;367
5841;28-12-2007;331
5842;29-12-2007;342
5843;30-12-2007;295
5844;31-12-2007;339
5845;1-1-2008;342
5846;2-1-2008;348
5847;3-1-2008;340
5848;4-1-2008;349
5849;5-1-2008;348
5850;6-1-2008;341
5851;7-1-2008;320
5852;8-1-2008;359
5853;9-1-2008;344
5854;10-1-2008;344
5855;11-1-2008;357
5856;12-1-2008;350
5857;13-1-2008;297
5858;14-1-2008;330
5859;15-1-2008;365
5860;16-1-2008;335
5861;17-1-2008;318
5862;18-1-2008;342
5863;19-1-2008;331
5864;20-1-2008;322
5865;21-1-2008;356
5866;22-1-2008;294
5867;23-1-2008;332
5868;24-1-2008;300
5869;25-1-2008;306
5870;26-1-2008;326
5871;27-1-2008;293
5872;28-1-2008;275
5873;29-1-2008;328
5874;30-1-2008;305
5875;31-1-2008;338
5876;1-2-2008;326
5877;2-2-2008;280
5878;3-2-2008;290
5879;4-2-2008;317
5880;5-2-2008;311
5881;6-2-2008;288
5882;7-2-2008;298
5883;8-2-2008;281
5884;9-2-2008;290
5885;10-2-2008;287
5886;11-2-2008;281
5887;12-2-2008;336
5888;13-2-2008;289
5889;14-2-2008;296
5890;15-2-2008;321
5891;16-2-2008;321
5892;17-2-2008;312
5893;18-2-2008;290
5894;19-2-2008;290
5895;20-2-2008;327
5896;21-2-2008;333
5897;22-2-2008;322
5898;23-2-2008;325
5899;24-2-2008;305
5900;25-2-2008;297
5901;26-2-2008;319
5902;27-2-2008;297
5903;28-2-2008;294
5904;29-2-2008;337
5905;1-3-2008;298
5906;2-3-2008;326
5907;3-3-2008;291
5908;4-3-2008;286
5909;5-3-2008;303
5910;6-3-2008;294
5911;7-3-2008;305
5912;8-3-2008;290
5913;9-3-2008;287
5914;10-3-2008;303
5915;11-3-2008;289
5916;12-3-2008;338
5917;13-3-2008;289
5918;14-3-2008;317
5919;15-3-2008;305
5920;16-3-2008;318
5921;17-3-2008;286
5922;18-3-2008;300
5923;19-3-2008;271
5924;20-3-2008;310
5925;21-3-2008;336
5926;22-3-2008;311
5927;23-3-2008;316
5928;24-3-2008;278
5929;25-3-2008;294
5930;26-3-2008;301
5931;27-3-2008;334
5932;28-3-2008;355
5933;29-3-2008;293
5934;30-3-2008;295
5935;31-3-2008;350
5936;1-4-2008;303
5937;2-4-2008;333
5938;3-4-2008;317
5939;4-4-2008;303
5940;5-4-2008;310
5941;6-4-2008;319
5942;7-4-2008;299
5943;8-4-2008;302
5944;9-4-2008;337
5945;10-4-2008;295
5946;11-4-2008;351
5947;12-4-2008;311
5948;13-4-2008;269
5949;14-4-2008;300
5950;15-4-2008;319
5951;16-4-2008;287
5952;17-4-2008;360
5953;18-4-2008;301
5954;19-4-2008;288
5955;20-4-2008;281
5956;21-4-2008;308
5957;22-4-2008;295
5958;23-4-2008;304
5959;24-4-2008;299
5960;25-4-2008;295
5961;26-4-2008;279
5962;27-4-2008;292
5963;28-4-2008;301
5964;29-4-2008;305
5965;30-4-2008;300
5966;1-5-2008;295
5967;2-5-2008;255
5968;3-5-2008;261
5969;4-5-2008;290
5970;5-5-2008;283
5971;6-5-2008;286
5972;7-5-2008;282
5973;8-5-2008;282
5974;9-5-2008;279
5975;10-5-2008;299
5976;11-5-2008;270
5977;12-5-2008;283
5978;13-5-2008;318
5979;14-5-2008;328
5980;15-5-2008;294
5981;16-5-2008;281
5982;17-5-2008;280
5983;18-5-2008;257
5984;19-5-2008;260
5985;20-5-2008;246
5986;21-5-2008;257
5987;22-5-2008;273
5988;23-5-2008;297
5989;24-5-2008;265
5990;25-5-2008;279
5991;26-5-2008;251
5992;27-5-2008;277
5993;28-5-2008;272
5994;29-5-2008;267
5995;30-5-2008;241
5996;31-5-2008;248
5997;1-6-2008;252
5998;2-6-2008;276
5999;3-6-2008;275
6000;4-6-2008;252
6001;5-6-2008;265
6002;6-6-2008;214
6003;7-6-2008;262
6004;8-6-2008;234
6005;9-6-2008;280
6006;10-6-2008;258
6007;11-6-2008;262
6008;12-6-2008;264
6009;13-6-2008;253
6010;14-6-2008;255
6011;15-6-2008;264
6012;16-6-2008;270
6013;17-6-2008;252
6014;18-6-2008;290
6015;19-6-2008;231
6016;20-6-2008;257
6017;21-6-2008;280
6018;22-6-2008;273
6019;23-6-2008;262
6020;24-6-2008;288
6021;25-6-2008;270
6022;26-6-2008;267
6023;27-6-2008;281
6024;28-6-2008;278
6025;29-6-2008;257
6026;30-6-2008;287
6027;1-7-2008;264
6028;2-7-2008;294
6029;3-7-2008;252
6030;4-7-2008;264
6031;5-7-2008;259
6032;6-7-2008;266
6033;7-7-2008;241
6034;8-7-2008;231
6035;9-7-2008;276
6036;10-7-2008;260
6037;11-7-2008;295
6038;12-7-2008;248
6039;13-7-2008;241
6040;14-7-2008;247
6041;15-7-2008;240
6042;16-7-2008;283
6043;17-7-2008;234
6044;18-7-2008;268
6045;19-7-2008;219
6046;20-7-2008;220
6047;21-7-2008;216
6048;22-7-2008;236
6049;23-7-2008;255
6050;24-7-2008;275
6051;25-7-2008;287
6052;26-7-2008;272
6053;27-7-2008;271
6054;28-7-2008;284
6055;29-7-2008;297
6056;30-7-2008;301
6057;31-7-2008;323
6058;1-8-2008;330
6059;2-8-2008;281
6060;3-8-2008;244
6061;4-8-2008;291
6062;5-8-2008;250
6063;6-8-2008;264
6064;7-8-2008;251
6065;8-8-2008;250
6066;9-8-2008;241
6067;10-8-2008;237
6068;11-8-2008;211
6069;12-8-2008;247
6070;13-8-2008;259
6071;14-8-2008;242
6072;15-8-2008;234
6073;16-8-2008;236
6074;17-8-2008;250
6075;18-8-2008;251
6076;19-8-2008;259
6077;20-8-2008;247
6078;21-8-2008;264
6079;22-8-2008;236
6080;23-8-2008;238
6081;24-8-2008;234
6082;25-8-2008;243
6083;26-8-2008;255
6084;27-8-2008;248
6085;28-8-2008;269
6086;29-8-2008;252
6087;30-8-2008;289
6088;31-8-2008;246
6089;1-9-2008;255
6090;2-9-2008;248
6091;3-9-2008;250
6092;4-9-2008;240
6093;5-9-2008;248
6094;6-9-2008;265
6095;7-9-2008;217
6096;8-9-2008;247
6097;9-9-2008;275
6098;10-9-2008;246
6099;11-9-2008;229
6100;12-9-2008;255
6101;13-9-2008;260
6102;14-9-2008;224
6103;15-9-2008;270
6104;16-9-2008;236
6105;17-9-2008;257
6106;18-9-2008;278
6107;19-9-2008;269
6108;20-9-2008;252
6109;21-9-2008;249
6110;22-9-2008;269
6111;23-9-2008;263
6112;24-9-2008;278
6113;25-9-2008;285
6114;26-9-2008;261
6115;27-9-2008;236
6116;28-9-2008;253
6117;29-9-2008;277
6118;30-9-2008;292
6119;1-10-2008;306
6120;2-10-2008;240
6121;3-10-2008;263
6122;4-10-2008;246
6123;5-10-2008;222
6124;6-10-2008;288
6125;7-10-2008;314
6126;8-10-2008;279
6127;9-10-2008;289
6128;10-10-2008;289
6129;11-10-2008;270
6130;12-10-2008;265
6131;13-10-2008;294
6132;14-10-2008;272
6133;15-10-2008;251
6134;16-10-2008;266
6135;17-10-2008;273
6136;18-10-2008;258
6137;19-10-2008;285
6138;20-10-2008;257
6139;21-10-2008;294
6140;22-10-2008;281
6141;23-10-2008;255
6142;24-10-2008;244
6143;25-10-2008;267
6144;26-10-2008;295
6145;27-10-2008;252
6146;28-10-2008;294
6147;29-10-2008;293
6148;30-10-2008;296
6149;31-10-2008;288
6150;1-11-2008;274
6151;2-11-2008;272
6152;3-11-2008;292
6153;4-11-2008;273
6154;5-11-2008;295
6155;6-11-2008;314
6156;7-11-2008;295
6157;8-11-2008;295
6158;9-11-2008;245
6159;10-11-2008;294
6160;11-11-2008;292
6161;12-11-2008;269
6162;13-11-2008;288
6163;14-11-2008;284
6164;15-11-2008;277
6165;16-11-2008;253
6166;17-11-2008;282
6167;18-11-2008;255
6168;19-11-2008;255
6169;20-11-2008;307
6170;21-11-2008;307
6171;22-11-2008;292
6172;23-11-2008;301
6173;24-11-2008;281
6174;25-11-2008;292
6175;26-11-2008;295
6176;27-11-2008;293
6177;28-11-2008;305
6178;29-11-2008;310
6179;30-11-2008;270
6180;1-12-2008;272
6181;2-12-2008;313
6182;3-12-2008;300
6183;4-12-2008;304
6184;5-12-2008;370
6185;6-12-2008;327
6186;7-12-2008;283
6187;8-12-2008;316
6188;9-12-2008;288
6189;10-12-2008;331
6190;11-12-2008;307
6191;12-12-2008;298
6192;13-12-2008;325
6193;14-12-2008;278
6194;15-12-2008;300
6195;16-12-2008;307
6196;17-12-2008;326
6197;18-12-2008;356
6198;19-12-2008;325
6199;20-12-2008;299
6200;21-12-2008;298
6201;22-12-2008;302
6202;23-12-2008;284
6203;24-12-2008;343
6204;25-12-2008;297
6205;26-12-2008;337
6206;27-12-2008;334
6207;28-12-2008;320
6208;29-12-2008;319
6209;30-12-2008;323
6210;31-12-2008;318
6211;1-1-2009;310
6212;2-1-2009;322
6213;3-1-2009;310
6214;4-1-2009;344
6215;5-1-2009;366
6216;6-1-2009;320
6217;7-1-2009;381
6218;8-1-2009;365
6219;9-1-2009;347
6220;10-1-2009;367
6221;11-1-2009;320
6222;12-1-2009;379
6223;13-1-2009;375
6224;14-1-2009;355
6225;15-1-2009;382
6226;16-1-2009;379
6227;17-1-2009;390
6228;18-1-2009;375
6229;19-1-2009;377
6230;20-1-2009;382
6231;21-1-2009;390
6232;22-1-2009;359
6233;23-1-2009;390
6234;24-1-2009;369
6235;25-1-2009;345
6236;26-1-2009;378
6237;27-1-2009;371
6238;28-1-2009;359
6239;29-1-2009;334
6240;30-1-2009;375
6241;31-1-2009;372
6242;1-2-2009;336
6243;2-2-2009;360
6244;3-2-2009;387
6245;4-2-2009;356
6246;5-2-2009;408
6247;6-2-2009;346
6248;7-2-2009;366
6249;8-2-2009;378
6250;9-2-2009;382
6251;10-2-2009;361
6252;11-2-2009;359
6253;12-2-2009;371
6254;13-2-2009;363
6255;14-2-2009;344
6256;15-2-2009;328
6257;16-2-2009;313
6258;17-2-2009;340
6259;18-2-2009;347
6260;19-2-2009;300
6261;20-2-2009;295
6262;21-2-2009;325
6263;22-2-2009;328
6264;23-2-2009;318
6265;24-2-2009;327
6266;25-2-2009;306
6267;26-2-2009;347
6268;27-2-2009;377
6269;28-2-2009;331
6270;1-3-2009;313
6271;2-3-2009;291
6272;3-3-2009;311
6273;4-3-2009;311
6274;5-3-2009;331
6275;6-3-2009;316
6276;7-3-2009;311
6277;8-3-2009;313
6278;9-3-2009;294
6279;10-3-2009;268
6280;11-3-2009;282
6281;12-3-2009;302
6282;13-3-2009;312
6283;14-3-2009;295
6284;15-3-2009;258
6285;16-3-2009;300
6286;17-3-2009;298
6287;18-3-2009;252
6288;19-3-2009;293
6289;20-3-2009;298
6290;21-3-2009;267
6291;22-3-2009;261
6292;23-3-2009;260
6293;24-3-2009;283
6294;25-3-2009;299
6295;26-3-2009;262
6296;27-3-2009;297
6297;28-3-2009;266
6298;29-3-2009;284
6299;30-3-2009;255
6300;31-3-2009;303
6301;1-4-2009;269
6302;2-4-2009;295
6303;3-4-2009;257
6304;4-4-2009;271
6305;5-4-2009;282
6306;6-4-2009;302
6307;7-4-2009;284
6308;8-4-2009;264
6309;9-4-2009;324
6310;10-4-2009;282
6311;11-4-2009;299
6312;12-4-2009;253
6313;13-4-2009;253
6314;14-4-2009;281
6315;15-4-2009;267
6316;16-4-2009;300
6317;17-4-2009;312
6318;18-4-2009;263
6319;19-4-2009;261
6320;20-4-2009;274
6321;21-4-2009;310
6322;22-4-2009;269
6323;23-4-2009;278
6324;24-4-2009;291
6325;25-4-2009;286
6326;26-4-2009;246
6327;27-4-2009;268
6328;28-4-2009;268
6329;29-4-2009;254
6330;30-4-2009;285
6331;1-5-2009;278
6332;2-5-2009;252
6333;3-5-2009;264
6334;4-5-2009;231
6335;5-5-2009;238
6336;6-5-2009;270
6337;7-5-2009;229
6338;8-5-2009;276
6339;9-5-2009;252
6340;10-5-2009;241
6341;11-5-2009;253
6342;12-5-2009;282
6343;13-5-2009;264
6344;14-5-2009;266
6345;15-5-2009;256
6346;16-5-2009;252
6347;17-5-2009;213
6348;18-5-2009;262
6349;19-5-2009;263
6350;20-5-2009;280
6351;21-5-2009;275
6352;22-5-2009;264
6353;23-5-2009;260
6354;24-5-2009;230
6355;25-5-2009;290
6356;26-5-2009;282
6357;27-5-2009;249
6358;28-5-2009;279
6359;29-5-2009;265
6360;30-5-2009;250
6361;31-5-2009;260
6362;1-6-2009;272
6363;2-6-2009;297
6364;3-6-2009;257
6365;4-6-2009;247
6366;5-6-2009;266
6367;6-6-2009;252
6368;7-6-2009;259
6369;8-6-2009;265
6370;9-6-2009;305
6371;10-6-2009;257
6372;11-6-2009;274
6373;12-6-2009;253
6374;13-6-2009;248
6375;14-6-2009;275
6376;15-6-2009;276
6377;16-6-2009;271
6378;17-6-2009;253
6379;18-6-2009;257
6380;19-6-2009;298
6381;20-6-2009;231
6382;21-6-2009;230
6383;22-6-2009;247
6384;23-6-2009;265
6385;24-6-2009;289
6386;25-6-2009;268
6387;26-6-2009;295
6388;27-6-2009;296
6389;28-6-2009;289
6390;29-6-2009;281
6391;30-6-2009;284
6392;1-7-2009;283
6393;2-7-2009;288
6394;3-7-2009;294
6395;4-7-2009;251
6396;5-7-2009;263
6397;6-7-2009;240
6398;7-7-2009;236
6399;8-7-2009;227
6400;9-7-2009;264
6401;10-7-2009;261
6402;11-7-2009;249
6403;12-7-2009;266
6404;13-7-2009;270
6405;14-7-2009;269
6406;15-7-2009;281
6407;16-7-2009;290
6408;17-7-2009;280
6409;18-7-2009;240
6410;19-7-2009;232
6411;20-7-2009;241
6412;21-7-2009;257
6413;22-7-2009;296
6414;23-7-2009;269
6415;24-7-2009;240
6416;25-7-2009;232
6417;26-7-2009;226
6418;27-7-2009;259
6419;28-7-2009;295
6420;29-7-2009;272
6421;30-7-2009;271
6422;31-7-2009;247
6423;1-8-2009;246
6424;2-8-2009;239
6425;3-8-2009;262
6426;4-8-2009;259
6427;5-8-2009;293
6428;6-8-2009;302
6429;7-8-2009;289
6430;8-8-2009;245
6431;9-8-2009;237
6432;10-8-2009;261
6433;11-8-2009;228
6434;12-8-2009;269
6435;13-8-2009;246
6436;14-8-2009;234
6437;15-8-2009;241
6438;16-8-2009;245
6439;17-8-2009;264
6440;18-8-2009;215
6441;19-8-2009;253
6442;20-8-2009;316
6443;21-8-2009;231
6444;22-8-2009;218
6445;23-8-2009;255
6446;24-8-2009;292
6447;25-8-2009;243
6448;26-8-2009;278
6449;27-8-2009;244
6450;28-8-2009;252
6451;29-8-2009;227
6452;30-8-2009;222
6453;31-8-2009;264
6454;1-9-2009;263
6455;2-9-2009;266
6456;3-9-2009;253
6457;4-9-2009;252
6458;5-9-2009;248
6459;6-9-2009;237
6460;7-9-2009;261
6461;8-9-2009;259
6462;9-9-2009;272
6463;10-9-2009;254
6464;11-9-2009;258
6465;12-9-2009;260
6466;13-9-2009;238
6467;14-9-2009;229
6468;15-9-2009;249
6469;16-9-2009;280
6470;17-9-2009;260
6471;18-9-2009;275
6472;19-9-2009;248
6473;20-9-2009;262
6474;21-9-2009;270
6475;22-9-2009;283
6476;23-9-2009;265
6477;24-9-2009;264
6478;25-9-2009;279
6479;26-9-2009;239
6480;27-9-2009;243
6481;28-9-2009;248
6482;29-9-2009;273
6483;30-9-2009;256
6484;1-10-2009;275
6485;2-10-2009;267
6486;3-10-2009;241
6487;4-10-2009;269
6488;5-10-2009;278
6489;6-10-2009;258
6490;7-10-2009;280
6491;8-10-2009;294
6492;9-10-2009;274
6493;10-10-2009;263
6494;11-10-2009;265
6495;12-10-2009;265
6496;13-10-2009;275
6497;14-10-2009;276
6498;15-10-2009;248
6499;16-10-2009;277
6500;17-10-2009;278
6501;18-10-2009;253
6502;19-10-2009;292
6503;20-10-2009;285
6504;21-10-2009;352
6505;22-10-2009;296
6506;23-10-2009;297
6507;24-10-2009;284
6508;25-10-2009;303
6509;26-10-2009;280
6510;27-10-2009;276
6511;28-10-2009;290
6512;29-10-2009;292
6513;30-10-2009;295
6514;31-10-2009;294
6515;1-11-2009;267
6516;2-11-2009;299
6517;3-11-2009;259
6518;4-11-2009;304
6519;5-11-2009;269
6520;6-11-2009;294
6521;7-11-2009;281
6522;8-11-2009;276
6523;9-11-2009;295
6524;10-11-2009;291
6525;11-11-2009;248
6526;12-11-2009;256
6527;13-11-2009;283
6528;14-11-2009;311
6529;15-11-2009;276
6530;16-11-2009;288
6531;17-11-2009;296
6532;18-11-2009;289
6533;19-11-2009;268
6534;20-11-2009;277
6535;21-11-2009;283
6536;22-11-2009;306
6537;23-11-2009;278
6538;24-11-2009;280
6539;25-11-2009;261
6540;26-11-2009;299
6541;27-11-2009;296
6542;28-11-2009;277
6543;29-11-2009;279
6544;30-11-2009;276
6545;1-12-2009;284
6546;2-12-2009;291
6547;3-12-2009;274
6548;4-12-2009;292
6549;5-12-2009;265
6550;6-12-2009;294
6551;7-12-2009;274
6552;8-12-2009;284
6553;9-12-2009;296
6554;10-12-2009;268
6555;11-12-2009;309
6556;12-12-2009;266
6557;13-12-2009;276
6558;14-12-2009;277
6559;15-12-2009;279
6560;16-12-2009;280
6561;17-12-2009;302
6562;18-12-2009;311
6563;19-12-2009;311
6564;20-12-2009;303
6565;21-12-2009;364
6566;22-12-2009;354
6567;23-12-2009;331
6568;24-12-2009;370
6569;25-12-2009;306
6570;26-12-2009;274
6571;27-12-2009;296
6572;28-12-2009;325
6573;29-12-2009;340
6574;30-12-2009;339
6575;31-12-2009;333
6576;1-1-2010;325
6577;2-1-2010;324
6578;3-1-2010;315
6579;4-1-2010;291
6580;5-1-2010;328
6581;6-1-2010;341
6582;7-1-2010;353
6583;8-1-2010;327
6584;9-1-2010;299
6585;10-1-2010;341
6586;11-1-2010;313
6587;12-1-2010;341
6588;13-1-2010;361
6589;14-1-2010;379
6590;15-1-2010;346
6591;16-1-2010;312
6592;17-1-2010;300
6593;18-1-2010;368
6594;19-1-2010;326
6595;20-1-2010;333
6596;21-1-2010;341
6597;22-1-2010;317
6598;23-1-2010;329
6599;24-1-2010;289
6600;25-1-2010;313
6601;26-1-2010;335
6602;27-1-2010;272
6603;28-1-2010;349
6604;29-1-2010;339
6605;30-1-2010;326
6606;31-1-2010;292
6607;1-2-2010;313
6608;2-2-2010;323
6609;3-2-2010;331
6610;4-2-2010;320
6611;5-2-2010;340
6612;6-2-2010;325
6613;7-2-2010;296
6614;8-2-2010;318
6615;9-2-2010;308
6616;10-2-2010;326
6617;11-2-2010;302
6618;12-2-2010;306
6619;13-2-2010;311
6620;14-2-2010;280
6621;15-2-2010;353
6622;16-2-2010;320
6623;17-2-2010;306
6624;18-2-2010;332
6625;19-2-2010;321
6626;20-2-2010;319
6627;21-2-2010;309
6628;22-2-2010;342
6629;23-2-2010;288
6630;24-2-2010;313
6631;25-2-2010;315
6632;26-2-2010;320
6633;27-2-2010;335
6634;28-2-2010;297
6635;1-3-2010;327
6636;2-3-2010;268
6637;3-3-2010;321
6638;4-3-2010;286
6639;5-3-2010;323
6640;6-3-2010;309
6641;7-3-2010;282
6642;8-3-2010;289
6643;9-3-2010;310
6644;10-3-2010;321
6645;11-3-2010;326
6646;12-3-2010;326
6647;13-3-2010;286
6648;14-3-2010;286
6649;15-3-2010;313
6650;16-3-2010;282
6651;17-3-2010;288
6652;18-3-2010;316
6653;19-3-2010;297
6654;20-3-2010;304
6655;21-3-2010;292
6656;22-3-2010;292
6657;23-3-2010;302
6658;24-3-2010;289
6659;25-3-2010;312
6660;26-3-2010;267
6661;27-3-2010;312
6662;28-3-2010;262
6663;29-3-2010;303
6664;30-3-2010;303
6665;31-3-2010;288
6666;1-4-2010;282
6667;2-4-2010;320
6668;3-4-2010;279
6669;4-4-2010;249
6670;5-4-2010;246
6671;6-4-2010;305
6672;7-4-2010;297
6673;8-4-2010;291
6674;9-4-2010;255
6675;10-4-2010;274
6676;11-4-2010;250
6677;12-4-2010;268
6678;13-4-2010;299
6679;14-4-2010;303
6680;15-4-2010;269
6681;16-4-2010;282
6682;17-4-2010;250
6683;18-4-2010;277
6684;19-4-2010;273
6685;20-4-2010;279
6686;21-4-2010;253
6687;22-4-2010;277
6688;23-4-2010;286
6689;24-4-2010;262
6690;25-4-2010;299
6691;26-4-2010;256
6692;27-4-2010;310
6693;28-4-2010;272
6694;29-4-2010;274
6695;30-4-2010;289
6696;1-5-2010;297
6697;2-5-2010;258
6698;3-5-2010;285
6699;4-5-2010;263
6700;5-5-2010;256
6701;6-5-2010;291
6702;7-5-2010;271
6703;8-5-2010;281
6704;9-5-2010;247
6705;10-5-2010;283
6706;11-5-2010;278
6707;12-5-2010;297
6708;13-5-2010;298
6709;14-5-2010;274
6710;15-5-2010;266
6711;16-5-2010;271
6712;17-5-2010;282
6713;18-5-2010;296
6714;19-5-2010;263
6715;20-5-2010;287
6716;21-5-2010;280
6717;22-5-2010;301
6718;23-5-2010;280
6719;24-5-2010;288
6720;25-5-2010;289
6721;26-5-2010;276
6722;27-5-2010;280
6723;28-5-2010;270
6724;29-5-2010;250
6725;30-5-2010;233
6726;31-5-2010;261
6727;1-6-2010;287
6728;2-6-2010;290
6729;3-6-2010;312
6730;4-6-2010;315
6731;5-6-2010;278
6732;6-6-2010;286
6733;7-6-2010;303
6734;8-6-2010;260
6735;9-6-2010;275
6736;10-6-2010;290
6737;11-6-2010;263
6738;12-6-2010;241
6739;13-6-2010;250
6740;14-6-2010;235
6741;15-6-2010;226
6742;16-6-2010;242
6743;17-6-2010;270
6744;18-6-2010;278
6745;19-6-2010;261
6746;20-6-2010;224
6747;21-6-2010;276
6748;22-6-2010;265
6749;23-6-2010;298
6750;24-6-2010;254
6751;25-6-2010;320
6752;26-6-2010;274
6753;27-6-2010;274
6754;28-6-2010;306
6755;29-6-2010;330
6756;30-6-2010;294
6757;1-7-2010;292
6758;2-7-2010;363
6759;3-7-2010;348
6760;4-7-2010;267
6761;5-7-2010;278
6762;6-7-2010;301
6763;7-7-2010;255
6764;8-7-2010;284
6765;9-7-2010;294
6766;10-7-2010;330
6767;11-7-2010;321
6768;12-7-2010;330
6769;13-7-2010;284
6770;14-7-2010;271
6771;15-7-2010;255
6772;16-7-2010;262
6773;17-7-2010;247
6774;18-7-2010;222
6775;19-7-2010;260
6776;20-7-2010;318
6777;21-7-2010;291
6778;22-7-2010;259
6779;23-7-2010;222
6780;24-7-2010;244
6781;25-7-2010;248
6782;26-7-2010;255
6783;27-7-2010;257
6784;28-7-2010;251
6785;29-7-2010;245
6786;30-7-2010;271
6787;31-7-2010;212
6788;1-8-2010;261
6789;2-8-2010;247
6790;3-8-2010;283
6791;4-8-2010;244
6792;5-8-2010;264
6793;6-8-2010;271
6794;7-8-2010;247
6795;8-8-2010;229
6796;9-8-2010;278
6797;10-8-2010;269
6798;11-8-2010;272
6799;12-8-2010;261
6800;13-8-2010;251
6801;14-8-2010;263
6802;15-8-2010;222
6803;16-8-2010;259
6804;17-8-2010;234
6805;18-8-2010;266
6806;19-8-2010;255
6807;20-8-2010;267
6808;21-8-2010;272
6809;22-8-2010;300
6810;23-8-2010;288
6811;24-8-2010;261
6812;25-8-2010;248
6813;26-8-2010;249
6814;27-8-2010;246
6815;28-8-2010;278
6816;29-8-2010;228
6817;30-8-2010;246
6818;31-8-2010;270
6819;1-9-2010;243
6820;2-9-2010;255
6821;3-9-2010;285
6822;4-9-2010;248
6823;5-9-2010;257
6824;6-9-2010;252
6825;7-9-2010;263
6826;8-9-2010;271
6827;9-9-2010;270
6828;10-9-2010;274
6829;11-9-2010;258
6830;12-9-2010;238
6831;13-9-2010;302
6832;14-9-2010;293
6833;15-9-2010;283
6834;16-9-2010;273
6835;17-9-2010;271
6836;18-9-2010;253
6837;19-9-2010;236
6838;20-9-2010;261
6839;21-9-2010;275
6840;22-9-2010;319
6841;23-9-2010;307
6842;24-9-2010;281
6843;25-9-2010;270
6844;26-9-2010;268
6845;27-9-2010;306
6846;28-9-2010;275
6847;29-9-2010;259
6848;30-9-2010;267
6849;1-10-2010;304
6850;2-10-2010;281
6851;3-10-2010;260
6852;4-10-2010;283
6853;5-10-2010;292
6854;6-10-2010;266
6855;7-10-2010;298
6856;8-10-2010;291
6857;9-10-2010;267
6858;10-10-2010;258
6859;11-10-2010;252
6860;12-10-2010;257
6861;13-10-2010;250
6862;14-10-2010;263
6863;15-10-2010;262
6864;16-10-2010;261
6865;17-10-2010;268
6866;18-10-2010;274
6867;19-10-2010;271
6868;20-10-2010;316
6869;21-10-2010;274
6870;22-10-2010;262
6871;23-10-2010;271
6872;24-10-2010;282
6873;25-10-2010;277
6874;26-10-2010;286
6875;27-10-2010;267
6876;28-10-2010;285
6877;29-10-2010;306
6878;30-10-2010;309
6879;31-10-2010;275
6880;1-11-2010;261
6881;2-11-2010;284
6882;3-11-2010;288
6883;4-11-2010;296
6884;5-11-2010;280
6885;6-11-2010;268
6886;7-11-2010;278
6887;8-11-2010;300
6888;9-11-2010;273
6889;10-11-2010;266
6890;11-11-2010;261
6891;12-11-2010;287
6892;13-11-2010;297
6893;14-11-2010;288
6894;15-11-2010;236
6895;16-11-2010;287
6896;17-11-2010;283
6897;18-11-2010;298
6898;19-11-2010;313
6899;20-11-2010;269
6900;21-11-2010;239
6901;22-11-2010;250
6902;23-11-2010;278
6903;24-11-2010;307
6904;25-11-2010;292
6905;26-11-2010;312
6906;27-11-2010;283
6907;28-11-2010;274
6908;29-11-2010;290
6909;30-11-2010;309
6910;1-12-2010;327
6911;2-12-2010;305
6912;3-12-2010;288
6913;4-12-2010;327
6914;5-12-2010;301
6915;6-12-2010;314
6916;7-12-2010;304
6917;8-12-2010;321
6918;9-12-2010;321
6919;10-12-2010;309
6920;11-12-2010;287
6921;12-12-2010;316
6922;13-12-2010;324
6923;14-12-2010;326
6924;15-12-2010;317
6925;16-12-2010;358
6926;17-12-2010;318
6927;18-12-2010;333
6928;19-12-2010;312
6929;20-12-2010;309
6930;21-12-2010;320
6931;22-12-2010;338
6932;23-12-2010;340
6933;24-12-2010;340
6934;25-12-2010;326
6935;26-12-2010;339
6936;27-12-2010;331
6937;28-12-2010;320
6938;29-12-2010;320
6939;30-12-2010;344
6940;31-12-2010;334
6941;1-1-2011;331
6942;2-1-2011;331
6943;3-1-2011;368
6944;4-1-2011;365
6945;5-1-2011;301
6946;6-1-2011;344
6947;7-1-2011;350
6948;8-1-2011;319
6949;9-1-2011;287
6950;10-1-2011;300
6951;11-1-2011;336
6952;12-1-2011;361
6953;13-1-2011;377
6954;14-1-2011;328
6955;15-1-2011;294
6956;16-1-2011;327
6957;17-1-2011;316
6958;18-1-2011;312
6959;19-1-2011;323
6960;20-1-2011;341
6961;21-1-2011;310
6962;22-1-2011;313
6963;23-1-2011;276
6964;24-1-2011;275
6965;25-1-2011;324
6966;26-1-2011;276
6967;27-1-2011;317
6968;28-1-2011;303
6969;29-1-2011;273
6970;30-1-2011;262
6971;31-1-2011;275
6972;1-2-2011;311
6973;2-2-2011;297
6974;3-2-2011;316
6975;4-2-2011;327
6976;5-2-2011;327
6977;6-2-2011;291
6978;7-2-2011;303
6979;8-2-2011;299
6980;9-2-2011;292
6981;10-2-2011;284
6982;11-2-2011;288
6983;12-2-2011;305
6984;13-2-2011;295
6985;14-2-2011;311
6986;15-2-2011;292
6987;16-2-2011;309
6988;17-2-2011;310
6989;18-2-2011;296
6990;19-2-2011;287
6991;20-2-2011;263
6992;21-2-2011;274
6993;22-2-2011;268
6994;23-2-2011;314
6995;24-2-2011;312
6996;25-2-2011;317
6997;26-2-2011;295
6998;27-2-2011;273
6999;28-2-2011;286
7000;1-3-2011;281
7001;2-3-2011;269
7002;3-3-2011;275
7003;4-3-2011;305
7004;5-3-2011;288
7005;6-3-2011;268
7006;7-3-2011;305
7007;8-3-2011;313
7008;9-3-2011;305
7009;10-3-2011;325
7010;11-3-2011;325
7011;12-3-2011;297
7012;13-3-2011;274
7013;14-3-2011;299
7014;15-3-2011;318
7015;16-3-2011;302
7016;17-3-2011;282
7017;18-3-2011;298
7018;19-3-2011;300
7019;20-3-2011;278
7020;21-3-2011;308
7021;22-3-2011;269
7022;23-3-2011;330
7023;24-3-2011;282
7024;25-3-2011;319
7025;26-3-2011;286
7026;27-3-2011;255
7027;28-3-2011;263
7028;29-3-2011;319
7029;30-3-2011;295
7030;31-3-2011;282
7031;1-4-2011;296
7032;2-4-2011;295
7033;3-4-2011;264
7034;4-4-2011;282
7035;5-4-2011;254
7036;6-4-2011;275
7037;7-4-2011;314
7038;8-4-2011;302
7039;9-4-2011;283
7040;10-4-2011;226
7041;11-4-2011;249
7042;12-4-2011;260
7043;13-4-2011;284
7044;14-4-2011;277
7045;15-4-2011;296
7046;16-4-2011;268
7047;17-4-2011;264
7048;18-4-2011;252
7049;19-4-2011;270
7050;20-4-2011;293
7051;21-4-2011;322
7052;22-4-2011;332
7053;23-4-2011;307
7054;24-4-2011;270
7055;25-4-2011;295
7056;26-4-2011;283
7057;27-4-2011;273
7058;28-4-2011;298
7059;29-4-2011;275
7060;30-4-2011;273
7061;1-5-2011;237
7062;2-5-2011;278
7063;3-5-2011;283
7064;4-5-2011;235
7065;5-5-2011;258
7066;6-5-2011;291
7067;7-5-2011;264
7068;8-5-2011;273
7069;9-5-2011;304
7070;10-5-2011;310
7071;11-5-2011;304
7072;12-5-2011;255
7073;13-5-2011;293
7074;14-5-2011;247
7075;15-5-2011;249
7076;16-5-2011;248
7077;17-5-2011;271
7078;18-5-2011;246
7079;19-5-2011;255
7080;20-5-2011;283
7081;21-5-2011;285
7082;22-5-2011;284
7083;23-5-2011;266
7084;24-5-2011;289
7085;25-5-2011;280
7086;26-5-2011;277
7087;27-5-2011;284
7088;28-5-2011;306
7089;29-5-2011;257
7090;30-5-2011;279
7091;31-5-2011;262
7092;1-6-2011;291
7093;2-6-2011;288
7094;3-6-2011;272
7095;4-6-2011;319
7096;5-6-2011;286
7097;6-6-2011;276
7098;7-6-2011;265
7099;8-6-2011;272
7100;9-6-2011;274
7101;10-6-2011;283
7102;11-6-2011;247
7103;12-6-2011;253
7104;13-6-2011;259
7105;14-6-2011;268
7106;15-6-2011;277
7107;16-6-2011;268
7108;17-6-2011;277
7109;18-6-2011;284
7110;19-6-2011;255
7111;20-6-2011;252
7112;21-6-2011;268
7113;22-6-2011;273
7114;23-6-2011;280
7115;24-6-2011;265
7116;25-6-2011;256
7117;26-6-2011;238
7118;27-6-2011;297
7119;28-6-2011;384
7120;29-6-2011;315
7121;30-6-2011;249
7122;1-7-2011;262
7123;2-7-2011;269
7124;3-7-2011;261
7125;4-7-2011;274
7126;5-7-2011;261
7127;6-7-2011;285
7128;7-7-2011;310
7129;8-7-2011;308
7130;9-7-2011;275
7131;10-7-2011;257
7132;11-7-2011;266
7133;12-7-2011;263
7134;13-7-2011;255
7135;14-7-2011;252
7136;15-7-2011;256
7137;16-7-2011;261
7138;17-7-2011;245
7139;18-7-2011;284
7140;19-7-2011;254
7141;20-7-2011;254
7142;21-7-2011;238
7143;22-7-2011;265
7144;23-7-2011;238
7145;24-7-2011;257
7146;25-7-2011;272
7147;26-7-2011;252
7148;27-7-2011;255
7149;28-7-2011;241
7150;29-7-2011;262
7151;30-7-2011;242
7152;31-7-2011;253
7153;1-8-2011;282
7154;2-8-2011;244
7155;3-8-2011;312
7156;4-8-2011;285
7157;5-8-2011;277
7158;6-8-2011;302
7159;7-8-2011;229
7160;8-8-2011;257
7161;9-8-2011;263
7162;10-8-2011;263
7163;11-8-2011;302
7164;12-8-2011;278
7165;13-8-2011;280
7166;14-8-2011;235
7167;15-8-2011;233
7168;16-8-2011;249
7169;17-8-2011;237
7170;18-8-2011;300
7171;19-8-2011;257
7172;20-8-2011;246
7173;21-8-2011;248
7174;22-8-2011;232
7175;23-8-2011;289
7176;24-8-2011;317
7177;25-8-2011;250
7178;26-8-2011;277
7179;27-8-2011;245
7180;28-8-2011;248
7181;29-8-2011;240
7182;30-8-2011;240
7183;31-8-2011;250
7184;1-9-2011;260
7185;2-9-2011;274
7186;3-9-2011;315
7187;4-9-2011;277
7188;5-9-2011;248
7189;6-9-2011;257
7190;7-9-2011;262
7191;8-9-2011;271
7192;9-9-2011;271
7193;10-9-2011;292
7194;11-9-2011;231
7195;12-9-2011;252
7196;13-9-2011;273
7197;14-9-2011;263
7198;15-9-2011;269
7199;16-9-2011;275
7200;17-9-2011;258
7201;18-9-2011;232
7202;19-9-2011;252
7203;20-9-2011;256
7204;21-9-2011;251
7205;22-9-2011;272
7206;23-9-2011;266
7207;24-9-2011;256
7208;25-9-2011;266
7209;26-9-2011;281
7210;27-9-2011;290
7211;28-9-2011;289
7212;29-9-2011;326
7213;30-9-2011;294
7214;1-10-2011;289
7215;2-10-2011;246
7216;3-10-2011;277
7217;4-10-2011;273
7218;5-10-2011;270
7219;6-10-2011;266
7220;7-10-2011;266
7221;8-10-2011;289
7222;9-10-2011;250
7223;10-10-2011;299
7224;11-10-2011;269
7225;12-10-2011;295
7226;13-10-2011;271
7227;14-10-2011;268
7228;15-10-2011;276
7229;16-10-2011;236
7230;17-10-2011;247
7231;18-10-2011;288
7232;19-10-2011;265
7233;20-10-2011;284
7234;21-10-2011;309
7235;22-10-2011;260
7236;23-10-2011;277
7237;24-10-2011;291
7238;25-10-2011;293
7239;26-10-2011;322
7240;27-10-2011;254
7241;28-10-2011;315
7242;29-10-2011;321
7243;30-10-2011;289
7244;31-10-2011;318
7245;1-11-2011;307
7246;2-11-2011;281
7247;3-11-2011;311
7248;4-11-2011;305
7249;5-11-2011;320
7250;6-11-2011;274
7251;7-11-2011;257
7252;8-11-2011;286
7253;9-11-2011;293
7254;10-11-2011;298
7255;11-11-2011;281
7256;12-11-2011;266
7257;13-11-2011;256
7258;14-11-2011;290
7259;15-11-2011;303
7260;16-11-2011;278
7261;17-11-2011;324
7262;18-11-2011;333
7263;19-11-2011;279
7264;20-11-2011;270
7265;21-11-2011;273
7266;22-11-2011;342
7267;23-11-2011;272
7268;24-11-2011;282
7269;25-11-2011;296
7270;26-11-2011;286
7271;27-11-2011;276
7272;28-11-2011;265
7273;29-11-2011;341
7274;30-11-2011;318
7275;1-12-2011;340
7276;2-12-2011;309
7277;3-12-2011;294
7278;4-12-2011;292
7279;5-12-2011;300
7280;6-12-2011;339
7281;7-12-2011;320
7282;8-12-2011;305
7283;9-12-2011;310
7284;10-12-2011;315
7285;11-12-2011;293
7286;12-12-2011;315
7287;13-12-2011;327
7288;14-12-2011;332
7289;15-12-2011;323
7290;16-12-2011;328
7291;17-12-2011;288
7292;18-12-2011;290
7293;19-12-2011;359
7294;20-12-2011;328
7295;21-12-2011;365
7296;22-12-2011;345
7297;23-12-2011;317
7298;24-12-2011;335
7299;25-12-2011;334
7300;26-12-2011;303
7301;27-12-2011;331
7302;28-12-2011;320
7303;29-12-2011;347
7304;30-12-2011;349
7305;31-12-2011;337
7306;1-1-2012;334
7307;2-1-2012;314
7308;3-1-2012;397
7309;4-1-2012;312
7310;5-1-2012;326
7311;6-1-2012;326
7312;7-1-2012;304
7313;8-1-2012;307
7314;9-1-2012;310
7315;10-1-2012;314
7316;11-1-2012;308
7317;12-1-2012;356
7318;13-1-2012;312
7319;14-1-2012;305
7320;15-1-2012;313
7321;16-1-2012;334
7322;17-1-2012;291
7323;18-1-2012;334
7324;19-1-2012;368
7325;20-1-2012;290
7326;21-1-2012;302
7327;22-1-2012;313
7328;23-1-2012;334
7329;24-1-2012;337
7330;25-1-2012;310
7331;26-1-2012;307
7332;27-1-2012;315
7333;28-1-2012;316
7334;29-1-2012;314
7335;30-1-2012;303
7336;31-1-2012;336
7337;1-2-2012;360
7338;2-2-2012;324
7339;3-2-2012;367
7340;4-2-2012;342
7341;5-2-2012;326
7342;6-2-2012;330
7343;7-2-2012;344
7344;8-2-2012;340
7345;9-2-2012;349
7346;10-2-2012;396
7347;11-2-2012;378
7348;12-2-2012;308
7349;13-2-2012;393
7350;14-2-2012;397
7351;15-2-2012;396
7352;16-2-2012;400
7353;17-2-2012;391
7354;18-2-2012;388
7355;19-2-2012;352
7356;20-2-2012;407
7357;21-2-2012;365
7358;22-2-2012;403
7359;23-2-2012;401
7360;24-2-2012;387
7361;25-2-2012;461
7362;26-2-2012;346
7363;27-2-2012;387
7364;28-2-2012;408
7365;29-2-2012;370
7366;1-3-2012;386
7367;2-3-2012;382
7368;3-3-2012;360
7369;4-3-2012;357
7370;5-3-2012;356
7371;6-3-2012;348
7372;7-3-2012;353
7373;8-3-2012;344
7374;9-3-2012;357
7375;10-3-2012;368
7376;11-3-2012;354
7377;12-3-2012;345
7378;13-3-2012;362
7379;14-3-2012;318
7380;15-3-2012;380
7381;16-3-2012;360
7382;17-3-2012;344
7383;18-3-2012;318
7384;19-3-2012;303
7385;20-3-2012;322
7386;21-3-2012;322
7387;22-3-2012;328
7388;23-3-2012;302
7389;24-3-2012;341
7390;25-3-2012;244
7391;26-3-2012;309
7392;27-3-2012;334
7393;28-3-2012;328
7394;29-3-2012;333
7395;30-3-2012;324
7396;31-3-2012;307
7397;1-4-2012;271
7398;2-4-2012;314
7399;3-4-2012;298
7400;4-4-2012;297
7401;5-4-2012;291
7402;6-4-2012;300
7403;7-4-2012;312
7404;8-4-2012;287
7405;9-4-2012;310
7406;10-4-2012;305
7407;11-4-2012;333
7408;12-4-2012;285
7409;13-4-2012;318
7410;14-4-2012;291
7411;15-4-2012;280
7412;16-4-2012;269
7413;17-4-2012;305
7414;18-4-2012;327
7415;19-4-2012;318
7416;20-4-2012;327
7417;21-4-2012;290
7418;22-4-2012;274
7419;23-4-2012;271
7420;24-4-2012;313
7421;25-4-2012;299
7422;26-4-2012;279
7423;27-4-2012;332
7424;28-4-2012;246
7425;29-4-2012;287
7426;30-4-2012;310
7427;1-5-2012;302
7428;2-5-2012;302
7429;3-5-2012;318
7430;4-5-2012;300
7431;5-5-2012;287
7432;6-5-2012;272
7433;7-5-2012;281
7434;8-5-2012;267
7435;9-5-2012;312
7436;10-5-2012;342
7437;11-5-2012;296
7438;12-5-2012;264
7439;13-5-2012;258
7440;14-5-2012;279
7441;15-5-2012;260
7442;16-5-2012;266
7443;17-5-2012;282
7444;18-5-2012;262
7445;19-5-2012;258
7446;20-5-2012;272
7447;21-5-2012;312
7448;22-5-2012;307
7449;23-5-2012;286
7450;24-5-2012;346
7451;25-5-2012;291
7452;26-5-2012;276
7453;27-5-2012;268
7454;28-5-2012;291
7455;29-5-2012;282
7456;30-5-2012;287
7457;31-5-2012;265
7458;1-6-2012;267
7459;2-6-2012;246
7460;3-6-2012;266
7461;4-6-2012;263
7462;5-6-2012;279
7463;6-6-2012;285
7464;7-6-2012;289
7465;8-6-2012;277
7466;9-6-2012;260
7467;10-6-2012;244
7468;11-6-2012;285
7469;12-6-2012;253
7470;13-6-2012;249
7471;14-6-2012;268
7472;15-6-2012;288
7473;16-6-2012;266
7474;17-6-2012;236
7475;18-6-2012;298
7476;19-6-2012;277
7477;20-6-2012;282
7478;21-6-2012;280
7479;22-6-2012;264
7480;23-6-2012;255
7481;24-6-2012;246
7482;25-6-2012;274
7483;26-6-2012;296
7484;27-6-2012;278
7485;28-6-2012;320
7486;29-6-2012;307
7487;30-6-2012;291
7488;1-7-2012;250
7489;2-7-2012;239
7490;3-7-2012;278
7491;4-7-2012;268
7492;5-7-2012;268
7493;6-7-2012;320
7494;7-7-2012;240
7495;8-7-2012;251
7496;9-7-2012;273
7497;10-7-2012;303
7498;11-7-2012;256
7499;12-7-2012;268
7500;13-7-2012;231
7501;14-7-2012;268
7502;15-7-2012;217
7503;16-7-2012;235
7504;17-7-2012;243
7505;18-7-2012;245
7506;19-7-2012;265
7507;20-7-2012;256
7508;21-7-2012;263
7509;22-7-2012;267
7510;23-7-2012;261
7511;24-7-2012;285
7512;25-7-2012;273
7513;26-7-2012;307
7514;27-7-2012;334
7515;28-7-2012;313
7516;29-7-2012;268
7517;30-7-2012;238
7518;31-7-2012;246
7519;1-8-2012;268
7520;2-8-2012;246
7521;3-8-2012;268
7522;4-8-2012;266
7523;5-8-2012;239
7524;6-8-2012;275
7525;7-8-2012;263
7526;8-8-2012;246
7527;9-8-2012;275
7528;10-8-2012;248
7529;11-8-2012;267
7530;12-8-2012;260
7531;13-8-2012;246
7532;14-8-2012;268
7533;15-8-2012;263
7534;16-8-2012;268
7535;17-8-2012;255
7536;18-8-2012;256
7537;19-8-2012;282
7538;20-8-2012;334
7539;21-8-2012;309
7540;22-8-2012;258
7541;23-8-2012;271
7542;24-8-2012;274
7543;25-8-2012;265
7544;26-8-2012;243
7545;27-8-2012;250
7546;28-8-2012;269
7547;29-8-2012;256
7548;30-8-2012;206
7549;31-8-2012;264
7550;1-9-2012;242
7551;2-9-2012;244
7552;3-9-2012;236
7553;4-9-2012;288
7554;5-9-2012;257
7555;6-9-2012;245
7556;7-9-2012;262
7557;8-9-2012;259
7558;9-9-2012;243
7559;10-9-2012;262
7560;11-9-2012;295
7561;12-9-2012;263
7562;13-9-2012;254
7563;14-9-2012;270
7564;15-9-2012;258
7565;16-9-2012;243
7566;17-9-2012;280
7567;18-9-2012;258
7568;19-9-2012;258
7569;20-9-2012;239
7570;21-9-2012;261
7571;22-9-2012;265
7572;23-9-2012;227
7573;24-9-2012;280
7574;25-9-2012;313
7575;26-9-2012;261
7576;27-9-2012;291
7577;28-9-2012;308
7578;29-9-2012;299
7579;30-9-2012;244
7580;1-10-2012;286
7581;2-10-2012;308
7582;3-10-2012;273
7583;4-10-2012;283
7584;5-10-2012;299
7585;6-10-2012;289
7586;7-10-2012;277
7587;8-10-2012;281
7588;9-10-2012;281
7589;10-10-2012;311
7590;11-10-2012;266
7591;12-10-2012;293
7592;13-10-2012;282
7593;14-10-2012;251
7594;15-10-2012;279
7595;16-10-2012;278
7596;17-10-2012;276
7597;18-10-2012;300
7598;19-10-2012;332
7599;20-10-2012;297
7600;21-10-2012;288
7601;22-10-2012;293
7602;23-10-2012;293
7603;24-10-2012;291
7604;25-10-2012;288
7605;26-10-2012;301
7606;27-10-2012;277
7607;28-10-2012;275
7608;29-10-2012;288
7609;30-10-2012;315
7610;31-10-2012;294
7611;1-11-2012;300
7612;2-11-2012;278
7613;3-11-2012;259
7614;4-11-2012;273
7615;5-11-2012;276
7616;6-11-2012;325
7617;7-11-2012;300
7618;8-11-2012;309
7619;9-11-2012;310
7620;10-11-2012;310
7621;11-11-2012;265
7622;12-11-2012;320
7623;13-11-2012;274
7624;14-11-2012;302
7625;15-11-2012;307
7626;16-11-2012;298
7627;17-11-2012;279
7628;18-11-2012;250
7629;19-11-2012;291
7630;20-11-2012;317
7631;21-11-2012;276
7632;22-11-2012;296
7633;23-11-2012;292
7634;24-11-2012;339
7635;25-11-2012;268
7636;26-11-2012;269
7637;27-11-2012;294
7638;28-11-2012;317
7639;29-11-2012;335
7640;30-11-2012;302
7641;1-12-2012;275
7642;2-12-2012;269
7643;3-12-2012;299
7644;4-12-2012;299
7645;5-12-2012;297
7646;6-12-2012;295
7647;7-12-2012;323
7648;8-12-2012;321
7649;9-12-2012;318
7650;10-12-2012;317
7651;11-12-2012;279
7652;12-12-2012;315
7653;13-12-2012;301
7654;14-12-2012;330
7655;15-12-2012;343
7656;16-12-2012;299
7657;17-12-2012;349
7658;18-12-2012;335
7659;19-12-2012;306
7660;20-12-2012;300
7661;21-12-2012;349
7662;22-12-2012;335
7663;23-12-2012;318
7664;24-12-2012;308
7665;25-12-2012;322
7666;26-12-2012;338
7667;27-12-2012;308
7668;28-12-2012;291
7669;29-12-2012;329
7670;30-12-2012;307
7671;31-12-2012;325
7672;1-1-2013;323
7673;2-1-2013;338
7674;3-1-2013;325
7675;4-1-2013;309
7676;5-1-2013;313
7677;6-1-2013;303
7678;7-1-2013;317
7679;8-1-2013;330
7680;9-1-2013;331
7681;10-1-2013;325
7682;11-1-2013;347
7683;12-1-2013;320
7684;13-1-2013;297
7685;14-1-2013;320
7686;15-1-2013;324
7687;16-1-2013;302
7688;17-1-2013;310
7689;18-1-2013;316
7690;19-1-2013;337
7691;20-1-2013;329
7692;21-1-2013;379
7693;22-1-2013;329
7694;23-1-2013;372
7695;24-1-2013;339
7696;25-1-2013;357
7697;26-1-2013;333
7698;27-1-2013;335
7699;28-1-2013;341
7700;29-1-2013;385
7701;30-1-2013;384
7702;31-1-2013;384
7703;1-2-2013;385
7704;2-2-2013;363
7705;3-2-2013;334
7706;4-2-2013;334
7707;5-2-2013;374
7708;6-2-2013;356
7709;7-2-2013;363
7710;8-2-2013;351
7711;9-2-2013;331
7712;10-2-2013;339
7713;11-2-2013;369
7714;12-2-2013;325
7715;13-2-2013;363
7716;14-2-2013;331
7717;15-2-2013;354
7718;16-2-2013;350
7719;17-2-2013;352
7720;18-2-2013;357
7721;19-2-2013;329
7722;20-2-2013;348
7723;21-2-2013;332
7724;22-2-2013;363
7725;23-2-2013;353
7726;24-2-2013;353
7727;25-2-2013;411
7728;26-2-2013;366
7729;27-2-2013;348
7730;28-2-2013;369
7731;1-3-2013;368
7732;2-3-2013;339
7733;3-3-2013;348
7734;4-3-2013;360
7735;5-3-2013;381
7736;6-3-2013;415
7737;7-3-2013;404
7738;8-3-2013;363
7739;9-3-2013;342
7740;10-3-2013;307
7741;11-3-2013;313
7742;12-3-2013;321
7743;13-3-2013;341
7744;14-3-2013;341
7745;15-3-2013;350
7746;16-3-2013;337
7747;17-3-2013;340
7748;18-3-2013;345
7749;19-3-2013;357
7750;20-3-2013;333
7751;21-3-2013;363
7752;22-3-2013;324
7753;23-3-2013;337
7754;24-3-2013;305
7755;25-3-2013;358
7756;26-3-2013;355
7757;27-3-2013;351
7758;28-3-2013;319
7759;29-3-2013;338
7760;30-3-2013;329
7761;31-3-2013;315
7762;1-4-2013;340
7763;2-4-2013;357
7764;3-4-2013;332
7765;4-4-2013;323
7766;5-4-2013;390
7767;6-4-2013;323
7768;7-4-2013;353
7769;8-4-2013;377
7770;9-4-2013;323
7771;10-4-2013;375
7772;11-4-2013;356
7773;12-4-2013;347
7774;13-4-2013;311
7775;14-4-2013;326
7776;15-4-2013;338
7777;16-4-2013;357
7778;17-4-2013;336
7779;18-4-2013;336
7780;19-4-2013;336
7781;20-4-2013;289
7782;21-4-2013;262
7783;22-4-2013;307
7784;23-4-2013;288
7785;24-4-2013;315
7786;25-4-2013;338
7787;26-4-2013;295
7788;27-4-2013;307
7789;28-4-2013;289
7790;29-4-2013;286
7791;30-4-2013;251
7792;1-5-2013;255
7793;2-5-2013;282
7794;3-5-2013;288
7795;4-5-2013;311
7796;5-5-2013;267
7797;6-5-2013;295
7798;7-5-2013;305
7799;8-5-2013;295
7800;9-5-2013;287
7801;10-5-2013;253
7802;11-5-2013;277
7803;12-5-2013;248
7804;13-5-2013;286
7805;14-5-2013;283
7806;15-5-2013;283
7807;16-5-2013;285
7808;17-5-2013;292
7809;18-5-2013;302
7810;19-5-2013;257
7811;20-5-2013;272
7812;21-5-2013;282
7813;22-5-2013;292
7814;23-5-2013;324
7815;24-5-2013;260
7816;25-5-2013;291
7817;26-5-2013;263
7818;27-5-2013;256
7819;28-5-2013;291
7820;29-5-2013;314
7821;30-5-2013;285
7822;31-5-2013;316
7823;1-6-2013;279
7824;2-6-2013;276
7825;3-6-2013;317
7826;4-6-2013;332
7827;5-6-2013;309
7828;6-6-2013;313
7829;7-6-2013;340
7830;8-6-2013;311
7831;9-6-2013;257
7832;10-6-2013;274
7833;11-6-2013;317
7834;12-6-2013;292
7835;13-6-2013;295
7836;14-6-2013;310
7837;15-6-2013;245
7838;16-6-2013;266
7839;17-6-2013;290
7840;18-6-2013;296
7841;19-6-2013;320
7842;20-6-2013;304
7843;21-6-2013;302
7844;22-6-2013;273
7845;23-6-2013;247
7846;24-6-2013;265
7847;25-6-2013;285
7848;26-6-2013;255
7849;27-6-2013;252
7850;28-6-2013;290
7851;29-6-2013;249
7852;30-6-2013;254
7853;1-7-2013;251
7854;2-7-2013;279
7855;3-7-2013;292
7856;4-7-2013;255
7857;5-7-2013;256
7858;6-7-2013;247
7859;7-7-2013;248
7860;8-7-2013;275
7861;9-7-2013;299
7862;10-7-2013;267
7863;11-7-2013;277
7864;12-7-2013;250
7865;13-7-2013;257
7866;14-7-2013;257
7867;15-7-2013;266
7868;16-7-2013;305
7869;17-7-2013;239
7870;18-7-2013;273
7871;19-7-2013;312
7872;20-7-2013;238
7873;21-7-2013;250
7874;22-7-2013;290
7875;23-7-2013;319
7876;24-7-2013;293
7877;25-7-2013;307
7878;26-7-2013;286
7879;27-7-2013;312
7880;28-7-2013;254
7881;29-7-2013;263
7882;30-7-2013;256
7883;31-7-2013;287
7884;1-8-2013;279
7885;2-8-2013;282
7886;3-8-2013;258
7887;4-8-2013;242
7888;5-8-2013;275
7889;6-8-2013;249
7890;7-8-2013;282
7891;8-8-2013;245
7892;9-8-2013;250
7893;10-8-2013;243
7894;11-8-2013;252
7895;12-8-2013;260
7896;13-8-2013;272
7897;14-8-2013;216
7898;15-8-2013;245
7899;16-8-2013;267
7900;17-8-2013;252
7901;18-8-2013;249
7902;19-8-2013;257
7903;20-8-2013;274
7904;21-8-2013;273
7905;22-8-2013;271
7906;23-8-2013;296
7907;24-8-2013;240
7908;25-8-2013;255
7909;26-8-2013;239
7910;27-8-2013;234
7911;28-8-2013;268
7912;29-8-2013;289
7913;30-8-2013;284
7914;31-8-2013;258
7915;1-9-2013;234
7916;2-9-2013;235
7917;3-9-2013;282
7918;4-9-2013;227
7919;5-9-2013;311
7920;6-9-2013;281
7921;7-9-2013;259
7922;8-9-2013;262
7923;9-9-2013;274
7924;10-9-2013;241
7925;11-9-2013;253
7926;12-9-2013;279
7927;13-9-2013;265
7928;14-9-2013;256
7929;15-9-2013;225
7930;16-9-2013;241
7931;17-9-2013;262
7932;18-9-2013;230
7933;19-9-2013;250
7934;20-9-2013;283
7935;21-9-2013;256
7936;22-9-2013;252
7937;23-9-2013;286
7938;24-9-2013;327
7939;25-9-2013;284
7940;26-9-2013;331
7941;27-9-2013;288
7942;28-9-2013;266
7943;29-9-2013;283
7944;30-9-2013;303
7945;1-10-2013;286
7946;2-10-2013;263
7947;3-10-2013;283
7948;4-10-2013;344
7949;5-10-2013;265
7950;6-10-2013;266
7951;7-10-2013;258
7952;8-10-2013;283
7953;9-10-2013;279
7954;10-10-2013;278
7955;11-10-2013;256
7956;12-10-2013;262
7957;13-10-2013;259
7958;14-10-2013;278
7959;15-10-2013;287
7960;16-10-2013;314
7961;17-10-2013;300
7962;18-10-2013;285
7963;19-10-2013;304
7964;20-10-2013;286
7965;21-10-2013;312
7966;22-10-2013;296
7967;23-10-2013;279
7968;24-10-2013;292
7969;25-10-2013;279
7970;26-10-2013;286
7971;27-10-2013;231
7972;28-10-2013;271
7973;29-10-2013;260
7974;30-10-2013;265
7975;31-10-2013;269
7976;1-11-2013;291
7977;2-11-2013;282
7978;3-11-2013;239
7979;4-11-2013;271
7980;5-11-2013;295
7981;6-11-2013;282
7982;7-11-2013;294
7983;8-11-2013;281
7984;9-11-2013;279
7985;10-11-2013;246
7986;11-11-2013;255
7987;12-11-2013;277
7988;13-11-2013;286
7989;14-11-2013;271
7990;15-11-2013;267
7991;16-11-2013;264
7992;17-11-2013;252
7993;18-11-2013;327
7994;19-11-2013;323
7995;20-11-2013;278
7996;21-11-2013;304
7997;22-11-2013;285
7998;23-11-2013;322
7999;24-11-2013;271
8000;25-11-2013;283
8001;26-11-2013;281
8002;27-11-2013;307
8003;28-11-2013;303
8004;29-11-2013;289
8005;30-11-2013;300
8006;1-12-2013;277
8007;2-12-2013;308
8008;3-12-2013;309
8009;4-12-2013;298
8010;5-12-2013;277
8011;6-12-2013;294
8012;7-12-2013;262
8013;8-12-2013;265
8014;9-12-2013;334
8015;10-12-2013;280
8016;11-12-2013;318
8017;12-12-2013;318
8018;13-12-2013;291
8019;14-12-2013;300
8020;15-12-2013;304
8021;16-12-2013;296
8022;17-12-2013;318
8023;18-12-2013;315
8024;19-12-2013;307
8025;20-12-2013;334
8026;21-12-2013;313
8027;22-12-2013;306
8028;23-12-2013;313
8029;24-12-2013;325
8030;25-12-2013;313
8031;26-12-2013;314
8032;27-12-2013;300
8033;28-12-2013;322
8034;29-12-2013;303
8035;30-12-2013;288
8036;31-12-2013;339
8037;1-1-2014;333
8038;2-1-2014;317
8039;3-1-2014;344
8040;4-1-2014;297
8041;5-1-2014;296
8042;6-1-2014;337
8043;7-1-2014;334
8044;8-1-2014;339
8045;9-1-2014;298
8046;10-1-2014;315
8047;11-1-2014;299
8048;12-1-2014;278
8049;13-1-2014;326
8050;14-1-2014;332
8051;15-1-2014;293
8052;16-1-2014;285
8053;17-1-2014;310
8054;18-1-2014;300
8055;19-1-2014;290
8056;20-1-2014;295
8057;21-1-2014;313
8058;22-1-2014;303
8059;23-1-2014;309
8060;24-1-2014;318
8061;25-1-2014;296
8062;26-1-2014;256
8063;27-1-2014;301
8064;28-1-2014;295
8065;29-1-2014;328
8066;30-1-2014;306
8067;31-1-2014;333
8068;1-2-2014;343
8069;2-2-2014;284
8070;3-2-2014;311
8071;4-2-2014;322
8072;5-2-2014;306
8073;6-2-2014;337
8074;7-2-2014;334
8075;8-2-2014;305
8076;9-2-2014;310
8077;10-2-2014;286
8078;11-2-2014;299
8079;12-2-2014;327
8080;13-2-2014;346
8081;14-2-2014;299
8082;15-2-2014;329
8083;16-2-2014;281
8084;17-2-2014;309
8085;18-2-2014;318
8086;19-2-2014;348
8087;20-2-2014;312
8088;21-2-2014;306
8089;22-2-2014;304
8090;23-2-2014;299
8091;24-2-2014;309
8092;25-2-2014;328
8093;26-2-2014;312
8094;27-2-2014;315
8095;28-2-2014;325
8096;1-3-2014;273
8097;2-3-2014;269
8098;3-3-2014;266
8099;4-3-2014;290
8100;5-3-2014;305
8101;6-3-2014;300
8102;7-3-2014;322
8103;8-3-2014;308
8104;9-3-2014;279
8105;10-3-2014;320
8106;11-3-2014;314
8107;12-3-2014;307
8108;13-3-2014;331
8109;14-3-2014;311
8110;15-3-2014;323
8111;16-3-2014;292
8112;17-3-2014;325
8113;18-3-2014;297
8114;19-3-2014;302
8115;20-3-2014;303
8116;21-3-2014;345
8117;22-3-2014;296
8118;23-3-2014;284
8119;24-3-2014;293
8120;25-3-2014;325
8121;26-3-2014;326
8122;27-3-2014;271
8123;28-3-2014;271
8124;29-3-2014;283
8125;30-3-2014;279
8126;31-3-2014;337
8127;1-4-2014;301
8128;2-4-2014;326
8129;3-4-2014;307
8130;4-4-2014;320
8131;5-4-2014;301
8132;6-4-2014;283
8133;7-4-2014;313
8134;8-4-2014;278
8135;9-4-2014;248
8136;10-4-2014;310
8137;11-4-2014;310
8138;12-4-2014;280
8139;13-4-2014;289
8140;14-4-2014;274
8141;15-4-2014;280
8142;16-4-2014;248
8143;17-4-2014;275
8144;18-4-2014;306
8145;19-4-2014;272
8146;20-4-2014;265
8147;21-4-2014;285
8148;22-4-2014;275
8149;23-4-2014;303
8150;24-4-2014;339
8151;25-4-2014;286
8152;26-4-2014;285
8153;27-4-2014;244
8154;28-4-2014;266
8155;29-4-2014;277
8156;30-4-2014;279
8157;1-5-2014;246
8158;2-5-2014;290
8159;3-5-2014;284
8160;4-5-2014;250
8161;5-5-2014;271
8162;6-5-2014;283
8163;7-5-2014;302
8164;8-5-2014;300
8165;9-5-2014;264
8166;10-5-2014;266
8167;11-5-2014;250
8168;12-5-2014;290
8169;13-5-2014;269
8170;14-5-2014;269
8171;15-5-2014;296
8172;16-5-2014;306
8173;17-5-2014;290
8174;18-5-2014;280
8175;19-5-2014;275
8176;20-5-2014;320
8177;21-5-2014;285
8178;22-5-2014;268
8179;23-5-2014;284
8180;24-5-2014;259
8181;25-5-2014;257
8182;26-5-2014;267
8183;27-5-2014;283
8184;28-5-2014;296
8185;29-5-2014;281
8186;30-5-2014;276
8187;31-5-2014;276
8188;1-6-2014;278
8189;2-6-2014;260
8190;3-6-2014;293
8191;4-6-2014;299
8192;5-6-2014;277
8193;6-6-2014;277
8194;7-6-2014;262
8195;8-6-2014;280
8196;9-6-2014;298
8197;10-6-2014;313
8198;11-6-2014;277
8199;12-6-2014;255
8200;13-6-2014;256
8201;14-6-2014;267
8202;15-6-2014;232
8203;16-6-2014;251
8204;17-6-2014;269
8205;18-6-2014;277
8206;19-6-2014;246
8207;20-6-2014;290
8208;21-6-2014;278
8209;22-6-2014;242
8210;23-6-2014;251
8211;24-6-2014;314
8212;25-6-2014;272
8213;26-6-2014;255
8214;27-6-2014;263
8215;28-6-2014;271
8216;29-6-2014;239
8217;30-6-2014;223
8218;1-7-2014;273
8219;2-7-2014;262
8220;3-7-2014;268
8221;4-7-2014;315
8222;5-7-2014;260
8223;6-7-2014;266
8224;7-7-2014;256
8225;8-7-2014;282
8226;9-7-2014;259
8227;10-7-2014;298
8228;11-7-2014;277
8229;12-7-2014;251
8230;13-7-2014;230
8231;14-7-2014;236
8232;15-7-2014;315
8233;16-7-2014;239
8234;17-7-2014;320
8235;18-7-2014;290
8236;19-7-2014;319
8237;20-7-2014;320
8238;21-7-2014;274
8239;22-7-2014;295
8240;23-7-2014;284
8241;24-7-2014;293
8242;25-7-2014;262
8243;26-7-2014;293
8244;27-7-2014;298
8245;28-7-2014;301
8246;29-7-2014;283
8247;30-7-2014;263
8248;31-7-2014;268
8249;1-8-2014;273
8250;2-8-2014;261
8251;3-8-2014;256
8252;4-8-2014;239
8253;5-8-2014;255
8254;6-8-2014;280
8255;7-8-2014;289
8256;8-8-2014;235
8257;9-8-2014;273
8258;10-8-2014;244
8259;11-8-2014;241
8260;12-8-2014;248
8261;13-8-2014;266
8262;14-8-2014;259
8263;15-8-2014;263
8264;16-8-2014;211
8265;17-8-2014;219
8266;18-8-2014;248
8267;19-8-2014;300
8268;20-8-2014;251
8269;21-8-2014;240
8270;22-8-2014;248
8271;23-8-2014;269
8272;24-8-2014;227
8273;25-8-2014;264
8274;26-8-2014;277
8275;27-8-2014;273
8276;28-8-2014;287
8277;29-8-2014;268
8278;30-8-2014;245
8279;31-8-2014;267
8280;1-9-2014;276
8281;2-9-2014;279
8282;3-9-2014;262
8283;4-9-2014;278
8284;5-9-2014;286
8285;6-9-2014;276
8286;7-9-2014;236
8287;8-9-2014;254
8288;9-9-2014;263
8289;10-9-2014;282
8290;11-9-2014;255
8291;12-9-2014;253
8292;13-9-2014;265
8293;14-9-2014;265
8294;15-9-2014;224
8295;16-9-2014;293
8296;17-9-2014;265
8297;18-9-2014;309
8298;19-9-2014;306
8299;20-9-2014;260
8300;21-9-2014;255
8301;22-9-2014;235
8302;23-9-2014;254
8303;24-9-2014;242
8304;25-9-2014;246
8305;26-9-2014;288
8306;27-9-2014;262
8307;28-9-2014;265
8308;29-9-2014;256
8309;30-9-2014;264
8310;1-10-2014;282
8311;2-10-2014;271
8312;3-10-2014;275
8313;4-10-2014;284
8314;5-10-2014;229
8315;6-10-2014;250
8316;7-10-2014;309
8317;8-10-2014;273
8318;9-10-2014;297
8319;10-10-2014;261
8320;11-10-2014;264
8321;12-10-2014;228
8322;13-10-2014;294
8323;14-10-2014;257
8324;15-10-2014;269
8325;16-10-2014;268
8326;17-10-2014;267
8327;18-10-2014;314
8328;19-10-2014;261
8329;20-10-2014;275
8330;21-10-2014;283
8331;22-10-2014;290
8332;23-10-2014;291
8333;24-10-2014;264
8334;25-10-2014;282
8335;26-10-2014;282
8336;27-10-2014;243
8337;28-10-2014;307
8338;29-10-2014;286
8339;30-10-2014;275
8340;31-10-2014;300
8341;1-11-2014;285
8342;2-11-2014;246
8343;3-11-2014;275
8344;4-11-2014;292
8345;5-11-2014;281
8346;6-11-2014;267
8347;7-11-2014;276
8348;8-11-2014;275
8349;9-11-2014;256
8350;10-11-2014;295
8351;11-11-2014;296
8352;12-11-2014;304
8353;13-11-2014;276
8354;14-11-2014;279
8355;15-11-2014;274
8356;16-11-2014;252
8357;17-11-2014;267
8358;18-11-2014;277
8359;19-11-2014;290
8360;20-11-2014;315
8361;21-11-2014;305
8362;22-11-2014;293
8363;23-11-2014;277
8364;24-11-2014;316
8365;25-11-2014;302
8366;26-11-2014;280
8367;27-11-2014;315
8368;28-11-2014;307
8369;29-11-2014;299
8370;30-11-2014;286
8371;1-12-2014;266
8372;2-12-2014;295
8373;3-12-2014;323
8374;4-12-2014;302
8375;5-12-2014;312
8376;6-12-2014;299
8377;7-12-2014;291
8378;8-12-2014;300
8379;9-12-2014;313
8380;10-12-2014;358
8381;11-12-2014;332
8382;12-12-2014;354
8383;13-12-2014;332
8384;14-12-2014;296
8385;15-12-2014;303
8386;16-12-2014;340
8387;17-12-2014;329
8388;18-12-2014;368
8389;19-12-2014;374
8390;20-12-2014;310
8391;21-12-2014;302
8392;22-12-2014;321
8393;23-12-2014;337
8394;24-12-2014;316
8395;25-12-2014;316
8396;26-12-2014;349
8397;27-12-2014;315
8398;28-12-2014;325
8399;29-12-2014;341
8400;30-12-2014;341
8401;31-12-2014;344
8402;1-1-2015;356
8403;2-1-2015;383
8404;3-1-2015;366
8405;4-1-2015;330
8406;5-1-2015;331
8407;6-1-2015;325
8408;7-1-2015;392
8409;8-1-2015;390
8410;9-1-2015;376
8411;10-1-2015;378
8412;11-1-2015;333
8413;12-1-2015;361
8414;13-1-2015;384
8415;14-1-2015;366
8416;15-1-2015;369
8417;16-1-2015;377
8418;17-1-2015;346
8419;18-1-2015;323
8420;19-1-2015;306
8421;20-1-2015;399
8422;21-1-2015;360
8423;22-1-2015;383
8424;23-1-2015;361
8425;24-1-2015;364
8426;25-1-2015;337
8427;26-1-2015;373
8428;27-1-2015;367
8429;28-1-2015;404
8430;29-1-2015;387
8431;30-1-2015;392
8432;31-1-2015;350
8433;1-2-2015;371
8434;2-2-2015;393
8435;3-2-2015;412
8436;4-2-2015;406
8437;5-2-2015;383
8438;6-2-2015;397
8439;7-2-2015;358
8440;8-2-2015;378
8441;9-2-2015;437
8442;10-2-2015;398
8443;11-2-2015;437
8444;12-2-2015;402
8445;13-2-2015;442
8446;14-2-2015;414
8447;15-2-2015;362
8448;16-2-2015;410
8449;17-2-2015;372
8450;18-2-2015;384
8451;19-2-2015;392
8452;20-2-2015;417
8453;21-2-2015;391
8454;22-2-2015;408
8455;23-2-2015;408
8456;24-2-2015;372
8457;25-2-2015;393
8458;26-2-2015;370
8459;27-2-2015;381
8460;28-2-2015;364
8461;1-3-2015;355
8462;2-3-2015;357
8463;3-3-2015;330
8464;4-3-2015;330
8465;5-3-2015;368
8466;6-3-2015;375
8467;7-3-2015;351
8468;8-3-2015;346
8469;9-3-2015;337
8470;10-3-2015;377
8471;11-3-2015;319
8472;12-3-2015;337
8473;13-3-2015;336
8474;14-3-2015;348
8475;15-3-2015;326
8476;16-3-2015;355
8477;17-3-2015;402
8478;18-3-2015;330
8479;19-3-2015;352
8480;20-3-2015;311
8481;21-3-2015;325
8482;22-3-2015;305
8483;23-3-2015;341
8484;24-3-2015;333
8485;25-3-2015;319
8486;26-3-2015;316
8487;27-3-2015;332
8488;28-3-2015;322
8489;29-3-2015;307
8490;30-3-2015;311
8491;31-3-2015;322
8492;1-4-2015;288
8493;2-4-2015;294
8494;3-4-2015;352
8495;4-4-2015;317
8496;5-4-2015;279
8497;6-4-2015;289
8498;7-4-2015;356
8499;8-4-2015;324
8500;9-4-2015;318
8501;10-4-2015;325
8502;11-4-2015;322
8503;12-4-2015;284
8504;13-4-2015;315
8505;14-4-2015;340
8506;15-4-2015;290
8507;16-4-2015;296
8508;17-4-2015;326
8509;18-4-2015;310
8510;19-4-2015;275
8511;20-4-2015;290
8512;21-4-2015;295
8513;22-4-2015;305
8514;23-4-2015;306
8515;24-4-2015;320
8516;25-4-2015;295
8517;26-4-2015;276
8518;27-4-2015;280
8519;28-4-2015;280
8520;29-4-2015;292
8521;30-4-2015;304
8522;1-5-2015;298
8523;2-5-2015;245
8524;3-5-2015;306
8525;4-5-2015;296
8526;5-5-2015;310
8527;6-5-2015;262
8528;7-5-2015;303
8529;8-5-2015;312
8530;9-5-2015;306
8531;10-5-2015;274
8532;11-5-2015;298
8533;12-5-2015;297
8534;13-5-2015;311
8535;14-5-2015;280
8536;15-5-2015;281
8537;16-5-2015;256
8538;17-5-2015;253
8539;18-5-2015;292
8540;19-5-2015;298
8541;20-5-2015;273
8542;21-5-2015;278
8543;22-5-2015;272
8544;23-5-2015;274
8545;24-5-2015;263
8546;25-5-2015;255
8547;26-5-2015;264
8548;27-5-2015;294
8549;28-5-2015;273
8550;29-5-2015;268
8551;30-5-2015;265
8552;31-5-2015;286
8553;1-6-2015;296
8554;2-6-2015;293
8555;3-6-2015;280
8556;4-6-2015;285
8557;5-6-2015;301
8558;6-6-2015;263
8559;7-6-2015;224
8560;8-6-2015;254
8561;9-6-2015;267
8562;10-6-2015;287
8563;11-6-2015;277
8564;12-6-2015;356
8565;13-6-2015;294
8566;14-6-2015;268
8567;15-6-2015;249
8568;16-6-2015;283
8569;17-6-2015;279
8570;18-6-2015;295
8571;19-6-2015;279
8572;20-6-2015;267
8573;21-6-2015;248
8574;22-6-2015;273
8575;23-6-2015;243
8576;24-6-2015;269
8577;25-6-2015;298
8578;26-6-2015;296
8579;27-6-2015;266
8580;28-6-2015;243
8581;29-6-2015;293
8582;30-6-2015;280
8583;1-7-2015;338
8584;2-7-2015;335
8585;3-7-2015;369
8586;4-7-2015;328
8587;5-7-2015;358
8588;6-7-2015;306
8589;7-7-2015;276
8590;8-7-2015;271
8591;9-7-2015;263
8592;10-7-2015;290
8593;11-7-2015;265
8594;12-7-2015;237
8595;13-7-2015;264
8596;14-7-2015;252
8597;15-7-2015;261
8598;16-7-2015;268
8599;17-7-2015;284
8600;18-7-2015;226
8601;19-7-2015;242
8602;20-7-2015;261
8603;21-7-2015;265
8604;22-7-2015;240
8605;23-7-2015;236
8606;24-7-2015;283
8607;25-7-2015;237
8608;26-7-2015;218
8609;27-7-2015;244
8610;28-7-2015;258
8611;29-7-2015;257
8612;30-7-2015;228
8613;31-7-2015;295
8614;1-8-2015;255
8615;2-8-2015;240
8616;3-8-2015;291
8617;4-8-2015;283
8618;5-8-2015;301
8619;6-8-2015;297
8620;7-8-2015;301
8621;8-8-2015;284
8622;9-8-2015;240
8623;10-8-2015;271
8624;11-8-2015;259
8625;12-8-2015;296
8626;13-8-2015;251
8627;14-8-2015;299
8628;15-8-2015;243
8629;16-8-2015;233
8630;17-8-2015;263
8631;18-8-2015;244
8632;19-8-2015;262
8633;20-8-2015;240
8634;21-8-2015;263
8635;22-8-2015;237
8636;23-8-2015;246
8637;24-8-2015;305
8638;25-8-2015;270
8639;26-8-2015;278
8640;27-8-2015;272
8641;28-8-2015;266
8642;29-8-2015;270
8643;30-8-2015;258
8644;31-8-2015;267
8645;1-9-2015;244
8646;2-9-2015;224
8647;3-9-2015;238
8648;4-9-2015;266
8649;5-9-2015;272
8650;6-9-2015;264
8651;7-9-2015;265
8652;8-9-2015;279
8653;9-9-2015;255
8654;10-9-2015;295
8655;11-9-2015;275
8656;12-9-2015;291
8657;13-9-2015;257
8658;14-9-2015;275
8659;15-9-2015;237
8660;16-9-2015;258
8661;17-9-2015;279
8662;18-9-2015;272
8663;19-9-2015;266
8664;20-9-2015;257
8665;21-9-2015;256
8666;22-9-2015;293
8667;23-9-2015;291
8668;24-9-2015;266
8669;25-9-2015;304
8670;26-9-2015;259
8671;27-9-2015;263
8672;28-9-2015;254
8673;29-9-2015;305
8674;30-9-2015;289
8675;1-10-2015;305
8676;2-10-2015;273
8677;3-10-2015;261
8678;4-10-2015;286
8679;5-10-2015;270
8680;6-10-2015;313
8681;7-10-2015;293
8682;8-10-2015;296
8683;9-10-2015;306
8684;10-10-2015;287
8685;11-10-2015;254
8686;12-10-2015;273
8687;13-10-2015;287
8688;14-10-2015;297
8689;15-10-2015;285
8690;16-10-2015;301
8691;17-10-2015;314
8692;18-10-2015;302
8693;19-10-2015;292
8694;20-10-2015;295
8695;21-10-2015;279
8696;22-10-2015;301
8697;23-10-2015;276
8698;24-10-2015;294
8699;25-10-2015;301
8700;26-10-2015;299
8701;27-10-2015;334
8702;28-10-2015;314
8703;29-10-2015;316
8704;30-10-2015;281
8705;31-10-2015;289
8706;1-11-2015;262
8707;2-11-2015;267
8708;3-11-2015;299
8709;4-11-2015;305
8710;5-11-2015;294
8711;6-11-2015;276
8712;7-11-2015;255
8713;8-11-2015;255
8714;9-11-2015;269
8715;10-11-2015;293
8716;11-11-2015;258
8717;12-11-2015;285
8718;13-11-2015;295
8719;14-11-2015;260
8720;15-11-2015;274
8721;16-11-2015;311
8722;17-11-2015;289
8723;18-11-2015;306
8724;19-11-2015;297
8725;20-11-2015;281
8726;21-11-2015;274
8727;22-11-2015;262
8728;23-11-2015;286
8729;24-11-2015;327
8730;25-11-2015;266
8731;26-11-2015;284
8732;27-11-2015;299
8733;28-11-2015;283
8734;29-11-2015;276
8735;30-11-2015;255
8736;1-12-2015;303
8737;2-12-2015;299
8738;3-12-2015;278
8739;4-12-2015;317
8740;5-12-2015;282
8741;6-12-2015;258
8742;7-12-2015;310
8743;8-12-2015;311
8744;9-12-2015;309
8745;10-12-2015;293
8746;11-12-2015;321
8747;12-12-2015;292
8748;13-12-2015;277
8749;14-12-2015;284
8750;15-12-2015;315
8751;16-12-2015;317
8752;17-12-2015;303
8753;18-12-2015;294
8754;19-12-2015;296
8755;20-12-2015;276
8756;21-12-2015;271
8757;22-12-2015;294
8758;23-12-2015;319
8759;24-12-2015;303
8760;25-12-2015;271
8761;26-12-2015;278
8762;27-12-2015;295
8763;28-12-2015;293
8764;29-12-2015;316
8765;30-12-2015;314
8766;31-12-2015;325
8767;1-1-2016;287
8768;2-1-2016;300
8769;3-1-2016;288
8770;4-1-2016;338
8771;5-1-2016;318
8772;6-1-2016;300
8773;7-1-2016;317
8774;8-1-2016;353
8775;9-1-2016;315
8776;10-1-2016;303
8777;11-1-2016;320
8778;12-1-2016;333
8779;13-1-2016;306
8780;14-1-2016;309
8781;15-1-2016;366
8782;16-1-2016;324
8783;17-1-2016;276
8784;18-1-2016;307
8785;19-1-2016;356
8786;20-1-2016;295
8787;21-1-2016;346
8788;22-1-2016;331
8789;23-1-2016;342
8790;24-1-2016;318
8791;25-1-2016;343
8792;26-1-2016;334
8793;27-1-2016;290
8794;28-1-2016;347
8795;29-1-2016;319
8796;30-1-2016;305
8797;31-1-2016;325
8798;1-2-2016;293
8799;2-2-2016;301
8800;3-2-2016;328
8801;4-2-2016;311
8802;5-2-2016;321
8803;6-2-2016;310
8804;7-2-2016;316
8805;8-2-2016;301
8806;9-2-2016;335
8807;10-2-2016;318
8808;11-2-2016;291
8809;12-2-2016;299
8810;13-2-2016;295
8811;14-2-2016;288
8812;15-2-2016;304
8813;16-2-2016;279
8814;17-2-2016;318
8815;18-2-2016;338
8816;19-2-2016;298
8817;20-2-2016;315
8818;21-2-2016;269
8819;22-2-2016;317
8820;23-2-2016;323
8821;24-2-2016;311
8822;25-2-2016;332
8823;26-2-2016;330
8824;27-2-2016;331
8825;28-2-2016;286
8826;29-2-2016;337
8827;1-3-2016;341
8828;2-3-2016;362
8829;3-3-2016;328
8830;4-3-2016;310
8831;5-3-2016;322
8832;6-3-2016;336
8833;7-3-2016;353
8834;8-3-2016;314
8835;9-3-2016;343
8836;10-3-2016;337
8837;11-3-2016;346
8838;12-3-2016;302
8839;13-3-2016;269
8840;14-3-2016;324
8841;15-3-2016;310
8842;16-3-2016;345
8843;17-3-2016;336
8844;18-3-2016;306
8845;19-3-2016;303
8846;20-3-2016;324
8847;21-3-2016;307
8848;22-3-2016;380
8849;23-3-2016;380
8850;24-3-2016;337
8851;25-3-2016;353
8852;26-3-2016;338
8853;27-3-2016;269
8854;28-3-2016;303
8855;29-3-2016;341
8856;30-3-2016;325
8857;31-3-2016;326
8858;1-4-2016;360
8859;2-4-2016;320
8860;3-4-2016;298
8861;4-4-2016;312
8862;5-4-2016;278
8863;6-4-2016;288
8864;7-4-2016;313
8865;8-4-2016;307
8866;9-4-2016;299
8867;10-4-2016;283
8868;11-4-2016;294
8869;12-4-2016;326
8870;13-4-2016;319
8871;14-4-2016;314
8872;15-4-2016;305
8873;16-4-2016;313
8874;17-4-2016;289
8875;18-4-2016;281
8876;19-4-2016;309
8877;20-4-2016;317
8878;21-4-2016;282
8879;22-4-2016;307
8880;23-4-2016;291
8881;24-4-2016;262
8882;25-4-2016;257
8883;26-4-2016;299
8884;27-4-2016;276
8885;28-4-2016;282
8886;29-4-2016;320
8887;30-4-2016;278
8888;1-5-2016;284
8889;2-5-2016;287
8890;3-5-2016;300
8891;4-5-2016;322
8892;5-5-2016;278
8893;6-5-2016;317
8894;7-5-2016;289
8895;8-5-2016;294
8896;9-5-2016;306
8897;10-5-2016;345
8898;11-5-2016;308
8899;12-5-2016;282
8900;13-5-2016;293
8901;14-5-2016;278
8902;15-5-2016;253
8903;16-5-2016;252
8904;17-5-2016;267
8905;18-5-2016;295
8906;19-5-2016;269
8907;20-5-2016;277
8908;21-5-2016;288
8909;22-5-2016;278
8910;23-5-2016;280
8911;24-5-2016;258
8912;25-5-2016;269
8913;26-5-2016;292
8914;27-5-2016;303
8915;28-5-2016;295
8916;29-5-2016;249
8917;30-5-2016;262
8918;31-5-2016;282
8919;1-6-2016;277
8920;2-6-2016;275
8921;3-6-2016;295
8922;4-6-2016;246
8923;5-6-2016;248
8924;6-6-2016;279
8925;7-6-2016;274
8926;8-6-2016;257
8927;9-6-2016;251
8928;10-6-2016;257
8929;11-6-2016;262
8930;12-6-2016;276
8931;13-6-2016;261
8932;14-6-2016;243
8933;15-6-2016;270
8934;16-6-2016;257
8935;17-6-2016;279
8936;18-6-2016;284
8937;19-6-2016;257
8938;20-6-2016;269
8939;21-6-2016;306
8940;22-6-2016;261
8941;23-6-2016;304
8942;24-6-2016;279
8943;25-6-2016;251
8944;26-6-2016;250
8945;27-6-2016;242
8946;28-6-2016;258
8947;29-6-2016;265
8948;30-6-2016;274
8949;1-7-2016;281
8950;2-7-2016;283
8951;3-7-2016;243
8952;4-7-2016;249
8953;5-7-2016;266
8954;6-7-2016;263
8955;7-7-2016;256
8956;8-7-2016;312
8957;9-7-2016;275
8958;10-7-2016;278
8959;11-7-2016;279
8960;12-7-2016;285
8961;13-7-2016;261
8962;14-7-2016;288
8963;15-7-2016;274
8964;16-7-2016;272
8965;17-7-2016;274
8966;18-7-2016;283
8967;19-7-2016;287
8968;20-7-2016;302
8969;21-7-2016;291
8970;22-7-2016;315
8971;23-7-2016;312
8972;24-7-2016;240
8973;25-7-2016;273
8974;26-7-2016;276
8975;27-7-2016;277
8976;28-7-2016;320
8977;29-7-2016;268
8978;30-7-2016;267
8979;31-7-2016;236
8980;1-8-2016;235
8981;2-8-2016;281
8982;3-8-2016;274
8983;4-8-2016;256
8984;5-8-2016;256
8985;6-8-2016;261
8986;7-8-2016;238
8987;8-8-2016;255
8988;9-8-2016;237
8989;10-8-2016;256
8990;11-8-2016;246
8991;12-8-2016;256
8992;13-8-2016;272
8993;14-8-2016;266
8994;15-8-2016;277
8995;16-8-2016;277
8996;17-8-2016;298
8997;18-8-2016;284
8998;19-8-2016;295
8999;20-8-2016;285
9000;21-8-2016;260
9001;22-8-2016;299
9002;23-8-2016;270
9003;24-8-2016;271
9004;25-8-2016;336
9005;26-8-2016;319
9006;27-8-2016;312
9007;28-8-2016;313
9008;29-8-2016;248
9009;30-8-2016;266
9010;31-8-2016;286
9011;1-9-2016;259
9012;2-9-2016;283
9013;3-9-2016;274
9014;4-9-2016;250
9015;5-9-2016;247
9016;6-9-2016;285
9017;7-9-2016;284
9018;8-9-2016;274
9019;9-9-2016;252
9020;10-9-2016;241
9021;11-9-2016;252
9022;12-9-2016;280
9023;13-9-2016;296
9024;14-9-2016;299
9025;15-9-2016;278
9026;16-9-2016;288
9027;17-9-2016;250
9028;18-9-2016;247
9029;19-9-2016;250
9030;20-9-2016;261
9031;21-9-2016;259
9032;22-9-2016;234
9033;23-9-2016;269
9034;24-9-2016;244
9035;25-9-2016;252
9036;26-9-2016;259
9037;27-9-2016;268
9038;28-9-2016;264
9039;29-9-2016;282
9040;30-9-2016;302
9041;1-10-2016;285
9042;2-10-2016;246
9043;3-10-2016;256
9044;4-10-2016;263
9045;5-10-2016;266
9046;6-10-2016;299
9047;7-10-2016;264
9048;8-10-2016;299
9049;9-10-2016;257
9050;10-10-2016;263
9051;11-10-2016;299
9052;12-10-2016;281
9053;13-10-2016;288
9054;14-10-2016;337
9055;15-10-2016;310
9056;16-10-2016;287
9057;17-10-2016;285
9058;18-10-2016;300
9059;19-10-2016;304
9060;20-10-2016;296
9061;21-10-2016;292
9062;22-10-2016;275
9063;23-10-2016;289
9064;24-10-2016;296
9065;25-10-2016;290
9066;26-10-2016;288
9067;27-10-2016;277
9068;28-10-2016;294
9069;29-10-2016;300
9070;30-10-2016;280
9071;31-10-2016;302
9072;1-11-2016;312
9073;2-11-2016;289
9074;3-11-2016;269
9075;4-11-2016;326
9076;5-11-2016;289
9077;6-11-2016;301
9078;7-11-2016;288
9079;8-11-2016;323
9080;9-11-2016;316
9081;10-11-2016;302
9082;11-11-2016;316
9083;12-11-2016;280
9084;13-11-2016;268
9085;14-11-2016;270
9086;15-11-2016;347
9087;16-11-2016;337
9088;17-11-2016;332
9089;18-11-2016;313
9090;19-11-2016;299
9091;20-11-2016;279
9092;21-11-2016;310
9093;22-11-2016;314
9094;23-11-2016;302
9095;24-11-2016;300
9096;25-11-2016;310
9097;26-11-2016;302
9098;27-11-2016;305
9099;28-11-2016;268
9100;29-11-2016;311
9101;30-11-2016;309
9102;1-12-2016;328
9103;2-12-2016;352
9104;3-12-2016;304
9105;4-12-2016;319
9106;5-12-2016;290
9107;6-12-2016;323
9108;7-12-2016;337
9109;8-12-2016;329
9110;9-12-2016;327
9111;10-12-2016;307
9112;11-12-2016;308
9113;12-12-2016;330
9114;13-12-2016;308
9115;14-12-2016;337
9116;15-12-2016;305
9117;16-12-2016;289
9118;17-12-2016;323
9119;18-12-2016;329
9120;19-12-2016;329
9121;20-12-2016;301
9122;21-12-2016;366
9123;22-12-2016;320
9124;23-12-2016;352
9125;24-12-2016;315
9126;25-12-2016;338
9127;26-12-2016;316
9128;27-12-2016;340
9129;28-12-2016;326
9130;29-12-2016;375
9131;30-12-2016;369
9132;31-12-2016;341
9133;1-1-2017;351
9134;2-1-2017;361
9135;3-1-2017;338
9136;4-1-2017;360
9137;5-1-2017;378
9138;6-1-2017;344
9139;7-1-2017;417
9140;8-1-2017;359
9141;9-1-2017;367
9142;10-1-2017;420
9143;11-1-2017;396
9144;12-1-2017;399
9145;13-1-2017;419
9146;14-1-2017;382
9147;15-1-2017;352
9148;16-1-2017;370
9149;17-1-2017;388
9150;18-1-2017;376
9151;19-1-2017;356
9152;20-1-2017;379
9153;21-1-2017;388
9154;22-1-2017;388
9155;23-1-2017;368
9156;24-1-2017;376
9157;25-1-2017;378
9158;26-1-2017;383
9159;27-1-2017;393
9160;28-1-2017;377
9161;29-1-2017;416
9162;30-1-2017;416
9163;31-1-2017;433
9164;1-2-2017;431
9165;2-2-2017;458
9166;3-2-2017;444
9167;4-2-2017;410
9168;5-2-2017;358
9169;6-2-2017;383
9170;7-2-2017;407
9171;8-2-2017;382
9172;9-2-2017;383
9173;10-2-2017;374
9174;11-2-2017;407
9175;12-2-2017;355
9176;13-2-2017;406
9177;14-2-2017;377
9178;15-2-2017;381
9179;16-2-2017;399
9180;17-2-2017;379
9181;18-2-2017;362
9182;19-2-2017;327
9183;20-2-2017;320
9184;21-2-2017;334
9185;22-2-2017;360
9186;23-2-2017;376
9187;24-2-2017;335
9188;25-2-2017;349
9189;26-2-2017;315
9190;27-2-2017;334
9191;28-2-2017;370
9192;1-3-2017;330
9193;2-3-2017;332
9194;3-3-2017;317
9195;4-3-2017;345
9196;5-3-2017;287
9197;6-3-2017;314
9198;7-3-2017;306
9199;8-3-2017;315
9200;9-3-2017;302
9201;10-3-2017;310
9202;11-3-2017;293
9203;12-3-2017;298
9204;13-3-2017;295
9205;14-3-2017;299
9206;15-3-2017;288
9207;16-3-2017;307
9208;17-3-2017;297
9209;18-3-2017;290
9210;19-3-2017;260
9211;20-3-2017;317
9212;21-3-2017;303
9213;22-3-2017;291
9214;23-3-2017;346
9215;24-3-2017;287
9216;25-3-2017;300
9217;26-3-2017;262
9218;27-3-2017;256
9219;28-3-2017;330
9220;29-3-2017;290
9221;30-3-2017;334
9222;31-3-2017;318
9223;1-4-2017;278
9224;2-4-2017;262
9225;3-4-2017;274
9226;4-4-2017;275
9227;5-4-2017;279
9228;6-4-2017;274
9229;7-4-2017;298
9230;8-4-2017;312
9231;9-4-2017;257
9232;10-4-2017;272
9233;11-4-2017;278
9234;12-4-2017;273
9235;13-4-2017;277
9236;14-4-2017;278
9237;15-4-2017;296
9238;16-4-2017;280
9239;17-4-2017;286
9240;18-4-2017;280
9241;19-4-2017;274
9242;20-4-2017;270
9243;21-4-2017;285
9244;22-4-2017;267
9245;23-4-2017;255
9246;24-4-2017;298
9247;25-4-2017;295
9248;26-4-2017;285
9249;27-4-2017;308
9250;28-4-2017;302
9251;29-4-2017;292
9252;30-4-2017;299
9253;1-5-2017;288
9254;2-5-2017;275
9255;3-5-2017;330
9256;4-5-2017;294
9257;5-5-2017;305
9258;6-5-2017;312
9259;7-5-2017;287
9260;8-5-2017;284
9261;9-5-2017;280
9262;10-5-2017;274
9263;11-5-2017;284
9264;12-5-2017;334
9265;13-5-2017;276
9266;14-5-2017;277
9267;15-5-2017;299
9268;16-5-2017;317
9269;17-5-2017;338
9270;18-5-2017;304
9271;19-5-2017;293
9272;20-5-2017;286
9273;21-5-2017;273
9274;22-5-2017;280
9275;23-5-2017;291
9276;24-5-2017;296
9277;25-5-2017;260
9278;26-5-2017;275
9279;27-5-2017;290
9280;28-5-2017;317
9281;29-5-2017;319
9282;30-5-2017;284
9283;31-5-2017;275
9284;1-6-2017;283
9285;2-6-2017;320
9286;3-6-2017;272
9287;4-6-2017;228
9288;5-6-2017;233
9289;6-6-2017;283
9290;7-6-2017;264
9291;8-6-2017;260
9292;9-6-2017;274
9293;10-6-2017;263
9294;11-6-2017;238
9295;12-6-2017;245
9296;13-6-2017;256
9297;14-6-2017;271
9298;15-6-2017;287
9299;16-6-2017;287
9300;17-6-2017;261
9301;18-6-2017;261
9302;19-6-2017;307
9303;20-6-2017;295
9304;21-6-2017;288
9305;22-6-2017;368
9306;23-6-2017;308
9307;24-6-2017;281
9308;25-6-2017;254
9309;26-6-2017;253
9310;27-6-2017;273
9311;28-6-2017;281
9312;29-6-2017;258
9313;30-6-2017;269
9314;1-7-2017;247
9315;2-7-2017;240
9316;3-7-2017;298
9317;4-7-2017;265
9318;5-7-2017;251
9319;6-7-2017;288
9320;7-7-2017;281
9321;8-7-2017;290
9322;9-7-2017;228
9323;10-7-2017;284
9324;11-7-2017;242
9325;12-7-2017;278
9326;13-7-2017;281
9327;14-7-2017;264
9328;15-7-2017;247
9329;16-7-2017;251
9330;17-7-2017;256
9331;18-7-2017;273
9332;19-7-2017;291
9333;20-7-2017;291
9334;21-7-2017;214
9335;22-7-2017;250
9336;23-7-2017;252
9337;24-7-2017;265
9338;25-7-2017;265
9339;26-7-2017;258
9340;27-7-2017;274
9341;28-7-2017;263
9342;29-7-2017;296
9343;30-7-2017;276
9344;31-7-2017;268
9345;1-8-2017;267
9346;2-8-2017;259
9347;3-8-2017;288
9348;4-8-2017;276
9349;5-8-2017;234
9350;6-8-2017;216
9351;7-8-2017;286
9352;8-8-2017;272
9353;9-8-2017;254
9354;10-8-2017;244
9355;11-8-2017;278
9356;12-8-2017;231
9357;13-8-2017;261
9358;14-8-2017;257
9359;15-8-2017;258
9360;16-8-2017;277
9361;17-8-2017;259
9362;18-8-2017;272
9363;19-8-2017;252
9364;20-8-2017;209
9365;21-8-2017;258
9366;22-8-2017;291
9367;23-8-2017;288
9368;24-8-2017;267
9369;25-8-2017;293
9370;26-8-2017;295
9371;27-8-2017;259
9372;28-8-2017;269
9373;29-8-2017;299
9374;30-8-2017;299
9375;31-8-2017;268
9376;1-9-2017;284
9377;2-9-2017;261
9378;3-9-2017;244
9379;4-9-2017;277
9380;5-9-2017;268
9381;6-9-2017;257
9382;7-9-2017;283
9383;8-9-2017;264
9384;9-9-2017;293
9385;10-9-2017;241
9386;11-9-2017;251
9387;12-9-2017;260
9388;13-9-2017;268
9389;14-9-2017;280
9390;15-9-2017;273
9391;16-9-2017;236
9392;17-9-2017;255
9393;18-9-2017;269
9394;19-9-2017;284
9395;20-9-2017;246
9396;21-9-2017;288
9397;22-9-2017;312
9398;23-9-2017;258
9399;24-9-2017;251
9400;25-9-2017;267
9401;26-9-2017;283
9402;27-9-2017;298
9403;28-9-2017;275
9404;29-9-2017;293
9405;30-9-2017;289
9406;1-10-2017;258
9407;2-10-2017;293
9408;3-10-2017;282
9409;4-10-2017;272
9410;5-10-2017;259
9411;6-10-2017;288
9412;7-10-2017;292
9413;8-10-2017;269
9414;9-10-2017;292
9415;10-10-2017;291
9416;11-10-2017;310
9417;12-10-2017;312
9418;13-10-2017;323
9419;14-10-2017;241
9420;15-10-2017;290
9421;16-10-2017;296
9422;17-10-2017;306
9423;18-10-2017;255
9424;19-10-2017;286
9425;20-10-2017;305
9426;21-10-2017;302
9427;22-10-2017;257
9428;23-10-2017;247
9429;24-10-2017;277
9430;25-10-2017;303
9431;26-10-2017;265
9432;27-10-2017;270
9433;28-10-2017;276
9434;29-10-2017;275
9435;30-10-2017;285
9436;31-10-2017;292
9437;1-11-2017;264
9438;2-11-2017;273
9439;3-11-2017;270
9440;4-11-2017;270
9441;5-11-2017;238
9442;6-11-2017;267
9443;7-11-2017;293
9444;8-11-2017;271
9445;9-11-2017;282
9446;10-11-2017;280
9447;11-11-2017;286
9448;12-11-2017;260
9449;13-11-2017;296
9450;14-11-2017;312
9451;15-11-2017;288
9452;16-11-2017;312
9453;17-11-2017;298
9454;18-11-2017;298
9455;19-11-2017;274
9456;20-11-2017;306
9457;21-11-2017;318
9458;22-11-2017;303
9459;23-11-2017;302
9460;24-11-2017;308
9461;25-11-2017;314
9462;26-11-2017;263
9463;27-11-2017;296
9464;28-11-2017;301
9465;29-11-2017;304
9466;30-11-2017;291
9467;1-12-2017;294
9468;2-12-2017;310
9469;3-12-2017;284
9470;4-12-2017;340
9471;5-12-2017;329
9472;6-12-2017;319
9473;7-12-2017;323
9474;8-12-2017;346
9475;9-12-2017;329
9476;10-12-2017;290
9477;11-12-2017;342
9478;12-12-2017;310
9479;13-12-2017;345
9480;14-12-2017;344
9481;15-12-2017;356
9482;16-12-2017;331
9483;17-12-2017;297
9484;18-12-2017;300
9485;19-12-2017;319
9486;20-12-2017;348
9487;21-12-2017;325
9488;22-12-2017;361
9489;23-12-2017;301
9490;24-12-2017;318
9491;25-12-2017;341
9492;26-12-2017;352
9493;27-12-2017;331
9494;28-12-2017;350
9495;29-12-2017;343
9496;30-12-2017;320
9497;31-12-2017;313
9498;1-1-2018;317
9499;2-1-2018;357
9500;3-1-2018;359
9501;4-1-2018;363
9502;5-1-2018;374
9503;6-1-2018;303
9504;7-1-2018;309
9505;8-1-2018;296
9506;9-1-2018;348
9507;10-1-2018;350
9508;11-1-2018;349
9509;12-1-2018;354
9510;13-1-2018;309
9511;14-1-2018;311
9512;15-1-2018;314
9513;16-1-2018;337
9514;17-1-2018;335
9515;18-1-2018;332
9516;19-1-2018;336
9517;20-1-2018;343
9518;21-1-2018;339
9519;22-1-2018;317
9520;23-1-2018;352
9521;24-1-2018;323
9522;25-1-2018;347
9523;26-1-2018;298
9524;27-1-2018;315
9525;28-1-2018;301
9526;29-1-2018;331
9527;30-1-2018;355
9528;31-1-2018;386
9529;1-2-2018;342
9530;2-2-2018;325
9531;3-2-2018;315
9532;4-2-2018;301
9533;5-2-2018;309
9534;6-2-2018;345
9535;7-2-2018;309
9536;8-2-2018;367
9537;9-2-2018;367
9538;10-2-2018;342
9539;11-2-2018;314
9540;12-2-2018;345
9541;13-2-2018;357
9542;14-2-2018;385
9543;15-2-2018;382
9544;16-2-2018;376
9545;17-2-2018;386
9546;18-2-2018;334
9547;19-2-2018;327
9548;20-2-2018;374
9549;21-2-2018;385
9550;22-2-2018;404
9551;23-2-2018;383
9552;24-2-2018;394
9553;25-2-2018;361
9554;26-2-2018;390
9555;27-2-2018;425
9556;28-2-2018;445
9557;1-3-2018;441
9558;2-3-2018;441
9559;3-3-2018;443
9560;4-3-2018;417
9561;5-3-2018;445
9562;6-3-2018;415
9563;7-3-2018;462
9564;8-3-2018;438
9565;9-3-2018;460
9566;10-3-2018;407
9567;11-3-2018;389
9568;12-3-2018;416
9569;13-3-2018;427
9570;14-3-2018;389
9571;15-3-2018;388
9572;16-3-2018;394
9573;17-3-2018;364
9574;18-3-2018;346
9575;19-3-2018;376
9576;20-3-2018;378
9577;21-3-2018;374
9578;22-3-2018;392
9579;23-3-2018;414
9580;24-3-2018;340
9581;25-3-2018;320
9582;26-3-2018;342
9583;27-3-2018;358
9584;28-3-2018;392
9585;29-3-2018;345
9586;30-3-2018;359
9587;31-3-2018;330
9588;1-4-2018;334
9589;2-4-2018;315
9590;3-4-2018;312
9591;4-4-2018;326
9592;5-4-2018;326
9593;6-4-2018;326
9594;7-4-2018;301
9595;8-4-2018;297
9596;9-4-2018;324
9597;10-4-2018;321
9598;11-4-2018;354
9599;12-4-2018;335
9600;13-4-2018;279
9601;14-4-2018;267
9602;15-4-2018;295
9603;16-4-2018;266
9604;17-4-2018;277
9605;18-4-2018;289
9606;19-4-2018;330
9607;20-4-2018;336
9608;21-4-2018;271
9609;22-4-2018;275
9610;23-4-2018;277
9611;24-4-2018;327
9612;25-4-2018;276
9613;26-4-2018;298
9614;27-4-2018;277
9615;28-4-2018;254
9616;29-4-2018;244
9617;30-4-2018;262
9618;1-5-2018;267
9619;2-5-2018;231
9620;3-5-2018;251
9621;4-5-2018;289
9622;5-5-2018;286
9623;6-5-2018;281
9624;7-5-2018;279
9625;8-5-2018;298
9626;9-5-2018;331
9627;10-5-2018;257
9628;11-5-2018;279
9629;12-5-2018;278
9630;13-5-2018;258
9631;14-5-2018;278
9632;15-5-2018;290
9633;16-5-2018;273
9634;17-5-2018;268
9635;18-5-2018;265
9636;19-5-2018;238
9637;20-5-2018;248
9638;21-5-2018;255
9639;22-5-2018;281
9640;23-5-2018;300
9641;24-5-2018;281
9642;25-5-2018;295
9643;26-5-2018;270
9644;27-5-2018;269
9645;28-5-2018;277
9646;29-5-2018;302
9647;30-5-2018;311
9648;31-5-2018;273
9649;1-6-2018;275
9650;2-6-2018;278
9651;3-6-2018;237
9652;4-6-2018;222
9653;5-6-2018;280
9654;6-6-2018;270
9655;7-6-2018;274
9656;8-6-2018;281
9657;9-6-2018;253
9658;10-6-2018;231
9659;11-6-2018;252
9660;12-6-2018;239
9661;13-6-2018;259
9662;14-6-2018;232
9663;15-6-2018;291
9664;16-6-2018;252
9665;17-6-2018;209
9666;18-6-2018;228
9667;19-6-2018;266
9668;20-6-2018;292
9669;21-6-2018;243
9670;22-6-2018;243
9671;23-6-2018;240
9672;24-6-2018;267
9673;25-6-2018;277
9674;26-6-2018;291
9675;27-6-2018;255
9676;28-6-2018;273
9677;29-6-2018;297
9678;30-6-2018;286
9679;1-7-2018;271
9680;2-7-2018;318
9681;3-7-2018;285
9682;4-7-2018;285
9683;5-7-2018;308
9684;6-7-2018;311
9685;7-7-2018;300
9686;8-7-2018;273
9687;9-7-2018;251
9688;10-7-2018;281
9689;11-7-2018;252
9690;12-7-2018;235
9691;13-7-2018;283
9692;14-7-2018;278
9693;15-7-2018;253
9694;16-7-2018;274
9695;17-7-2018;279
9696;18-7-2018;297
9697;19-7-2018;294
9698;20-7-2018;304
9699;21-7-2018;285
9700;22-7-2018;255
9701;23-7-2018;254
9702;24-7-2018;281
9703;25-7-2018;295
9704;26-7-2018;321
9705;27-7-2018;311
9706;28-7-2018;339
9707;29-7-2018;306
9708;30-7-2018;311
9709;31-7-2018;328
9710;1-8-2018;320
9711;2-8-2018;295
9712;3-8-2018;289
9713;4-8-2018;329
9714;5-8-2018;253
9715;6-8-2018;285
9716;7-8-2018;322
9717;8-8-2018;299
9718;9-8-2018;327
9719;10-8-2018;283
9720;11-8-2018;250
9721;12-8-2018;234
9722;13-8-2018;293
9723;14-8-2018;260
9724;15-8-2018;268
9725;16-8-2018;299
9726;17-8-2018;258
9727;18-8-2018;246
9728;19-8-2018;263
9729;20-8-2018;244
9730;21-8-2018;243
9731;22-8-2018;297
9732;23-8-2018;264
9733;24-8-2018;276
9734;25-8-2018;230
9735;26-8-2018;270
9736;27-8-2018;234
9737;28-8-2018;277
9738;29-8-2018;280
9739;30-8-2018;265
9740;31-8-2018;246
9741;1-9-2018;272
9742;2-9-2018;251
9743;3-9-2018;263
9744;4-9-2018;292
9745;5-9-2018;269
9746;6-9-2018;277
9747;7-9-2018;307
9748;8-9-2018;264
9749;9-9-2018;237
9750;10-9-2018;263
9751;11-9-2018;269
9752;12-9-2018;269
9753;13-9-2018;262
9754;14-9-2018;263
9755;15-9-2018;258
9756;16-9-2018;227
9757;17-9-2018;282
9758;18-9-2018;322
9759;19-9-2018;310
9760;20-9-2018;266
9761;21-9-2018;277
9762;22-9-2018;286
9763;23-9-2018;227
9764;24-9-2018;227
9765;25-9-2018;271
9766;26-9-2018;256
9767;27-9-2018;299
9768;28-9-2018;267
9769;29-9-2018;271
9770;30-9-2018;240
9771;1-10-2018;284
9772;2-10-2018;288
9773;3-10-2018;311
9774;4-10-2018;270
9775;5-10-2018;302
9776;6-10-2018;280
9777;7-10-2018;230
9778;8-10-2018;284
9779;9-10-2018;240
9780;10-10-2018;319
9781;11-10-2018;291
9782;12-10-2018;303
9783;13-10-2018;304
9784;14-10-2018;265
9785;15-10-2018;318
9786;16-10-2018;299
9787;17-10-2018;290
9788;18-10-2018;265
9789;19-10-2018;281
9790;20-10-2018;242
9791;21-10-2018;262
9792;22-10-2018;270
9793;23-10-2018;265
9794;24-10-2018;294
9795;25-10-2018;260
9796;26-10-2018;308
9797;27-10-2018;265
9798;28-10-2018;256
9799;29-10-2018;274
9800;30-10-2018;289
9801;31-10-2018;257
9802;1-11-2018;278
9803;2-11-2018;280
9804;3-11-2018;287
9805;4-11-2018;242
9806;5-11-2018;307
9807;6-11-2018;315
9808;7-11-2018;311
9809;8-11-2018;276
9810;9-11-2018;283
9811;10-11-2018;268
9812;11-11-2018;289
9813;12-11-2018;316
9814;13-11-2018;299
9815;14-11-2018;284
9816;15-11-2018;291
9817;16-11-2018;288
9818;17-11-2018;269
9819;18-11-2018;270
9820;19-11-2018;298
9821;20-11-2018;277
9822;21-11-2018;327
9823;22-11-2018;292
9824;23-11-2018;317
9825;24-11-2018;272
9826;25-11-2018;277
9827;26-11-2018;293
9828;27-11-2018;322
9829;28-11-2018;307
9830;29-11-2018;301
9831;30-11-2018;293
9832;1-12-2018;320
9833;2-12-2018;271
9834;3-12-2018;283
9835;4-12-2018;313
9836;5-12-2018;323
9837;6-12-2018;309
9838;7-12-2018;351
9839;8-12-2018;312
9840;9-12-2018;282
9841;10-12-2018;326
9842;11-12-2018;305
9843;12-12-2018;318
9844;13-12-2018;327
9845;14-12-2018;310
9846;15-12-2018;335
9847;16-12-2018;312
9848;17-12-2018;310
9849;18-12-2018;345
9850;19-12-2018;319
9851;20-12-2018;337
9852;21-12-2018;329
9853;22-12-2018;315
9854;23-12-2018;308
9855;24-12-2018;292
9856;25-12-2018;284
9857;26-12-2018;314
9858;27-12-2018;325
9859;28-12-2018;335
9860;29-12-2018;380
9861;30-12-2018;321
9862;31-12-2018;304
9863;1-1-2019;326
9864;2-1-2019;355
9865;3-1-2019;355
9866;4-1-2019;356
9867;5-1-2019;323
9868;6-1-2019;289
9869;7-1-2019;333
9870;8-1-2019;372
9871;9-1-2019;318
9872;10-1-2019;335
9873;11-1-2019;325
9874;12-1-2019;347
9875;13-1-2019;317
9876;14-1-2019;349
9877;15-1-2019;332
9878;16-1-2019;339
9879;17-1-2019;322
9880;18-1-2019;339
9881;19-1-2019;336
9882;20-1-2019;295
9883;21-1-2019;313
9884;22-1-2019;336
9885;23-1-2019;333
9886;24-1-2019;365
9887;25-1-2019;380
9888;26-1-2019;339
9889;27-1-2019;329
9890;28-1-2019;321
9891;29-1-2019;352
9892;30-1-2019;372
9893;31-1-2019;365
9894;1-2-2019;346
9895;2-2-2019;333
9896;3-2-2019;332
9897;4-2-2019;330
9898;5-2-2019;378
9899;6-2-2019;355
9900;7-2-2019;423
9901;8-2-2019;348
9902;9-2-2019;377
9903;10-2-2019;333
9904;11-2-2019;371
9905;12-2-2019;345
9906;13-2-2019;349
9907;14-2-2019;345
9908;15-2-2019;343
9909;16-2-2019;341
9910;17-2-2019;315
9911;18-2-2019;342
9912;19-2-2019;364
9913;20-2-2019;360
9914;21-2-2019;375
9915;22-2-2019;332
9916;23-2-2019;348
9917;24-2-2019;297
9918;25-2-2019;360
9919;26-2-2019;314
9920;27-2-2019;367
9921;28-2-2019;343
9922;1-3-2019;395
9923;2-3-2019;314
9924;3-3-2019;335
9925;4-3-2019;327
9926;5-3-2019;334
9927;6-3-2019;381
9928;7-3-2019;372
9929;8-3-2019;347
9930;9-3-2019;336
9931;10-3-2019;292
9932;11-3-2019;298
9933;12-3-2019;349
9934;13-3-2019;352
9935;14-3-2019;344
9936;15-3-2019;335
9937;16-3-2019;325
9938;17-3-2019;332
9939;18-3-2019;274
9940;19-3-2019;317
9941;20-3-2019;324
9942;21-3-2019;341
9943;22-3-2019;341
9944;23-3-2019;305
9945;24-3-2019;265
9946;25-3-2019;303
9947;26-3-2019;291
9948;27-3-2019;292
9949;28-3-2019;298
9950;29-3-2019;292
9951;30-3-2019;281
9952;31-3-2019;306
9953;1-4-2019;289
9954;2-4-2019;301
9955;3-4-2019;312
9956;4-4-2019;348
9957;5-4-2019;323
9958;6-4-2019;324
9959;7-4-2019;286
9960;8-4-2019;234
9961;9-4-2019;301
9962;10-4-2019;303
9963;11-4-2019;267
9964;12-4-2019;301
9965;13-4-2019;274
9966;14-4-2019;289
9967;15-4-2019;277
9968;16-4-2019;316
9969;17-4-2019;327
9970;18-4-2019;312
9971;19-4-2019;295
9972;20-4-2019;278
9973;21-4-2019;290
9974;22-4-2019;283
9975;23-4-2019;292
9976;24-4-2019;308
9977;25-4-2019;279
9978;26-4-2019;316
9979;27-4-2019;298
9980;28-4-2019;270
9981;29-4-2019;306
9982;30-4-2019;302
9983;1-5-2019;272
9984;2-5-2019;294
9985;3-5-2019;307
9986;4-5-2019;300
9987;5-5-2019;230
9988;6-5-2019;294
9989;7-5-2019;287
9990;8-5-2019;311
9991;9-5-2019;307
9992;10-5-2019;297
9993;11-5-2019;265
9994;12-5-2019;273
9995;13-5-2019;281
9996;14-5-2019;296
9997;15-5-2019;280
9998;16-5-2019;307
9999;17-5-2019;293
10000;18-5-2019;299
10001;19-5-2019;278
10002;20-5-2019;313
10003;21-5-2019;275
10004;22-5-2019;283
10005;23-5-2019;307
10006;24-5-2019;267
10007;25-5-2019;284
10008;26-5-2019;266
10009;27-5-2019;264
10010;28-5-2019;314
10011;29-5-2019;237
10012;30-5-2019;290
10013;31-5-2019;258
10014;1-6-2019;301
10015;2-6-2019;269
10016;3-6-2019;283
10017;4-6-2019;310
10018;5-6-2019;280
10019;6-6-2019;270
10020;7-6-2019;297
10021;8-6-2019;278
10022;9-6-2019;248
10023;10-6-2019;253
10024;11-6-2019;257
10025;12-6-2019;255
10026;13-6-2019;264
10027;14-6-2019;308
10028;15-6-2019;266
10029;16-6-2019;244
10030;17-6-2019;283
10031;18-6-2019;287
10032;19-6-2019;303
10033;20-6-2019;295
10034;21-6-2019;240
10035;22-6-2019;245
10036;23-6-2019;260
10037;24-6-2019;307
10038;25-6-2019;314
10039;26-6-2019;310
10040;27-6-2019;265
10041;28-6-2019;295
10042;29-6-2019;242
10043;30-6-2019;247
10044;1-7-2019;315
10045;2-7-2019;286
10046;3-7-2019;298
10047;4-7-2019;239
10048;5-7-2019;294
10049;6-7-2019;281
10050;7-7-2019;222
10051;8-7-2019;246
10052;9-7-2019;218
10053;10-7-2019;279
10054;11-7-2019;256
10055;12-7-2019;270
10056;13-7-2019;284
10057;14-7-2019;235
10058;15-7-2019;272
10059;16-7-2019;292
10060;17-7-2019;277
10061;18-7-2019;264
10062;19-7-2019;277
10063;20-7-2019;263
10064;21-7-2019;237
10065;22-7-2019;271
10066;23-7-2019;275
10067;24-7-2019;345
10068;25-7-2019;387
10069;26-7-2019;427
10070;27-7-2019;330
10071;28-7-2019;283
10072;29-7-2019;273
10073;30-7-2019;288
10074;31-7-2019;271
10075;1-8-2019;295
10076;2-8-2019;273
10077;3-8-2019;262
10078;4-8-2019;254
10079;5-8-2019;257
10080;6-8-2019;251
10081;7-8-2019;273
10082;8-8-2019;248
10083;9-8-2019;256
10084;10-8-2019;244
10085;11-8-2019;237
10086;12-8-2019;246
10087;13-8-2019;276
10088;14-8-2019;268
10089;15-8-2019;224
10090;16-8-2019;275
10091;17-8-2019;246
10092;18-8-2019;242
10093;19-8-2019;245
10094;20-8-2019;253
10095;21-8-2019;306
10096;22-8-2019;256
10097;23-8-2019;257
10098;24-8-2019;273
10099;25-8-2019;269
10100;26-8-2019;306
10101;27-8-2019;306
10102;28-8-2019;282
10103;29-8-2019;321
10104;30-8-2019;279
10105;31-8-2019;262
10106;1-9-2019;250
10107;2-9-2019;280
10108;3-9-2019;246
10109;4-9-2019;289
10110;5-9-2019;250
10111;6-9-2019;278
10112;7-9-2019;264
10113;8-9-2019;231
10114;9-9-2019;254
10115;10-9-2019;281
10116;11-9-2019;273
10117;12-9-2019;266
10118;13-9-2019;270
10119;14-9-2019;256
10120;15-9-2019;233
10121;16-9-2019;258
10122;17-9-2019;272
10123;18-9-2019;273
10124;19-9-2019;285
10125;20-9-2019;285
10126;21-9-2019;261
10127;22-9-2019;289
10128;23-9-2019;299
10129;24-9-2019;270
10130;25-9-2019;251
10131;26-9-2019;260
10132;27-9-2019;297
10133;28-9-2019;258
10134;29-9-2019;271
10135;30-9-2019;253
10136;1-10-2019;320
10137;2-10-2019;289
10138;3-10-2019;289
10139;4-10-2019;310
10140;5-10-2019;306
10141;6-10-2019;281
10142;7-10-2019;260
10143;8-10-2019;273
10144;9-10-2019;297
10145;10-10-2019;289
10146;11-10-2019;281
10147;12-10-2019;262
10148;13-10-2019;289
10149;14-10-2019;272
10150;15-10-2019;272
10151;16-10-2019;247
10152;17-10-2019;286
10153;18-10-2019;309
10154;19-10-2019;277
10155;20-10-2019;298
10156;21-10-2019;295
10157;22-10-2019;296
10158;23-10-2019;311
10159;24-10-2019;301
10160;25-10-2019;299
10161;26-10-2019;322
10162;27-10-2019;241
10163;28-10-2019;271
10164;29-10-2019;290
10165;30-10-2019;277
10166;31-10-2019;278
10167;1-11-2019;281
10168;2-11-2019;270
10169;3-11-2019;268
10170;4-11-2019;295
10171;5-11-2019;308
10172;6-11-2019;288
10173;7-11-2019;283
10174;8-11-2019;280
10175;9-11-2019;304
10176;10-11-2019;243
10177;11-11-2019;263
10178;12-11-2019;265
10179;13-11-2019;290
10180;14-11-2019;317
10181;15-11-2019;297
10182;16-11-2019;293
10183;17-11-2019;289
10184;18-11-2019;329
10185;19-11-2019;274
10186;20-11-2019;320
10187;21-11-2019;324
10188;22-11-2019;336
10189;23-11-2019;301
10190;24-11-2019;303
10191;25-11-2019;318
10192;26-11-2019;323
10193;27-11-2019;299
10194;28-11-2019;317
10195;29-11-2019;302
10196;30-11-2019;287
10197;1-12-2019;276
10198;2-12-2019;290
10199;3-12-2019;280
10200;4-12-2019;299
10201;5-12-2019;321
10202;6-12-2019;371
10203;7-12-2019;311
10204;8-12-2019;289
10205;9-12-2019;300
10206;10-12-2019;320
10207;11-12-2019;314
10208;12-12-2019;339
10209;13-12-2019;324
10210;14-12-2019;306
10211;15-12-2019;310
10212;16-12-2019;340
10213;17-12-2019;354
10214;18-12-2019;327
10215;19-12-2019;351
10216;20-12-2019;341
10217;21-12-2019;317
10218;22-12-2019;307
10219;23-12-2019;309
10220;24-12-2019;328
10221;25-12-2019;278
10222;26-12-2019;303
10223;27-12-2019;345
10224;28-12-2019;283
10225;29-12-2019;306
10226;30-12-2019;311
10227;31-12-2019;302
10228;1-1-2020;325
10229;2-1-2020;325
10230;3-1-2020;351
10231;4-1-2020;322
10232;5-1-2020;298
10233;6-1-2020;367
10234;7-1-2020;324
10235;8-1-2020;380
10236;9-1-2020;383
10237;10-1-2020;323
10238;11-1-2020;320
10239;12-1-2020;291
10240;13-1-2020;323
10241;14-1-2020;346
10242;15-1-2020;322
10243;16-1-2020;348
10244;17-1-2020;334
10245;18-1-2020;331
10246;19-1-2020;310
10247;20-1-2020;311
10248;21-1-2020;315
10249;22-1-2020;331
10250;23-1-2020;325
10251;24-1-2020;337
10252;25-1-2020;261
10253;26-1-2020;324
10254;27-1-2020;310
10255;28-1-2020;329
10256;29-1-2020;328
10257;30-1-2020;330
10258;31-1-2020;393
10259;1-2-2020;336
10260;2-2-2020;330
10261;3-2-2020;320
10262;4-2-2020;315
10263;5-2-2020;329
10264;6-2-2020;292
10265;7-2-2020;303
10266;8-2-2020;318
10267;9-2-2020;292
10268;10-2-2020;336
10269;11-2-2020;324
10270;12-2-2020;320
10271;13-2-2020;335
10272;14-2-2020;352
10273;15-2-2020;343
10274;16-2-2020;297
10275;17-2-2020;286
10276;18-2-2020;327
10277;19-2-2020;365
10278;20-2-2020;342
10279;21-2-2020;334
10280;22-2-2020;333
10281;23-2-2020;314
10282;24-2-2020;323
10283;25-2-2020;349
10284;26-2-2020;337
10285;27-2-2020;321
10286;28-2-2020;305
10287;29-2-2020;309
10288;1-3-2020;305
10289;2-3-2020;352
10290;3-3-2020;306
10291;4-3-2020;336
10292;5-3-2020;322
10293;6-3-2020;313
10294;7-3-2020;281
10295;8-3-2020;302
10296;9-3-2020;288
10297;10-3-2020;345
10298;11-3-2020;338
10299;12-3-2020;314
10300;13-3-2020;325
10301;14-3-2020;332
10302;15-3-2020;292
10303;16-3-2020;353
10304;17-3-2020;317
10305;18-3-2020;366
10306;19-3-2020;356
10307;20-3-2020;392
10308;21-3-2020;392
10309;22-3-2020;378
10310;23-3-2020;439
10311;24-3-2020;395
10312;25-3-2020;450
10313;26-3-2020;443
10314;27-3-2020;515
10315;28-3-2020;505
10316;29-3-2020;451
10317;30-3-2020;514
10318;31-3-2020;569
10319;1-4-2020;606
10320;2-4-2020;601
10321;3-4-2020;550
10322;4-4-2020;599
10323;5-4-2020;582
10324;6-4-2020;555
10325;7-4-2020;641
10326;8-4-2020;641
10327;9-4-2020;614
10328;10-4-2020;675
10329;11-4-2020;603
10330;12-4-2020;563
10331;13-4-2020;573
10332;14-4-2020;538
10333;15-4-2020;573
10334;16-4-2020;555
10335;17-4-2020;509
10336;18-4-2020;488
10337;19-4-2020;467
10338;20-4-2020;464
10339;21-4-2020;483
10340;22-4-2020;463
10341;23-4-2020;428
10342;24-4-2020;408
10343;25-4-2020;395
10344;26-4-2020;398
10345;27-4-2020;368
10346;28-4-2020;415
10347;29-4-2020;342
10348;30-4-2020;352
10349;1-5-2020;317
10350;2-5-2020;301
10351;3-5-2020;334
10352;4-5-2020;338
10353;5-5-2020;355
10354;6-5-2020;314
10355;7-5-2020;330
10356;8-5-2020;353
10357;9-5-2020;368
10358;10-5-2020;332
10359;11-5-2020;316
10360;12-5-2020;303
10361;13-5-2020;282
10362;14-5-2020;293
10363;15-5-2020;303
10364;16-5-2020;270
10365;17-5-2020;275
10366;18-5-2020;306
10367;19-5-2020;273
10368;20-5-2020;326
10369;21-5-2020;294
10370;22-5-2020;324
10371;23-5-2020;290
10372;24-5-2020;269
10373;25-5-2020;305
10374;26-5-2020;272
10375;27-5-2020;317
10376;28-5-2020;294
10377;29-5-2020;259
10378;30-5-2020;282
10379;31-5-2020;254
10380;1-6-2020;254
10381;2-6-2020;275
10382;3-6-2020;272
10383;4-6-2020;286
10384;5-6-2020;259
10385;6-6-2020;241
10386;7-6-2020;212
10387;8-6-2020;247
10388;9-6-2020;276
10389;10-6-2020;289
10390;11-6-2020;286
10391;12-6-2020;270
10392;13-6-2020;266
10393;14-6-2020;265
10394;15-6-2020;292
10395;16-6-2020;276
10396;17-6-2020;276
10397;18-6-2020;257
10398;19-6-2020;237
10399;20-6-2020;243
10400;21-6-2020;241
10401;22-6-2020;267
10402;23-6-2020;274
10403;24-6-2020;290
10404;25-6-2020;281
10405;26-6-2020;319
10406;27-6-2020;273
10407;28-6-2020;264
10408;29-6-2020;255
10409;30-6-2020;249
10410;1-7-2020;275
10411;2-7-2020;266
10412;3-7-2020;252
10413;4-7-2020;240
10414;5-7-2020;231
10415;6-7-2020;212
10416;7-7-2020;255
10417;8-7-2020;235
10418;9-7-2020;260
10419;10-7-2020;254
10420;11-7-2020;231
10421;12-7-2020;235
10422;13-7-2020;244
10423;14-7-2020;235
10424;15-7-2020;303
10425;16-7-2020;269
10426;17-7-2020;259
10427;18-7-2020;274
10428;19-7-2020;275
10429;20-7-2020;249
10430;21-7-2020;240
10431;22-7-2020;258
10432;23-7-2020;300
10433;24-7-2020;250
10434;25-7-2020;239
10435;26-7-2020;274
10436;27-7-2020;261
10437;28-7-2020;270
10438;29-7-2020;277
10439;30-7-2020;284
10440;31-7-2020;297
10441;1-8-2020;292
10442;2-8-2020;266
10443;3-8-2020;260
10444;4-8-2020;263
10445;5-8-2020;269
10446;6-8-2020;309
10447;7-8-2020;304
10448;8-8-2020;311
10449;9-8-2020;330
10450;10-8-2020;383
10451;11-8-2020;404
10452;12-8-2020;447
10453;13-8-2020;492
10454;14-8-2020;416
10455;15-8-2020;397
10456;16-8-2020;343
10457;17-8-2020;331
10458;18-8-2020;322
10459;19-8-2020;342
10460;20-8-2020;340
10461;21-8-2020;310
10462;22-8-2020;280
10463;23-8-2020;290
10464;24-8-2020;266
10465;25-8-2020;296
10466;26-8-2020;299
10467;27-8-2020;252
10468;28-8-2020;272
10469;29-8-2020;248
10470;30-8-2020;246
10471;31-8-2020;267
10472;1-9-2020;262
10473;2-9-2020;259
10474;3-9-2020;275
10475;4-9-2020;292
10476;5-9-2020;286
10477;6-9-2020;250
10478;7-9-2020;255
10479;8-9-2020;267
10480;9-9-2020;274
10481;10-9-2020;249
10482;11-9-2020;297
10483;12-9-2020;247
10484;13-9-2020;236
10485;14-9-2020;275
10486;15-9-2020;332
10487;16-9-2020;302
10488;17-9-2020;274
10489;18-9-2020;281
10490;19-9-2020;274
10491;20-9-2020;266
10492;21-9-2020;250
10493;22-9-2020;272
10494;23-9-2020;294
10495;24-9-2020;281
10496;25-9-2020;289
10497;26-9-2020;288
10498;27-9-2020;242
10499;28-9-2020;297
10500;29-9-2020;281
10501;30-9-2020;242
10502;1-10-2020;292
10503;2-10-2020;268
10504;3-10-2020;259
10505;4-10-2020;281
10506;5-10-2020;274
10507;6-10-2020;302
10508;7-10-2020;279
10509;8-10-2020;310
10510;9-10-2020;296
10511;10-10-2020;279
10512;11-10-2020;320
10513;12-10-2020;293
10514;13-10-2020;331
10515;14-10-2020;290
10516;15-10-2020;293
10517;16-10-2020;342
10518;17-10-2020;301
10519;18-10-2020;307
10520;19-10-2020;317
10521;20-10-2020;349
10522;21-10-2020;386
10523;22-10-2020;374
10524;23-10-2020;408
10525;24-10-2020;398
10526;25-10-2020;397
10527;26-10-2020;433
10528;27-10-2020;478
10529;28-10-2020;452
10530;29-10-2020;435
10531;30-10-2020;505
10532;31-10-2020;503
10533;1-11-2020;476
10534;2-11-2020;518
10535;3-11-2020;536
10536;4-11-2020;502
10537;5-11-2020;500
10538;6-11-2020;565
10539;7-11-2020;561
10540;8-11-2020;507
10541;9-11-2020;529
10542;10-11-2020;548
10543;11-11-2020;483
10544;12-11-2020;466
10545;13-11-2020;496
10546;14-11-2020;471
10547;15-11-2020;439
10548;16-11-2020;498
10549;17-11-2020;483
10550;18-11-2020;461
10551;19-11-2020;445
10552;20-11-2020;462
10553;21-11-2020;452
10554;22-11-2020;378
10555;23-11-2020;429
10556;24-11-2020;412
10557;25-11-2020;425
10558;26-11-2020;439
10559;27-11-2020;413
10560;28-11-2020;414
10561;29-11-2020;361
10562;30-11-2020;366
10563;1-12-2020;396
10564;2-12-2020;411
10565;3-12-2020;387
10566;4-12-2020;419
10567;5-12-2020;378
10568;6-12-2020;347
10569;7-12-2020;422
10570;8-12-2020;397
10571;9-12-2020;390
10572;10-12-2020;371
10573;11-12-2020;437
10574;12-12-2020;398
10575;13-12-2020;365
10576;14-12-2020;396
10577;15-12-2020;436
10578;16-12-2020;387
10579;17-12-2020;397
10580;18-12-2020;390
10581;19-12-2020;377
10582;20-12-2020;353
10583;21-12-2020;365
10584;22-12-2020;423
10585;23-12-2020;407
10586;24-12-2020;392
10587;25-12-2020;357
10588;26-12-2020;323
10589;27-12-2020;350
10590;28-12-2020;385
10591;29-12-2020;381
10592;30-12-2020;337
10593;31-12-2020;369
10594;1-1-2021;340
10595;2-1-2021;309
10596;3-1-2021;320
10597;4-1-2021;339
10598;5-1-2021;363
10599;6-1-2021;359
10600;7-1-2021;368
10601;8-1-2021;382
10602;9-1-2021;332
10603;10-1-2021;323
10604;11-1-2021;370
10605;12-1-2021;367
10606;13-1-2021;350
10607;14-1-2021;340
10608;15-1-2021;335
10609;16-1-2021;341
10610;17-1-2021;293
10611;18-1-2021;354
10612;19-1-2021;376
10613;20-1-2021;362
10614;21-1-2021;355
10615;22-1-2021;352
10616;23-1-2021;345
10617;24-1-2021;293
10618;25-1-2021;326
10619;26-1-2021;346
10620;27-1-2021;347
10621;28-1-2021;364
10622;29-1-2021;369
10623;30-1-2021;336
10624;31-1-2021;342
10625;1-2-2021;310
10626;2-2-2021;366
10627;3-2-2021;283
10628;4-2-2021;329
10629;5-2-2021;331
10630;6-2-2021;348
10631;7-2-2021;308
10632;8-2-2021;287
10633;9-2-2021;311
10634;10-2-2021;290
10635;11-2-2021;339
10636;12-2-2021;329
10637;13-2-2021;335
10638;14-2-2021;333
10639;15-2-2021;337
10640;16-2-2021;334
10641;17-2-2021;326
10642;18-2-2021;336
10643;19-2-2021;346
10644;20-2-2021;334
10645;21-2-2021;303
10646;22-2-2021;271
10647;23-2-2021;329
10648;24-2-2021;331
10649;25-2-2021;302
10650;26-2-2021;289
10651;27-2-2021;306
10652;28-2-2021;309
10653;1-3-2021;276
10654;2-3-2021;304
10655;3-3-2021;287
10656;4-3-2021;288
10657;5-3-2021;292
10658;6-3-2021;300
10659;7-3-2021;268
10660;8-3-2021;310
10661;9-3-2021;323
10662;10-3-2021;293
10663;11-3-2021;320
10664;12-3-2021;311
10665;13-3-2021;325
10666;14-3-2021;273
10667;15-3-2021;293
10668;16-3-2021;320
10669;17-3-2021;291
10670;18-3-2021;280
10671;19-3-2021;339
10672;20-3-2021;273
10673;21-3-2021;305
10674;22-3-2021;303
10675;23-3-2021;299
10676;24-3-2021;304
10677;25-3-2021;288
10678;26-3-2021;298
10679;27-3-2021;320
10680;28-3-2021;303
10681;29-3-2021;313
10682;30-3-2021;317
10683;31-3-2021;333
10684;1-4-2021;323
10685;2-4-2021;339
10686;3-4-2021;314
10687;4-4-2021;278
10688;5-4-2021;295
10689;6-4-2021;340
10690;7-4-2021;307
10691;8-4-2021;328
10692;9-4-2021;341
10693;10-4-2021;329
10694;11-4-2021;265
10695;12-4-2021;322
10696;13-4-2021;311
10697;14-4-2021;327
10698;15-4-2021;306
10699;16-4-2021;287
10700;17-4-2021;298
10701;18-4-2021;314
10702;19-4-2021;325
10703;20-4-2021;304
10704;21-4-2021;332
10705;22-4-2021;310
10706;23-4-2021;328
10707;24-4-2021;303
10708;25-4-2021;309
10709;26-4-2021;324
10710;27-4-2021;329
10711;28-4-2021;349
10712;29-4-2021;317
10713;30-4-2021;314
10714;1-5-2021;302
10715;2-5-2021;266
10716;3-5-2021;295
10717;4-5-2021;305
10718;5-5-2021;361
10719;6-5-2021;313
10720;7-5-2021;327
10721;8-5-2021;321
10722;9-5-2021;329
10723;10-5-2021;309
10724;11-5-2021;288
10725;12-5-2021;308
10726;13-5-2021;309
10727;14-5-2021;310
10728;15-5-2021;293
10729;16-5-2021;259
10730;17-5-2021;276
10731;18-5-2021;309
10732;19-5-2021;312
10733;20-5-2021;282
10734;21-5-2021;317
10735;22-5-2021;275
10736;23-5-2021;256
10737;24-5-2021;276
10738;25-5-2021;290
10739;26-5-2021;292
10740;27-5-2021;293
10741;28-5-2021;295
10742;29-5-2021;268
10743;30-5-2021;281
10744;31-5-2021;284
10745;1-6-2021;272
10746;2-6-2021;303
10747;3-6-2021;304
10748;4-6-2021;311
10749;5-6-2021;274
10750;6-6-2021;244
10751;7-6-2021;264
10752;8-6-2021;264
10753;9-6-2021;270
10754;10-6-2021;304
10755;11-6-2021;298
10756;12-6-2021;257
10757;13-6-2021;221
10758;14-6-2021;260
10759;15-6-2021;270
10760;16-6-2021;293
10761;17-6-2021;270
10762;18-6-2021;322
10763;19-6-2021;298
10764;20-6-2021;251
10765;21-6-2021;256
10766;22-6-2021;257
10767;23-6-2021;258
10768;24-6-2021;290
10769;25-6-2021;241
10770;26-6-2021;256
10771;27-6-2021;222
10772;28-6-2021;250
10773;29-6-2021;287
10774;30-6-2021;283
10775;1-7-2021;259
10776;2-7-2021;300
10777;3-7-2021;288
10778;4-7-2021;261
10779;5-7-2021;220
10780;6-7-2021;282
10781;7-7-2021;261
10782;8-7-2021;264
10783;9-7-2021;274
10784;10-7-2021;293
10785;11-7-2021;235
10786;12-7-2021;263
10787;13-7-2021;283
10788;14-7-2021;226
10789;15-7-2021;270
10790;16-7-2021;315
10791;17-7-2021;266
10792;18-7-2021;283
10793;19-7-2021;270
10794;20-7-2021;290
10795;21-7-2021;281
10796;22-7-2021;298
10797;23-7-2021;316
10798;24-7-2021;272
10799;25-7-2021;272
10800;26-7-2021;289
10801;27-7-2021;264
10802;28-7-2021;244
10803;29-7-2021;295
10804;30-7-2021;261
10805;31-7-2021;272
10806;1-8-2021;265
10807;2-8-2021;274
10808;3-8-2021;300
10809;4-8-2021;231
10810;5-8-2021;279
10811;6-8-2021;274
10812;7-8-2021;279
10813;8-8-2021;240
10814;9-8-2021;257
10815;10-8-2021;285
10816;11-8-2021;285
10817;12-8-2021;258
10818;13-8-2021;298
10819;14-8-2021;243
10820;15-8-2021;264
10821;16-8-2021;248
10822;17-8-2021;252
10823;18-8-2021;270
10824;19-8-2021;279
10825;20-8-2021;291
10826;21-8-2021;265
10827;22-8-2021;235
10828;23-8-2021;305
10829;24-8-2021;247
10830;25-8-2021;287
10831;26-8-2021;263
10832;27-8-2021;261
10833;28-8-2021;231
10834;29-8-2021;267
10835;30-8-2021;260
10836;31-8-2021;281
10837;1-9-2021;252
10838;2-9-2021;295
10839;3-9-2021;314
10840;4-9-2021;268
10841;5-9-2021;284
10842;6-9-2021;271
10843;7-9-2021;288
10844;8-9-2021;289
10845;9-9-2021;305
10846;10-9-2021;309
10847;11-9-2021;284
10848;12-9-2021;266
10849;13-9-2021;270
10850;14-9-2021;253
10851;15-9-2021;268
10852;16-9-2021;288
10853;17-9-2021;303
10854;18-9-2021;277
10855;19-9-2021;236
10856;20-9-2021;272
10857;21-9-2021;267
10858;22-9-2021;250
10859;23-9-2021;290
10860;24-9-2021;275
10861;25-9-2021;265
10862;26-9-2021;266
10863;27-9-2021;257
10864;28-9-2021;267
10865;29-9-2021;279
10866;30-9-2021;301
10867;1-10-2021;286
10868;2-10-2021;271
10869;3-10-2021;278
10870;4-10-2021;273
10871;5-10-2021;272
10872;6-10-2021;311
10873;7-10-2021;316
10874;8-10-2021;286
10875;9-10-2021;301
10876;10-10-2021;295
10877;11-10-2021;304
10878;12-10-2021;311
10879;13-10-2021;305
10880;14-10-2021;330
10881;15-10-2021;348
10882;16-10-2021;309
10883;17-10-2021;314
10884;18-10-2021;335
10885;19-10-2021;336
10886;20-10-2021;373
10887;21-10-2021;338
10888;22-10-2021;311
10889;23-10-2021;338
10890;24-10-2021;304
10891;25-10-2021;296
10892;26-10-2021;360
10893;27-10-2021;302
10894;28-10-2021;350
10895;29-10-2021;359
10896;30-10-2021;333
10897;31-10-2021;327
10898;1-11-2021;297
10899;2-11-2021;297
10900;3-11-2021;322
10901;4-11-2021;351
10902;5-11-2021;369
10903;6-11-2021;346
10904;7-11-2021;294
10905;8-11-2021;323
10906;9-11-2021;307
10907;10-11-2021;369
10908;11-11-2021;365
10909;12-11-2021;360
10910;13-11-2021;310
10911;14-11-2021;348
10912;15-11-2021;337
10913;16-11-2021;335
10914;17-11-2021;341
10915;18-11-2021;355
10916;19-11-2021;368
10917;20-11-2021;350
10918;21-11-2021;311
10919;22-11-2021;317
10920;23-11-2021;347
10921;24-11-2021;356
10922;25-11-2021;359
10923;26-11-2021;364
10924;27-11-2021;359
10925;28-11-2021;383
10926;29-11-2021;376
10927;30-11-2021;388
10928;1-12-2021;396
10929;2-12-2021;376
10930;3-12-2021;426
10931;4-12-2021;386
10932;5-12-2021;380
10933;6-12-2021;394
10934;7-12-2021;390
10935;8-12-2021;386
10936;9-12-2021;365
10937;10-12-2021;376
10938;11-12-2021;349
10939;12-12-2021;344
10940;13-12-2021;377
10941;14-12-2021;357
10942;15-12-2021;385
10943;16-12-2021;345
10944;17-12-2021;359
10945;18-12-2021;345
10946;19-12-2021;366
10947;20-12-2021;367
10948;21-12-2021;340
10949;22-12-2021;357
10950;23-12-2021;375
10951;24-12-2021;352
10952;25-12-2021;338
10953;26-12-2021;302
10954;27-12-2021;352
10955;28-12-2021;367
10956;29-12-2021;339
10957;30-12-2021;393
10958;31-12-2021;363
10959;1-1-2022;330
10960;2-1-2022;304
10961;3-1-2022;357
10962;4-1-2022;334
10963;5-1-2022;329
10964;6-1-2022;353
10965;7-1-2022;369
10966;8-1-2022;305
10967;9-1-2022;312
10968;10-1-2022;307
10969;11-1-2022;335
10970;12-1-2022;331
10971;13-1-2022;339
10972;14-1-2022;302
10973;15-1-2022;295
10974;16-1-2022;311
10975;17-1-2022;358
10976;18-1-2022;355
10977;19-1-2022;326
10978;20-1-2022;323
10979;21-1-2022;352
10980;22-1-2022;324
10981;23-1-2022;318
10982;24-1-2022;343
10983;25-1-2022;371
10984;26-1-2022;371
10985;27-1-2022;361
10986;28-1-2022;406
10987;29-1-2022;335
10988;30-1-2022;341
10989;31-1-2022;355
10990;1-2-2022;375
10991;2-2-2022;383
10992;3-2-2022;409
10993;4-2-2022;411
10994;5-2-2022;346
10995;6-2-2022;350
10996;7-2-2022;346
10997;8-2-2022;378
10998;9-2-2022;367
10999;10-2-2022;383
11000;11-2-2022;370
11001;12-2-2022;363
11002;13-2-2022;347
11003;14-2-2022;366
11004;15-2-2022;367
11005;16-2-2022;364
11006;17-2-2022;365
11007;18-2-2022;352
11008;19-2-2022;322
11009;20-2-2022;309
11010;21-2-2022;309
11011;22-2-2022;355
11012;23-2-2022;310
11013;24-2-2022;342
11014;25-2-2022;325
11015;26-2-2022;320
11016;27-2-2022;332
11017;28-2-2022;281
11018;1-3-2022;277
11019;2-3-2022;322
11020;3-3-2022;323
11021;4-3-2022;359
11022;5-3-2022;313
11023;6-3-2022;288
11024;7-3-2022;318
11025;8-3-2022;342
11026;9-3-2022;369
11027;10-3-2022;332
11028;11-3-2022;388
11029;12-3-2022;339
11030;13-3-2022;324
11031;14-3-2022;356
11032;15-3-2022;360
11033;16-3-2022;337
11034;17-3-2022;358
11035;18-3-2022;333
11036;19-3-2022;327
11037;20-3-2022;316
11038;21-3-2022;344
11039;22-3-2022;364
11040;23-3-2022;376
11041;24-3-2022;325
11042;25-3-2022;331
11043;26-3-2022;351
11044;27-3-2022;306
11045;28-3-2022;354
11046;29-3-2022;385
11047;30-3-2022;341
11048;31-3-2022;361
11049;1-4-2022;366
11050;2-4-2022;340
11051;3-4-2022;358
11052;4-4-2022;328
11053;5-4-2022;364
11054;6-4-2022;389
11055;7-4-2022;385
11056;8-4-2022;395
11057;9-4-2022;329
11058;10-4-2022;350
11059;11-4-2022;313
11060;12-4-2022;378
11061;13-4-2022;345
11062;14-4-2022;367
11063;15-4-2022;366
11064;16-4-2022;363
11065;17-4-2022;307
11066;18-4-2022;290
11067;19-4-2022;347
11068;20-4-2022;361
11069;21-4-2022;329
11070;22-4-2022;346
11071;23-4-2022;336
11072;24-4-2022;328
11073;25-4-2022;291
11074;26-4-2022;324
11075;27-4-2022;336
11076;28-4-2022;331
11077;29-4-2022;326
11078;30-4-2022;322
11079;1-5-2022;272
11080;2-5-2022;331
11081;3-5-2022;305
11082;4-5-2022;346
11083;5-5-2022;315
11084;6-5-2022;334
11085;7-5-2022;313
11086;8-5-2022;297
11087;9-5-2022;305
11088;10-5-2022;306
11089;11-5-2022;306
11090;12-5-2022;290
11091;13-5-2022;262
11092;14-5-2022;310
11093;15-5-2022;276
11094;16-5-2022;293
11095;17-5-2022;345
11096;18-5-2022;290
11097;19-5-2022;351
11098;20-5-2022;286
11099;21-5-2022;289
11100;22-5-2022;236
11101;23-5-2022;290
11102;24-5-2022;277
11103;25-5-2022;260
11104;26-5-2022;263
11105;27-5-2022;308
11106;28-5-2022;268
11107;29-5-2022;251
11108;30-5-2022;287
11109;31-5-2022;275
11110;1-6-2022;275
11111;2-6-2022;291
11112;3-6-2022;329
11113;4-6-2022;292
11114;5-6-2022;291
11115;6-6-2022;257
11116;7-6-2022;281
11117;8-6-2022;276
11118;9-6-2022;302
11119;10-6-2022;295
11120;11-6-2022;283
11121;12-6-2022;238
11122;13-6-2022;267
11123;14-6-2022;314
11124;15-6-2022;304
11125;16-6-2022;299
11126;17-6-2022;308
11127;18-6-2022;329
11128;19-6-2022;286
11129;20-6-2022;278
11130;21-6-2022;271
11131;22-6-2022;302
11132;23-6-2022;288
11133;24-6-2022;316
11134;25-6-2022;293
11135;26-6-2022;276
11136;27-6-2022;281
11137;28-6-2022;277
11138;29-6-2022;313
11139;30-6-2022;314
11140;1-7-2022;254
11141;2-7-2022;278
11142;3-7-2022;238
11143;4-7-2022;284
11144;5-7-2022;303
11145;6-7-2022;275
11146;7-7-2022;285
11147;8-7-2022;317
11148;9-7-2022;297
11149;10-7-2022;267
11150;11-7-2022;278
11151;12-7-2022;298
11152;13-7-2022;319
11153;14-7-2022;312
11154;15-7-2022;277
11155;16-7-2022;289
11156;17-7-2022;278
11157;18-7-2022;299
11158;19-7-2022;330
11159;20-7-2022;330
11160;21-7-2022;298
11161;22-7-2022;304
11162;23-7-2022;294
11163;24-7-2022;288
11164;25-7-2022;300
11165;26-7-2022;326
11166;27-7-2022;275
11167;28-7-2022;259
11168;29-7-2022;303
11169;30-7-2022;264
11170;31-7-2022;285
11171;1-8-2022;296
11172;2-8-2022;304
11173;3-8-2022;310
11174;4-8-2022;343
11175;5-8-2022;284
11176;6-8-2022;246
11177;7-8-2022;277
11178;8-8-2022;302
11179;9-8-2022;311
11180;10-8-2022;317
11181;11-8-2022;300
11182;12-8-2022;272
11183;13-8-2022;307
11184;14-8-2022;333
11185;15-8-2022;283
11186;16-8-2022;311
11187;17-8-2022;319
11188;18-8-2022;312
11189;19-8-2022;330
11190;20-8-2022;281
11191;21-8-2022;266
11192;22-8-2022;318
11193;23-8-2022;296
11194;24-8-2022;303
11195;25-8-2022;332
11196;26-8-2022;294
11197;27-8-2022;258
11198;28-8-2022;269
11199;29-8-2022;285
11200;30-8-2022;277
11201;31-8-2022;260
11202;1-9-2022;289
11203;2-9-2022;301
11204;3-9-2022;293
11205;4-9-2022;278
11206;5-9-2022;306
11207;6-9-2022;280
11208;7-9-2022;276
11209;8-9-2022;298
11210;9-9-2022;294
11211;10-9-2022;278
11212;11-9-2022;264
11213;12-9-2022;262
11214;13-9-2022;291
11215;14-9-2022;303
11216;15-9-2022;271
11217;16-9-2022;277
11218;17-9-2022;259
11219;18-9-2022;239
11220;19-9-2022;253
11221;20-9-2022;301
11222;21-9-2022;297
11223;22-9-2022;311
11224;23-9-2022;298
11225;24-9-2022;293
11226;25-9-2022;287
11227;26-9-2022;262
11228;27-9-2022;304
11229;28-9-2022;308
11230;29-9-2022;321
11231;30-9-2022;319
11232;1-10-2022;306
11233;2-10-2022;266
11234;3-10-2022;307
11235;4-10-2022;319
11236;5-10-2022;328
11237;6-10-2022;278
11238;7-10-2022;329
11239;8-10-2022;335
11240;9-10-2022;321
11241;10-10-2022;298
11242;11-10-2022;361
11243;12-10-2022;313
11244;13-10-2022;314
11245;14-10-2022;309
11246;15-10-2022;346
11247;16-10-2022;274
11248;17-10-2022;291
11249;18-10-2022;349
11250;19-10-2022;322
11251;20-10-2022;324
11252;21-10-2022;311
11253;22-10-2022;322
11254;23-10-2022;279
11255;24-10-2022;314
11256;25-10-2022;327
11257;26-10-2022;313
11258;27-10-2022;297
11259;28-10-2022;330
11260;29-10-2022;304
11261;30-10-2022;281
11262;31-10-2022;278
11263;1-11-2022;268
11264;2-11-2022;273
11265;3-11-2022;311
11266;4-11-2022;323
11267;5-11-2022;288
11268;6-11-2022;261
11269;7-11-2022;307
11270;8-11-2022;289
11271;9-11-2022;289
11272;10-11-2022;336
11273;11-11-2022;297
11274;12-11-2022;270
11275;13-11-2022;263
11276;14-11-2022;282
11277;15-11-2022;324
11278;16-11-2022;314
11279;17-11-2022;279
11280;18-11-2022;310
11281;19-11-2022;278
11282;20-11-2022;283
11283;21-11-2022;293
11284;22-11-2022;330
11285;23-11-2022;340
11286;24-11-2022;308
11287;25-11-2022;337
11288;26-11-2022;303
11289;27-11-2022;298
11290;28-11-2022;313
11291;29-11-2022;305
11292;30-11-2022;338
11293;1-12-2022;331
11294;2-12-2022;301
11295;3-12-2022;336
11296;4-12-2022;317
11297;5-12-2022;324
11298;6-12-2022;320
11299;7-12-2022;403
11300;8-12-2022;377
11301;9-12-2022;348
11302;10-12-2022;351
11303;11-12-2022;374
11304;12-12-2022;370
11305;13-12-2022;346
11306;14-12-2022;375
11307;15-12-2022;414
11308;16-12-2022;384
11309;17-12-2022;377
11310;18-12-2022;366
11311;19-12-2022;405
11312;20-12-2022;460
11313;21-12-2022;416
11314;22-12-2022;461
11315;23-12-2022;464
11316;24-12-2022;443
11317;25-12-2022;390
11318;26-12-2022;419
11319;27-12-2022;399
11320;28-12-2022;420
11321;29-12-2022;411
11322;30-12-2022;412
11323;31-12-2022;406
